strategy,day_index,release_hour,start_slot,inherited_actual_soc_kwh,downward_kwh,upward_kwh,downward_cost_yuan,upward_cost_yuan,expected_keep_emergency_cost_yuan,expected_revised_emergency_cost_yuan,expected_gross_saving_yuan,applied
S1,0,6,36,1200.0,0.0,52090.95185156855,0.0,55483.831370209446,207239.33903170924,0.0,207239.33903170924,True
S1,1,6,36,10598.60153740741,23.698213288031866,50.881233914008135,4.989230849090111,59.24743671035092,354.94748778393677,0.0,354.94748778393677,True
S1,2,6,36,10800.0,4404.937978453617,2.1827872842550278e-11,1114.774070577789,2.816123014781624e-11,0.0,0.0,0.0,True
S1,3,6,36,10146.291089999999,201.91413694319158,431.77368436701363,41.14691299107074,446.82099726720423,2085.603876999947,1.1558611845430276e-12,2085.6038769999454,True
S1,4,6,36,3600.63866740741,0.0,27756.519608139497,0.0,32603.782389299125,132652.181814107,0.0,132652.181814107,True
S1,5,6,36,10731.296419259259,0.0,701.9434435276936,0.0,993.2409694201673,3363.626261773956,3.9653968997299674e-12,3363.6262617739517,True
S1,6,6,36,10781.178074074074,49.52785159665575,4095.063186457848,10.066164378235419,4391.966223551082,24330.515685319515,1.1103111319243908e-11,24330.515685319504,True
S1,7,6,36,10375.821977037036,0.0,692.6020050082757,0.0,949.4744752910045,3149.711164812683,0.0,3149.711164812683,True
S1,8,6,36,10606.446736481486,29.16150899209333,715.6974930107057,5.926857991329296,878.4335455806922,4590.726541904753,0.0,4590.726541904753,True
S1,9,6,36,10066.629323333333,91.40596132533005,0.0,18.62709166608133,0.0,0.0,0.0,0.0,True
S1,10,6,36,10065.239314074075,71.68883989030735,1000.8094407171632,14.609053640594562,1044.8531137888579,6002.360953982916,1.0424514584883581e-12,6002.360953982915,True
S1,11,6,36,10800.0,76.66311315378903,2360.700333770505,15.581202775229071,2905.018849442305,11919.084393859057,0.0,11919.084393859057,True
S1,12,6,36,10800.0,0.0,99.14922213538796,0.0,93.1452639551073,496.51944044004375,0.0,496.51944044004375,True
S1,13,6,36,10309.882925370372,0.0,1147.0204780478848,0.0,1374.3362250476182,6484.318209882038,5.592823981714901e-13,6484.318209882037,True
S1,14,6,36,10800.0,259.2148508132135,3637.2733193065396,52.68347431640507,3961.213105412692,22134.456373470384,0.0,22134.456373470384,True
S1,15,6,36,10770.353055555555,0.0,3700.8304399147046,0.0,4481.640020070859,20944.162829849738,5.551555659621954e-12,20944.16282984973,True
S1,16,6,36,10193.260564814815,0.0,75.6487978369779,0.0,94.24592196403898,292.2450794145209,0.0,292.2450794145209,True
S1,17,6,36,10168.93312962963,0.0,139.0343397368738,0.0,172.5642301248189,721.984560345886,0.0,721.984560345886,True
S1,18,6,36,10800.0,258.41799382432237,1181.4072142981133,55.11074155504229,1143.1137414173104,6644.13485315436,0.0,6644.13485315436,True
S1,19,6,36,10778.118101851853,59.676356499659164,989.596542422425,12.726699914843419,1106.7808631190537,5942.130926032071,0.0,5942.130926032071,True
S1,20,6,36,10738.854888888889,0.0,646.0958973350121,0.0,882.6797860787393,3019.8192587725334,0.0,3019.8192587725334,True
S1,21,6,36,10800.0,37.34672908330913,281.42253596683156,7.590442585784995,408.11326017684127,1417.8231431782715,0.0,1417.8231431782715,True
S1,22,6,36,10800.0,23.938051085603206,1397.1691881730294,5.105076961499637,1971.7733712274658,6751.7854796951115,0.0,6751.7854796951115,True
S1,23,6,36,9560.917169753082,259.7114810230165,4.547473508864641e-13,55.32542406419201,7.934858103908483e-13,0.0,0.0,0.0,True
S1,24,6,36,9739.671017654317,47.642075756112376,3656.4710038560033,10.149023963525265,2647.639926717963,20342.99172692407,0.0,20342.99172692407,True
S1,25,6,36,10750.150185185184,0.0,787.3803628007754,0.0,1101.4262005135072,3831.0476711866318,0.0,3831.0476711866318,True
S1,26,6,36,10800.0,12.952753956804486,3164.9298085681257,2.6325500960663195,3466.589481080414,19255.402646190683,2.1413143258541823e-11,19255.40264619066,True
S1,27,6,36,10622.454559938267,121.9317232711968,499.3583765316749,24.78170826695224,655.9882230521082,2859.6161723811874,0.0,2859.6161723811874,True
S1,28,6,36,9862.593067901234,106.50190272393434,3601.5108327933867,21.64571296436651,3976.712192286658,21046.472220148193,0.0,21046.472220148193,True
S1,29,6,36,10766.611944444443,55.22621493301733,4174.251027807773,11.22431398852399,4356.777650359558,24730.878600256947,4.0447048377245666e-11,24730.878600256907,True
S1,30,6,36,9625.182092592593,294.68985221819366,1919.516394932296,60.05313888440126,1280.8884915611814,10290.235775762249,0.0,10290.235775762249,True
S1,31,6,36,9642.039444444445,673.9130604185314,5.684341886080802e-14,137.3328409807638,1.15022658064845e-13,0.0,0.0,0.0,True
S1,32,6,36,10731.87053032302,787.2627024396675,0.0,160.00523980059418,0.0,0.0,0.0,0.0,True
S1,33,6,36,10800.0,638.4074494044078,0.0,129.75152603557535,0.0,0.0,0.0,0.0,True
S1,34,6,36,10800.0,1094.068577487585,2.2737367544323206e-13,222.3612328600205,3.091713551839348e-13,0.0,0.0,0.0,True
S1,35,6,36,10800.0,689.7368407949152,0.0,140.18383986526055,0.0,0.0,0.0,0.0,True
S1,36,6,36,10800.0,892.8258539115565,0.0,181.4601586136197,0.0,0.0,0.0,0.0,True
S1,37,6,36,9733.330237199456,734.6899248020683,2.8421709430404007e-13,156.46928791635136,5.307668970999657e-13,0.0,0.0,0.0,True
S1,38,6,36,8671.559308043918,462.2501556797024,5.684341886080802e-14,98.4715261180595,1.0424514584883581e-13,0.0,0.0,0.0,True
S1,39,6,36,10800.0,490.50259792056715,129.23131642524106,104.60557140789959,133.51927080620146,774.6480975639007,0.0,774.6480975639007,True
S1,40,6,36,9876.344350623242,220.99814822275584,0.0,47.13050995638715,0.0,0.0,0.0,0.0,True
S1,41,6,36,9922.781959522852,572.209483138082,0.0,122.03054622428571,0.0,0.0,0.0,0.0,True
S1,42,6,36,10108.18751501884,538.639396207841,0.0,113.86236057064886,0.0,0.0,0.0,0.0,True
S1,43,6,36,9914.944389223965,304.38867508384817,2.2737367544323206e-13,64.3443708722817,4.1698058339534324e-13,0.0,0.0,0.0,True
S1,44,6,36,8434.632340673952,202.91874848996463,176.1198564830343,42.78746310657094,202.07343113142625,1076.6206826805962,6.254708750930149e-12,1076.6206826805899,True
S1,45,6,36,7132.491265502065,102.55570174270497,5.684341886080802e-14,21.600190371918384,1.1530403298820604e-13,0.0,0.0,0.0,True
S1,46,6,36,9874.074074074075,122.89143499699048,9.094947017729282e-13,25.968827349926197,1.237094693351537e-12,0.0,0.0,0.0,True
S1,47,6,36,9874.347268015905,394.46708095749113,0.0,83.35688749069706,0.0,0.0,0.0,0.0,True
S1,48,6,36,9860.375725802473,0.0,2412.33022464851,0.0,2301.716731583532,12530.331792902336,0.0,12530.331792902336,True
S1,49,6,36,9781.508408563415,200.34340603967632,0.0,42.335605587712394,0.0,0.0,0.0,0.0,True
S1,50,6,36,9885.33002244669,33.908738557798074,931.7592756898871,7.14589083393469,1140.8347497556954,6451.021557643927,1.9033905118703843e-11,6451.021557643908,True
S1,51,6,36,6529.327626066219,13.079710037834047,24.091565605816356,2.748312682256213,25.11660493701895,130.03041044294966,0.0,130.03041044294966,True
S1,52,6,36,5902.545199276095,73.2898972602801,228.55331034526816,15.399695676653305,266.21998803565657,1372.3860468417113,0.0,1372.3860468417113,True
S1,53,6,36,9877.17712473625,0.0,985.702190349897,0.0,1209.2263337938036,5962.517924403541,2.3792381398379804e-12,5962.517924403538,True
S1,54,6,36,9915.653310886644,408.8872652152289,0.0,86.16845936732867,0.0,0.0,0.0,0.0,True
S1,55,6,36,9831.112284511786,28.377059359829445,489.18056884870657,5.97427739567288,578.205642524057,3080.3875233883805,0.0,3080.3875233883805,True
S1,56,6,36,9869.11363804714,70.9410239185404,1315.0071413993182,14.935351484107688,1062.322092006951,7485.723135264044,1.5068508218973876e-11,7485.723135264028,True
S1,57,6,36,9874.074074074075,263.5469883522661,92.09141542697012,55.48505908401234,94.08705706776526,642.4297140185118,0.0,642.4297140185118,True
S1,58,6,36,5763.168627817064,63.95875989754552,32.21049804791729,13.428668827779621,33.333033904885646,188.11543980797586,0.0,188.11543980797586,True
S1,59,6,36,8598.223577940515,913.4816252976467,1.1368683772161603e-13,193.127316966377,1.3239969121059404e-13,0.0,0.0,0.0,True
S1,60,6,36,9968.343490460156,913.0765803996691,2.2737367544323206e-13,191.6931590214173,1.4462671060755382e-13,0.0,0.0,0.0,True
S1,61,6,36,9916.275925925926,873.8083980914321,0.0,182.83487870445683,0.0,0.0,0.0,0.0,True
S1,62,6,36,9966.329573512907,760.0793625635521,4.4565240386873484e-10,158.76631629677823,2.8343492886051534e-10,0.0,0.0,0.0,True
S1,63,6,36,9890.536700336701,595.0264999801319,0.0,124.84982981574775,0.0,0.0,0.0,0.0,True
S1,64,6,36,9945.84758698092,644.2566458008394,0.0,134.61338298153473,0.0,0.0,0.0,0.0,True
S1,65,6,36,6563.557137805838,804.4236634646868,2.0463630789890885e-12,169.28270736831433,1.3010009070058005e-12,0.0,0.0,0.0,True
S1,66,6,36,5049.960288002248,246.8045248266045,2.8421709430404007e-12,52.32255926324018,3.853745056403568e-12,0.0,0.0,0.0,True
S1,67,6,36,9932.409259259259,482.5059364707854,0.0,98.13402000830564,0.0,0.0,0.0,0.0,True
S1,68,6,36,9893.082188097644,121.80455097552016,788.622600394642,24.896071493075304,972.7887432274154,3716.97325001537,1.3422777556115763e-11,3716.9732500153564,True
S1,69,6,36,9935.664814814814,417.5218332935771,5641.736234410116,85.33879340588695,4446.941240942091,31337.10919667648,2.284345512748587e-11,31337.109196676458,True
S1,70,6,36,9923.561391694726,310.54540743673454,0.0,63.47349588723455,0.0,0.0,0.0,0.0,True
S1,71,6,36,9878.47037037037,236.84750894451122,0.0,48.41011660413571,0.0,0.0,0.0,0.0,True
S1,72,6,36,4836.351158473628,105.72732733308084,135.40921033112238,22.111706789424723,161.76250780659043,668.3121575884226,0.0,668.3121575884226,True
S1,73,6,36,4340.646770134682,11.981386770844608,547.3317784251584,2.5057751660838785,713.3819064735038,3171.137399174365,5.611013875750359e-13,3171.1373991743644,True
S1,74,6,36,9852.681738496072,26.986834269747646,1912.9339991498248,5.515936391294538,1440.959151330563,10725.821023508128,2.1452600584837e-11,10725.821023508106,True
S1,75,6,36,9927.218518518519,145.75872345888007,0.0,29.792151203783593,0.0,0.0,0.0,0.0,True
S1,76,6,36,9927.711111111112,238.31502489309025,0.0,49.87933471012379,0.0,0.0,0.0,0.0,True
S1,77,6,36,9885.061111111112,154.45211498930024,4560.825758223764,31.56902485361524,3923.806761404762,25972.563170496855,4.1633452951828074e-10,25972.56317049644,True
S1,78,6,36,9693.920534410774,46.80715631153771,568.0355306400004,9.796737816004843,649.8625924514139,2873.6528636888356,0.0,2873.6528636888356,True
S1,79,6,36,3389.1964237037023,0.0,555.2844607718862,0.0,658.6623803936058,2115.8212603702623,2.314543223747023e-12,2115.82126037026,True
S1,80,6,36,4164.278621419757,0.0,287.99011771072264,0.0,350.9976316391792,1057.8005711621113,0.0,1057.8005711621113,True
S1,81,6,36,9718.752283052752,0.0,203.81075446058685,0.0,277.9316434170793,872.0139111654094,0.0,872.0139111654094,True
S1,82,6,36,9871.286806397306,0.0,1168.113569622083,0.0,1408.574426683116,6927.3874593695145,0.0,6927.3874593695145,True
S1,83,6,36,9639.88936141414,0.0,260.09922461173176,0.0,353.98151357738203,1088.5081922440436,0.0,1088.5081922440436,True
S1,84,6,36,9794.699732794617,0.0,1060.9787244462586,0.0,1236.3749647312632,5280.674433507709,0.0,5280.674433507709,True
S1,85,6,36,9656.942084921435,98.08354683897164,532.1634886161207,20.487464097970562,659.7142736996722,3712.3724965860574,5.551555659621954e-12,3712.372496586052,True
S1,86,6,36,4289.032877648712,114.51762419339127,0.0,23.87162869275955,0.0,0.0,0.0,0.0,True
S1,87,6,36,3707.1707235521885,151.15941416367167,47.05780102026,31.50974737509865,59.52393056749967,232.2537769354325,1.1222027751500719e-12,232.2537769354314,True
S1,88,6,36,9621.763021989342,0.0,130.81867571888358,0.0,180.61721584558796,557.6097388702881,3.1723175197839737e-12,557.6097388702849,True
S1,89,6,36,9040.420175538726,0.0,8865.940981788679,0.0,7671.896001866733,50535.735068087015,1.0338396805309457e-13,50535.735068087015,True
S1,90,6,36,9298.265313232321,0.0,1649.5797979466288,0.0,1978.4656879167057,9276.49245128026,0.0,9276.49245128026,True
S1,91,6,36,9418.313213670035,0.0,3763.4234866772035,0.0,4136.357769691191,21316.151666247584,1.4506387202573024e-12,21316.151666247584,True
S1,92,6,36,9709.184701111106,0.0,241.15604727323108,0.0,318.61097924079337,934.1391642613762,0.0,934.1391642613762,True
S1,93,6,36,3358.4595153928194,49.6206371776949,5.684341886080802e-14,10.387670012565891,7.990195172169479e-14,0.0,0.0,0.0,True
S1,94,6,36,2746.7247305809524,13.161278144342134,381.52098513516864,2.75520473099601,463.9307620672313,1546.4358735574374,0.0,1546.4358735574374,True
S1,95,6,36,9745.202079883173,0.0,301.80521990910563,0.0,430.31243560801437,1974.8880531873428,0.0,1974.8880531873428,True
S1,96,6,36,8981.894029933925,36.46303084055853,3126.8460857488826,7.650757058991316,3125.4368996987023,19573.33614867607,0.0,19573.33614867607,True
S1,97,6,36,9928.954157779714,57.726639759186355,187.70722343510363,12.112336425368813,266.5436590471688,1309.4455906832711,0.0,1309.4455906832711,True
S1,98,6,36,9891.757631992585,298.1889017827266,5.669683019909485,62.566681722177435,3.4979109391332583,32.03688408496215,0.0,32.03688408496215,True
S1,99,6,36,9785.894816852076,55.78636131335321,1316.9251965073781,11.65252594749784,907.2628660893843,7361.3701937963615,0.0,7361.3701937963615,True
S1,100,6,36,2267.6000717081592,0.0,1799.4431352276713,0.0,2288.0463809174466,7786.610539827016,4.0589611671748574e-12,7786.610539827012,True
S1,101,6,36,2739.704805241532,7.209253156464797,5.684341886080802e-14,1.5091975251794685,1.1530403298820604e-13,0.0,0.0,0.0,True
S1,102,6,36,9935.763642903848,149.49260226854074,0.0,31.366881899484774,0.0,0.0,0.0,0.0,True
S1,103,6,36,9445.030431629124,0.0,355.7560297472794,0.0,449.38741011722516,1296.6618172459557,0.0,1296.6618172459557,True
S1,104,6,36,8769.321854589478,154.68971210879693,2682.801398746783,32.45735144850838,2615.7658739897593,16756.79373846295,2.4585460778325796e-11,16756.793738462926,True
S1,105,6,36,9685.464258363194,77.40900252834768,2014.9087788021068,16.24213508506466,2384.8707133550265,13155.373824416838,0.0,13155.373824416838,True
S1,106,6,36,7530.685702647293,98.04662912009405,4632.316725669955,20.572369398775095,3424.622329174457,25328.312280847607,0.0,25328.312280847607,True
S1,107,6,36,2277.753573277627,31.3339139289277,429.966530868858,6.559495738239786,535.163425226521,1783.8780840883978,0.0,1783.8780840883978,True
S1,108,6,36,2709.791265395714,38.605164744553406,0.0,8.081671960621764,0.0,0.0,0.0,0.0,True
S1,109,6,36,9107.436891033669,0.0,2109.437041666836,0.0,1712.4494554754644,11739.996563814868,3.172317519783974e-11,11739.996563814837,True
S1,110,6,36,9444.666300135521,0.0,415.5575586237011,0.0,528.8669774425198,1523.5815789429992,0.0,1523.5815789429992,True
S1,111,6,36,8994.933780950296,0.0,5036.709683532799,0.0,4578.212023605544,29741.45992186011,0.0,29741.45992186011,True
S1,112,6,36,7029.447644691353,0.0,5084.44372273853,0.0,4583.525468674503,28640.766285591715,4.494378202934968e-13,28640.766285591715,True
S1,113,6,36,8150.336551358018,70.94958409810192,135.7426327552596,14.883139436418528,164.14219139621258,946.9406061006687,0.0,946.9406061006687,True
S1,114,6,36,2074.265023873456,38.50205034119705,126.09271648221207,8.057588179875601,156.52937668004301,521.7645889334741,0.0,521.7645889334741,True
S1,115,6,36,1845.4291490740754,0.0,345.5020070206843,0.0,434.44658815393177,1428.7083573404516,0.0,1428.7083573404516,True
S1,116,6,36,7038.9479288734565,135.34348323383165,2434.6953652086904,28.398081176179854,2231.7966420123284,13478.724203601061,3.1723175197839737e-12,13478.724203601058,True
S1,117,6,36,9807.67703439815,206.55023060265466,1795.576995322429,43.33884480776225,1292.8118010603298,9968.518315930041,0.0,9968.518315930041,True
S1,118,6,36,6629.793611867282,81.76592554722703,570.8693298513786,17.156314701343966,751.3455297929665,3982.3844450431707,0.0,3982.3844450431707,True
S1,119,6,36,5632.811533009257,289.0707703348644,473.24676859820033,60.65349439431688,547.3672699036124,2644.20971300413,1.5454659774150059e-12,2644.209713004129,True
S1,120,6,36,7032.357359598764,171.8778483580175,1485.0003124949953,36.063805758755116,1750.9829071927734,8082.548011901595,2.0268764444608677e-12,8082.548011901593,True
S1,121,6,36,2613.59168359568,0.0,266.69009157897386,0.0,313.5945324972985,984.7461946800395,8.135970119838021e-12,984.7461946800313,True
S1,122,6,36,2367.0060835030877,0.0,177.7899138041786,0.0,202.46360279368582,591.3211680883147,0.0,591.3211680883147,True
S1,123,6,36,9078.885843657406,1.6809641605761954,118.41111255577073,0.34357832687614226,165.52744527977381,826.0359211890709,1.9826984498649836e-11,826.0359211890511,True
S1,124,6,36,9822.98644013889,66.15848771022678,2.2737367544323206e-13,13.52237192055798,1.4355236999108455e-13,0.0,0.0,0.0,True
S1,125,6,36,5760.55251148148,0.0,5521.260980940082,0.0,5268.024746422861,28841.299657508676,1.5861587598919868e-12,28841.299657508676,True
S1,126,6,36,7010.740090370369,0.0,4388.4672854381915,0.0,3929.951594754812,24551.949496068926,8.494794201396872e-12,24551.94949606892,True
S1,127,6,36,9798.709327422837,0.0,387.73231599397815,0.0,627.6426483021983,2486.166425665176,0.0,2486.166425665176,True
S1,128,6,36,2177.338484552468,148.7675871838071,360.78664972582743,31.113103400555854,452.54130860458827,1523.6392189713451,0.0,1523.6392189713451,True
S1,129,6,36,2228.680545477331,0.0,1115.9366887461615,0.0,1495.8213102693296,5769.360267742061,2.8322233447397595e-14,5769.360267742061,True
S1,130,6,36,9429.873040046412,0.0,2566.7496179786667,0.0,2506.127004562166,15114.699823487601,0.0,15114.699823487601,True
S1,131,6,36,5124.807434198147,65.72391266686452,7636.696678791165,13.433547560039331,6635.875610937279,44437.5844588768,1.1041834113711956e-13,44437.5844588768,True
S1,132,6,36,9971.413788249194,0.0,1338.0599238047103,0.0,1789.747845913196,8891.644187664566,0.0,8891.644187664566,True
S1,133,6,36,9274.183472860866,0.0,4358.083404018774,0.0,3049.014738139284,23778.767290253385,2.537854015827179e-11,23778.76729025336,True
S1,134,6,36,7135.246625215525,7.502376725484623,5775.0645424910035,1.5702474486439333,4507.179658250346,32488.51318905037,1.1896190699189901e-11,32488.513189050358,True
S1,135,6,36,1578.7712625941642,1.7053025658242404e-13,289.9466575811019,3.645936885732226e-14,375.1281046831772,1250.4899571141777,0.0,1250.4899571141777,True
S1,136,6,36,1329.8769653747715,0.0,505.8210178300686,0.0,645.5047394407801,2155.1914114293295,0.0,2155.1914114293295,True
S1,137,6,36,9517.249384014716,0.0,700.8077907233975,0.0,1025.1725204150625,4213.097284393434,0.0,4213.097284393434,True
S1,138,6,36,9035.665089929966,96.08975667683501,496.20644619590564,20.11158607246339,600.5819729300177,3461.536168662636,1.4275428839027881e-11,3461.536168662622,True
S1,139,6,36,8368.203971548799,195.4693252534164,4065.8606716873605,39.952680398541034,3228.188214857273,23543.400390818686,7.930793799459934e-13,23543.400390818686,True
S1,140,6,36,5142.717820260785,58.32283171757297,7171.697475508798,11.920813930926528,6553.920909067145,41585.18062599338,4.18420853520729e-13,41585.18062599338,True
S1,141,6,36,7443.564098713115,50.484186854756956,758.989554976806,10.318645035343653,677.3014808771266,4795.240115037673,1.9826984498649836e-11,4795.240115037653,True
S1,142,6,36,1639.2082475342106,21.354653907582588,228.5035601071851,4.469529062857036,298.23555107369396,1024.757104469626,0.0,1024.757104469626,True
S1,143,6,36,1330.075034828632,121.16793687429589,326.3557369199688,25.360449187790223,434.0031784990482,1446.6772616634942,1.8944695812095345e-13,1446.677261663494,True
S1,144,6,36,9080.936039711463,0.0,1574.7126181995782,0.0,1698.8058253330312,9599.091206576186,0.0,9599.091206576186,True
S1,145,6,36,6569.898176678042,0.0,6692.473648439665,0.0,5629.996737045797,36096.17778880637,0.0,36096.17778880637,True
S1,146,6,36,4902.977752594135,37.146358290201874,7513.080825770388,7.7747327901776115,6547.882523197824,43511.69013284045,3.1723175197839737e-12,43511.69013284045,True
S1,147,6,36,9391.298909618603,85.12352513759282,884.1737879743546,17.816353811298182,1043.4414311751352,5968.045343686389,2.3792381398379804e-12,5968.045343686386,True
S1,148,6,36,9116.610525825265,0.0,7816.868293723902,0.0,6459.93261392126,44101.30016811445,0.0,44101.30016811445,True
S1,149,6,36,1853.1425072941202,23.94991353117132,491.3858458782225,5.012716902074158,666.3270776803147,2830.184663032813,0.0,2830.184663032813,True
S1,150,6,36,2305.797128553745,0.0,0.5371748819556501,0.0,0.3372921083799527,0.0,0.0,0.0,True
S1,151,6,36,8485.785228083116,0.0,2064.6604456942323,0.0,2490.028728858767,9700.753626107957,0.0,9700.753626107957,True
S1,152,6,36,8338.836256715638,0.0,824.4968890480948,0.0,1093.264382881259,4151.633430543932,0.0,4151.633430543932,True
S1,153,6,36,8390.540914797415,0.0,7200.8520069036,0.0,8345.941491630929,40043.1492776562,9.787441968001077e-13,40043.1492776562,True
S1,154,6,36,7869.384748242682,0.0,1200.3242913304134,0.0,1681.4983717111566,5879.559404301818,1.9152821550960654e-12,5879.559404301816,True
S1,155,6,36,8023.675977641645,0.0,6760.248142484044,0.0,8061.25511809554,37050.78479108274,2.3792381398379804e-12,37050.78479108274,True
S1,156,6,36,1212.184316845076,0.0,1769.1526053234325,0.0,2277.7325020472053,7592.441673490683,5.611013875750359e-13,7592.441673490682,True
S1,157,6,36,3120.6726813447035,0.0,1109.4584538739919,0.0,1499.1351624100623,5347.310028912205,0.0,5347.310028912205,True
S1,158,6,36,9321.560972987054,34.41324726435437,2106.0600732319117,7.0338477284692065,2201.7602345675004,13117.849854569846,6.144829512777505e-09,13117.849854563701,True
S1,159,6,36,8856.090716806122,0.0,492.4461391841681,0.0,646.3265019822619,2188.6893009193313,0.0,2188.6893009193313,True
S1,160,6,36,8987.965223859836,0.0,2389.996494444826,0.0,2782.301223629219,13234.587379277458,0.0,13234.587379277458,True
S1,161,6,36,9374.419055486325,97.9403417081628,2032.0835794269688,20.018379688561176,2392.50107836079,9246.914857568047,1.5380265949715976e-12,9246.914857568045,True
S1,162,6,36,9350.500473793263,88.62556407418356,892.5560455049003,18.11449869183121,767.6715640003681,5324.163344234406,0.0,5324.163344234406,True
S1,163,6,36,2382.633539510604,0.0,1050.7305760714726,0.0,1271.3269350053931,4330.209702909359,4.78960648919724e-12,4330.209702909355,True
S1,164,6,36,1800.9481795819318,171.13987369910518,576.8547858553279,34.97989604497718,725.3232458588038,2417.779156290959,6.223643822522718e-13,2417.7791562909583,True
S1,165,6,36,10106.652981762065,52.83967470272728,4458.452230479035,10.768214754729396,3386.6254593570493,24893.373285092377,0.0,24893.373285092377,True
S1,166,6,36,9970.955619528619,13.945279824145132,2864.3755658722494,2.9187470671938818,2390.595044290658,15492.78024089058,5.551555659621954e-12,15492.780240890575,True
S1,167,6,36,10093.695686868687,136.14607595459768,3977.843228837081,28.495373697297296,3614.1894088188883,23344.287180516836,3.9653968997299674e-12,23344.287180516832,True
S1,168,6,36,10130.678709034792,165.23997143421082,3747.37288374517,34.58472602118032,3546.949958285724,22417.358629802427,2.062006387859583e-11,22417.358629802406,True
S1,169,6,36,10061.137793490461,0.0,2302.2018506978047,0.0,2616.2438210424916,13808.71313764485,3.9653968997299674e-12,13808.713137644847,True
S1,170,6,36,2605.9340259455685,225.22934725335347,0.0,47.045384413331504,0.0,0.0,0.0,0.0,True
S1,171,6,36,2387.7569906958483,166.48079572767767,2.2737367544323206e-13,34.77412303484487,1.4355236999108455e-13,0.0,0.0,0.0,True
S1,172,6,36,9912.625273698082,118.13372971815875,3393.964480941388,24.675499860684916,3955.412623244911,21113.557756216105,0.0,21113.557756216105,True
S1,173,6,36,10108.193055555555,232.2675515793846,895.6514824014131,48.515508232169374,752.080467747606,5386.527122522548,7.137714419513941e-12,5386.527122522541,True
S1,174,6,36,9947.113423529743,28.55260070356462,655.8859992090536,5.96400110589331,713.208791104736,2736.99251952038,6.501657878743572e-12,2736.9925195203737,True
S1,175,6,36,10128.783796296297,124.17605255835986,1765.7411034516592,25.93760626126,1865.8334047017743,10727.36702426212,2.3792381398379804e-12,10727.367024262117,True
S1,176,6,36,10106.175,320.1206663320975,1359.8100381637214,66.86606337008381,906.9639683938767,7617.15037801474,0.0,7617.15037801474,True
S1,177,6,36,3167.807654231201,72.01408585155264,0.0,15.042135464922211,0.0,0.0,0.0,0.0,True
S1,178,6,36,2463.8980717143672,0.0,288.13616482117465,0.0,297.3189978527558,834.7355375502327,0.0,834.7355375502327,True
S1,179,6,36,9845.577963493271,0.0,4092.4460572662783,0.0,4538.935937073279,25429.2452033759,0.0,25429.2452033759,True
S1,180,6,36,10087.868518518519,140.516820784454,401.42273460512513,29.483562768674776,564.629927873578,2800.324996605363,3.9653968997299674e-12,2800.324996605359,True
S1,181,6,36,6274.50079222222,0.0,15826.591141561497,0.0,18060.693960017135,82464.32227389759,0.0,82464.32227389759,True
S1,182,6,36,4348.601555670605,0.0,15560.661586027285,0.0,16429.497313798347,77912.62497993789,8.535785411822872e-13,77912.62497993789,True
S1,183,6,36,5880.03858654882,1.5205614545266144e-12,17212.375618144517,7.302055848867894e-13,20004.20183910054,87117.00176637492,2.0171960102288722e-11,87117.0017663749,True
S1,184,6,36,1200.0,0.0,6364.854771609937,0.0,8520.077631471477,30896.202446562365,5.551555659621954e-12,30896.202446562358,True
S1,185,6,36,1200.0,0.0,5663.9988331913155,0.0,7531.750126882166,25991.67904071736,0.0,25991.67904071736,True
S1,186,6,36,4854.1158152106655,0.0,22562.898276984837,0.0,24224.418374767105,114650.06734300856,3.9653968997299674e-12,114650.06734300856,True
S1,187,6,36,5370.234440633273,0.0,10688.21681137522,0.0,10900.496286851072,54553.14700893942,0.0,54553.14700893942,True
S1,188,6,36,7948.136575850527,0.0,4594.551575681564,0.0,6007.167303852346,24476.700912566324,3.9653968997299674e-12,24476.70091256632,True
S1,189,6,36,8023.767147472707,0.0,4507.00705744052,0.0,5047.980940859562,23707.105720738902,0.0,23707.105720738902,True
S1,190,6,36,7571.224368305058,0.0,8618.219599080983,0.0,9514.134020280066,47390.698007734274,0.0,47390.698007734274,True
S1,191,6,36,1200.0,0.0,3871.9328386332145,0.0,5143.675394260692,17843.689591104056,3.1723175197839737e-12,17843.689591104052,True
S1,192,6,36,1200.0,0.0,4092.1075065803743,0.0,5503.240141995049,21398.963405265513,0.0,21398.963405265513,True
S1,193,6,36,8521.404975264953,0.0,1390.5999165256508,0.0,1731.762202491059,6585.294162039323,3.9653968997299674e-12,6585.294162039319,True
S1,194,6,36,8691.757977379355,0.0,4068.9988489572393,0.0,4382.986920394511,22890.754753792997,0.0,22890.754753792997,True
S1,195,6,36,10036.193055555555,433.51594401526415,2.2737367544323206e-13,86.19592191707656,1.5676846487622244e-13,0.0,0.0,0.0,True
S1,196,6,36,9920.355499051628,0.0,309.2270995982507,0.0,405.03134994994633,1101.1606242867247,3.9653968997299674e-12,1101.1606242867208,True
S1,197,6,36,9941.9090274523,63.542174477983394,2982.3732859459033,13.299377118241932,3008.1549535754853,18299.987871032754,7.137714419513941e-12,18299.987871032747,True
S1,198,6,36,3155.5198272615066,179.8057390593184,0.0,37.63334118511534,0.0,0.0,0.0,0.0,True
S1,199,6,36,2228.3797557407433,211.56595863662642,6.821210263296962e-13,44.28075514264596,4.3270347305224275e-13,0.0,0.0,0.0,True
S1,200,6,36,10056.574199085298,382.787087107899,1.1368683772161603e-13,80.11733733168337,7.158860171330162e-14,0.0,0.0,0.0,True
S1,201,6,36,9993.979388327722,146.83798033543928,4.547473508864641e-13,30.733189284207604,9.199084161082282e-13,0.0,0.0,0.0,True
S1,202,6,36,9731.225080218863,0.0,10889.971959950435,0.0,10348.857435475657,62220.99354465811,0.0,62220.99354465811,True
S1,203,6,36,10045.068055555555,339.4541761510363,0.0,71.04775906841189,0.0,0.0,0.0,0.0,True
S1,204,6,36,9785.780739368689,0.0,345.5229225109239,0.0,459.53062489190006,1269.9613126641189,0.0,1269.9613126641189,True
S1,205,6,36,2390.810868372618,117.48610556460619,93.91471190040781,24.540225627412525,113.21016303141636,377.3672101047212,0.0,377.3672101047212,True
S1,206,6,36,2840.093884349048,108.62134886009198,337.019842289712,22.688575778135146,469.23453539576127,2351.0504198130207,7.137714419513941e-12,2351.0504198130134,True
S1,207,6,36,9539.181540249721,0.0,3012.20377922692,0.0,3845.0994351574104,17663.13237272349,0.0,17663.13237272349,True
S1,208,6,36,10048.331481481482,258.62883065351207,1052.433860650227,54.26609654127183,1405.6500650527928,7287.4866207227515,0.0,7287.4866207227515,True
S1,209,6,36,9920.551688681264,0.0,5432.748427110295,0.0,4682.002961249551,28417.855834503607,0.0,28417.855834503607,True
S1,210,6,36,9658.04249338104,361.208222866438,7399.3081796163915,75.78954072537822,6208.078177029332,41877.992132972126,0.0,41877.992132972126,True
S1,211,6,36,9921.889421722783,295.01505835917123,2256.339474556739,61.90073858971872,1863.147514680547,13253.556997464435,1.586158759891987e-11,13253.556997464419,True
S1,212,6,36,1653.0581583165017,0.0,929.0916008324582,0.0,1217.11558614588,3934.0031406766966,0.0,3934.0031406766966,True
S1,213,6,36,2890.6992994051634,240.08364425489617,1.1368683772161603e-13,50.3624989388023,7.448761607520282e-14,0.0,0.0,0.0,True
S1,214,6,36,6854.098817637489,0.0,3736.178113595406,0.0,3872.474775124133,22165.92725423641,9.516952559351921e-12,22165.927254236398,True
S1,215,6,36,8279.820645751963,192.03504128957752,2344.0987438229486,40.28331289777968,1572.8538472004002,12984.878251984213,7.930793799459935e-12,12984.878251984206,True
S1,216,6,36,8528.517794598763,212.84626860580988,3016.3944569654395,44.64889730433818,2120.5656346382757,16905.414611718537,0.0,16905.414611718537,True
S1,217,6,36,9341.233777777778,0.0,58.64022241994883,0.0,76.7558895835402,204.5512829513629,3.9653968997299674e-12,204.55128295135893,True
S1,218,6,36,10033.251851851852,388.1570407674131,496.24967559401864,81.42394961725432,610.5279154499581,3461.837736943876,0.0,3461.837736943876,True
S1,219,6,36,3493.024800670596,586.3520890733885,0.0,122.99945110950974,0.0,0.0,0.0,0.0,True
S1,220,6,36,2887.760622031426,326.26292423850754,1.1368683772161603e-13,68.45723773264885,2.0849029169767162e-13,0.0,0.0,0.0,True
S1,221,6,36,9336.241296296295,287.8696976593974,5.343281372915953e-12,60.40148256100628,3.550439942046069e-12,0.0,0.0,0.0,True
S1,222,6,36,9497.840492338386,439.70470275329865,507.7094498328145,92.25985281288533,569.3985317336603,3541.139621213497,0.0,3541.139621213497,True
S1,223,6,36,9950.857043358652,85.78916440768796,1337.2871060656785,18.000479939427123,1719.6749860081402,9211.065284494185,0.0,9211.065284494185,True
S1,224,6,36,9264.382636418044,0.0,2818.5150289683843,0.0,2112.757423547364,15843.039942747337,0.0,15843.039942747337,True
S1,225,6,36,9224.576481481481,325.86404553600397,3420.2226045295633,68.37354408517876,2331.7490547438683,18858.982287855688,0.0,18858.982287855688,True
S1,226,6,36,2782.4531910432115,147.27058653349712,38.94867939710489,30.90065344347925,45.415942916803374,151.38647638934273,0.0,151.38647638934273,True
S1,227,6,36,2067.4167942482063,0.0,376.5737267686636,0.0,474.79232191352327,1582.6410730450775,1.4514522916897475e-13,1582.6410730450773,True
S1,228,6,36,10023.10324074074,376.63019717247835,2.0463630789890885e-12,79.00595629613797,1.7102820493164471e-12,0.0,0.0,0.0,True
S1,229,6,36,9282.910470377441,0.0,2520.869567270117,0.0,2067.524520363589,13874.250805378377,0.0,13874.250805378377,True
S1,230,6,36,9091.922223425388,195.47040285532734,5.684341886080801e-13,41.003950881039316,7.5611410466081e-13,0.0,0.0,0.0,True
S1,231,6,36,9953.547186184733,253.96748299878595,1000.6850982446852,53.27492063323192,1213.0093218938214,5683.612139075596,1.6654666978865863e-11,5683.61213907558,True
S1,232,6,36,9892.876121250123,251.1936185126217,445.5098386693004,52.693045313594034,591.9312993345252,3107.8766345570293,0.0,3107.8766345570293,True
S1,233,6,36,2227.2019626959495,0.0,393.5982400259705,0.0,478.3710250672646,1531.5016153306226,4.758476279675961e-12,1531.5016153306178,True
S1,234,6,36,3027.501982245264,27.247777329303744,811.8636452896756,5.715783601547008,1184.8803721650613,5630.894369344327,5.551555659621954e-12,5630.894369344322,True
S1,235,6,36,8224.279272630429,327.96879872591006,1.659827830735594e-11,68.79822375679011,2.3235600110638187e-11,0.0,0.0,0.0,True
S1,236,6,36,9955.057809763817,107.02328916955685,11.019970992764911,22.450343520720757,15.219641903557651,76.87531764551454,0.0,76.87531764551454,True
S1,237,6,36,8853.03728056234,525.9820000891184,87.95809367955695,110.33557910006279,54.26574589560362,497.01248582195376,1.1103111319243908e-11,497.0124858219427,True
S1,238,6,36,9961.19638821677,182.8819051240697,6750.4369256184555,38.36325369569304,5765.874026477797,38913.84974735806,8.723873179405928e-12,38913.84974735805,True
S1,239,6,36,9910.927672708554,242.09638045844645,5734.429483735587,50.784711893916246,5679.6484291402985,35190.74087741652,1.9826984498649836e-11,35190.7408774165,True
S1,240,6,36,4258.67388616571,198.49395132283837,2.0236257114447653e-11,41.64845774589748,2.7525356927071698e-11,0.0,0.0,0.0,True
S1,241,6,36,2889.803064344768,136.74610937079268,0.0,28.692383420703376,0.0,0.0,0.0,0.0,True
S1,242,6,36,8741.762143469941,136.22128374113402,1964.3916579639865,28.58226329908262,1306.2368915300826,10922.596236937192,0.0,10922.596236937192,True
S1,243,6,36,10019.87037037037,1076.4029739005932,2.2737367544323206e-13,225.95585444346577,4.570210876408965e-13,0.0,0.0,0.0,True
S1,244,6,36,9908.286584450252,765.309893640842,1781.0921167337633,161.122177611386,1499.4882230566996,10702.162630726487,9.516952559351921e-12,10702.162630726478,True
S1,245,6,36,9954.563161904867,993.4037790764021,0.0,209.99551063353607,0.0,0.0,0.0,0.0,True
S1,246,6,36,9249.368351851852,1000.8480344755945,0.0,203.41485664690708,0.0,0.0,0.0,0.0,True
S1,247,6,36,4716.28196005421,1345.0064069514308,1.1368683772161603e-13,273.36246466482623,2.3004531612969e-13,0.0,0.0,0.0,True
S1,248,6,36,4523.934784853686,953.3263775032915,0.0,193.75643627971277,0.0,0.0,0.0,0.0,True
S1,249,6,36,9193.476453110918,850.0540250995136,3068.377207171775,172.76710519628884,2102.4071168982377,16941.67947831797,0.0,16941.67947831797,True
S1,250,6,36,9835.634627761361,248.97227217549175,421.57180649821385,50.60174702763526,453.91253672337126,2872.9434283416094,1.6242265701293945e-09,2872.943428339985,True
S1,251,6,36,8187.9716619135825,415.70782571101927,3048.2088086755866,84.48949776707182,3051.983715278546,18849.053067028726,0.0,18849.053067028726,True
S1,252,6,36,9885.537424242424,505.10969622141596,0.0,102.65975743428116,0.0,0.0,0.0,0.0,True
S1,253,6,36,9695.848247037042,47.389107079679434,0.0,9.631480595641742,0.0,0.0,0.0,0.0,True
S1,254,6,36,3005.987057777782,0.0,690.4891024670451,0.0,880.2894518803411,2804.9401734760395,5.921663159824675e-14,2804.9401734760395,True
S1,255,6,36,3430.144927592589,67.98352937976847,88.48632269897972,13.817142469972884,100.99928916923179,336.6642972307726,0.0,336.6642972307726,True
S1,256,6,36,9858.810568087274,14.102009640829692,1.1368683772161603e-13,2.866127694426329,1.6833041627251078e-13,0.0,0.0,0.0,True
S1,257,6,36,8875.709657438267,170.63781292237275,215.39521853146698,34.68085569287459,238.10319144731415,1290.3953835978662,7.930793799459934e-13,1290.3953835978655,True
S1,258,6,36,9493.697432037037,0.0,461.43158355980944,0.0,634.0143753002707,2492.2064004114545,0.0,2492.2064004114545,True
S1,259,6,36,9861.45350308642,0.0,1289.2394703844402,0.0,1604.6674834342882,6055.956506024186,1.9547652385654145e-12,6055.956506024184,True
S1,260,6,36,9349.544373981485,0.0,7965.192466667024,0.0,6380.0874710846865,43893.21681540537,1.2411954131152925e-11,43893.21681540536,True
S1,261,6,36,3215.2205231481457,0.0,783.8897261998445,0.0,986.6528505592718,4064.734146521441,0.0,4064.734146521441,True
S1,262,6,36,3401.227314567901,280.00241747520863,162.04184569171204,56.90839133370509,190.25768957513833,634.1922985837948,9.06311470316723e-13,634.1922985837939,True
S1,263,6,36,9799.89200259259,0.0,1884.3729049103367,0.0,1610.489802313395,10283.485933193791,2.299930201843381e-11,10283.485933193768,True
S1,264,6,36,9607.212310000004,156.03583720706615,180.43180880987032,31.713113643560956,186.71985735252647,924.8749019335112,4.0537528889217355e-12,924.8749019335071,True
S1,265,6,36,9913.47211111111,104.52820352928165,1.2505552149377763e-12,21.24457340580378,1.896842150017619e-12,0.0,0.0,0.0,True
S1,266,6,36,9582.904367407404,51.53747521747755,2349.6541426975123,10.474605307074587,1808.7412283325746,13140.455418378828,2.41229258790554e-12,13140.455418378826,True
S1,267,6,36,9730.872727962964,308.7590628012583,2486.04841471918,62.75296382138475,1941.6219560069744,13578.178199990973,9.516952559351921e-12,13578.178199990964,True
S1,268,6,36,4222.14303092593,39.024319620979156,1.7053025658242404e-13,8.322404957818604,3.4499123557907294e-13,0.0,0.0,0.0,True
S1,269,6,36,3659.169547037036,0.0,2634.444260369617,0.0,3344.8597118489884,14302.757100003158,0.0,14302.757100003158,True
S1,270,6,36,9869.126098518516,154.13185006700382,7275.571065863414,32.87046861070114,6347.195775014033,41157.169936848935,4.7584762796759606e-11,41157.169936848884,True
S1,271,6,36,9855.402722222223,0.0,375.48881274763403,0.0,524.873127543645,1538.285424611625,0.0,1538.285424611625,True
S1,272,6,36,9503.333354629627,0.0,1901.0122569546243,0.0,2180.478608711102,9840.148373469718,1.1962313362090526e-12,9840.148373469716,True
S1,273,6,36,9865.428944444446,93.63295983282808,310.37508726926353,19.96835349595409,371.02641845318493,2116.5458392558635,0.0,2116.5458392558635,True
S1,274,6,36,9654.182150925924,0.0,502.62972390425614,0.0,702.5977989505406,2070.20306650252,0.0,2070.20306650252,True
S1,275,6,36,3765.8213217901293,1.4001577055021244,276.6034329706267,0.28457155246069366,333.9247456147499,1319.1164906336671,0.0,1319.1164906336671,True
S1,276,6,36,4462.2769720370425,0.0,187.65885871991162,0.0,252.21280249684992,771.3970980734305,0.0,771.3970980734305,True
S1,277,6,36,9715.19004407407,19.468601481769383,118.44990434180102,3.9568472421396073,146.29198107433305,826.306532686863,1.7447746358811856e-11,826.3065326868456,True
S1,278,6,36,9873.434787592596,183.96288413865602,1963.1077387903679,37.3890764795516,1466.2694695057437,10797.93655554696,0.0,10797.93655554696,True
S1,279,6,36,9797.31375925926,0.0,1124.640842540351,0.0,1316.753634803164,6260.128791858489,5.355786925065332e-13,6260.1287918584885,True
S1,280,6,36,9755.445800555555,9.253332855612598,448.49291611316767,1.880670502904596,508.9878265714732,2316.6700116244256,0.0,2316.6700116244256,True
S1,281,6,36,9929.035140254651,108.26180837970833,0.0,22.00340058961309,0.0,0.0,0.0,0.0,True
S1,282,6,36,4209.677627946124,0.0,152.8795742234837,0.0,186.72960006123904,649.3231209466996,0.0,649.3231209466996,True
S1,283,6,36,5038.413420370377,240.96113573852676,2.3590018827235326e-11,49.104074814000406,3.2087143608805494e-11,0.0,0.0,0.0,True
S1,284,6,36,9891.417198092033,126.23839088594355,436.76009162757225,25.657006159633685,385.4732040283126,2710.4096477634344,3.9653968997299674e-12,2710.4096477634303,True
S1,285,6,36,9816.724144450058,0.0,1016.8537601399742,0.0,1190.3818500681152,5227.264656255114,6.949676389922387e-13,5227.264656255113,True
S1,286,6,36,9772.376636700343,0.0,1178.1098792545324,0.0,1454.3814544275415,5926.640896737771,8.723873179405928e-12,5926.640896737762,True
S1,287,6,36,9691.114987564537,4.81776249171719,177.34077995494084,0.9791740935353235,215.25623870297244,877.2302449414758,0.0,877.2302449414758,True
S1,288,6,36,9668.547904320989,0.0,1670.4729487687187,0.0,2121.7224642913234,8275.573229996819,0.0,8275.573229996819,True
S1,289,6,36,4338.6833937556985,44.46626845492483,977.518035459547,9.23357945276676,1236.8282915365257,5374.826570813182,0.0,5374.826570813182,True
S1,290,6,36,4415.5434560381655,56.54584244773844,261.9817797035506,11.523149861768939,287.2056681597446,975.9953865899743,3.3303138025075895e-12,975.995386589971,True
S1,291,6,36,9730.744138232321,0.0,1022.2262234081908,0.0,1146.6543161682473,5009.452556809313,0.0,5009.452556809313,True
S1,292,6,36,9925.515710472233,125.21886704153599,0.0,25.44979558468935,0.0,0.0,0.0,0.0,True
S1,293,6,36,9717.141607894384,0.0,2101.5671124509727,0.0,2628.8847436935744,9812.819892843732,3.1723175197839737e-12,9812.819892843729,True
S1,294,6,36,9828.183336077827,0.0,482.72839414086127,0.0,545.1648539669457,1937.0235493392172,0.0,1937.0235493392172,True
S1,295,6,36,9881.703714321715,43.2654102545182,96.35654369717633,8.793370143653897,121.45879558139433,672.1832488314855,1.1103111319243908e-11,672.1832488314743,True
S1,296,6,36,5015.865113264528,0.0,1422.010082614652,0.0,1730.0385438735884,6705.128021521221,0.0,6705.128021521221,True
S1,297,6,36,4970.484178171443,0.0,220.78639927961035,0.0,271.00789318712606,983.4674132287696,1.40275346893759e-12,983.4674132287682,True
S1,298,6,36,9745.108133400678,87.29118816468838,35.2877829710485,17.741279310561886,47.79905222620065,246.1675740060248,0.0,246.1675740060248,True
S1,299,6,36,9817.96335472503,0.0,5214.860765927878,0.0,4608.3734577249215,29531.28314423683,5.551555659621954e-12,29531.283144236822,True
S1,300,6,36,9872.668257637491,295.8810646159693,2111.8277928184643,60.13560727521114,1970.868904568939,12729.901896514108,2.3792381398379803e-11,12729.901896514084,True
S1,301,6,36,9930.905555555555,0.0,644.0601525740256,0.0,845.5349514726736,3320.8553699938166,0.0,3320.8553699938166,True
S1,302,6,36,9921.635185185185,160.92311652583703,1330.7718214206689,32.706416510501995,1440.6213393092253,8536.62187886991,1.586158759891987e-11,8536.621878869893,True
S1,303,6,36,5451.151767542086,0.0,113.10224492563418,0.0,125.10419666962545,550.6288617863388,0.0,550.6288617863388,True
S1,304,6,36,5293.9842356060635,0.0,339.96032036633767,0.0,375.2951083412952,1554.7166018421021,0.0,1554.7166018421021,True
S1,305,6,36,9747.414229719412,0.0,4494.292265310316,0.0,4127.179619332411,24017.651517260165,0.0,24017.651517260165,True
S1,306,6,36,9615.956404809207,0.0,224.89410930361805,0.0,300.23403307468476,1169.9964786788144,0.0,1169.9964786788144,True
S1,307,6,36,9872.657743546577,0.0,2474.0826245767394,0.0,2568.2588198345197,14147.103103127938,2.0099211184287926e-12,14147.103103127936,True
S1,308,6,36,9682.539665028062,5.6777431077771325,0.0,1.1539587035824332,0.0,0.0,0.0,0.0,True
S1,309,6,36,9743.62503576889,0.0,2926.1143515176536,0.0,3445.6058564129557,15744.966906353575,0.0,15744.966906353575,True
S1,310,6,36,6309.270178208694,194.88009816061555,0.0,41.50424804016972,0.0,0.0,0.0,0.0,True
S1,311,6,36,6122.776201764289,117.18007076896345,1.1368683772161603e-13,24.775222337036688,2.3004531612969e-13,0.0,0.0,0.0,True
S1,312,6,36,9892.189586203816,25.100135758081365,40.12931424370515,5.352905478015728,49.579484979356366,279.94209616405857,0.0,279.94209616405857,True
S1,313,6,36,9813.904841054373,0.0,3435.69488395571,0.0,3311.64245258316,17798.65340954159,1.027681406640113e-11,17798.653409541577,True
S1,314,6,36,9907.114093285083,159.8341527849626,0.0,34.08655316699492,0.0,0.0,0.0,0.0,True
S1,315,6,36,9944.507407407407,179.60770553681033,2659.499986195417,38.30350083075884,2925.188862137048,15724.050054348032,0.0,15724.050054348032,True
S1,316,6,36,9803.250828672839,113.24506791921283,1153.148063567637,23.9413577639938,1144.5707754817067,6850.86495501621,1.1896190699189901e-11,6850.864955016198,True
S1,317,6,36,6202.320319479476,48.31480562354977,0.0,10.20781282629675,0.0,0.0,0.0,0.0,True
S1,318,6,36,7094.864950626014,0.0,221.73321726080746,0.0,260.75191055227,717.9649152907816,0.0,717.9649152907816,True
S1,319,6,36,9875.073173217235,0.0,3912.82500332945,0.0,4597.0252130955,22233.666055589976,0.0,22233.666055589976,True
S1,320,6,36,9912.810734131288,198.91265190386605,6394.4752225505645,42.0479160131984,6092.955222395456,36207.00808234798,1.5068508218973876e-11,36207.008082347966,True
S1,321,6,36,9862.041175013546,223.3078546341145,150.36982643838428,47.20478977515505,190.7404089442824,725.7489131982531,0.0,725.7489131982531,True
S1,322,6,36,9570.514587968491,0.0,7331.367204774802,0.0,8002.256223802079,39249.051035328455,3.3556943890289407e-12,39249.051035328455,True
S1,323,6,36,9810.840129184518,0.0,2379.5068994386347,0.0,2642.8781701424555,14348.406327045013,0.0,14348.406327045013,True
S1,324,6,36,6331.330647383282,0.0,923.4064860678982,0.0,1054.3110163542426,4948.423700287777,3.1273543754650743e-12,4948.423700287774,True
S1,325,6,36,8399.743959206871,0.0,425.6842470603766,0.0,523.7558579470816,1608.8271982410206,0.0,1608.8271982410206,True
S1,326,6,36,9775.114980985913,0.0,5421.887879917287,0.0,6259.486194592756,28794.334654917082,6.344635039567947e-12,28794.334654917075,True
S1,327,6,36,9807.490900139894,0.0,2306.236746100786,0.0,2489.644495820376,13265.546052380389,0.0,13265.546052380389,True
S1,328,6,36,10417.47863561728,111.0107027960255,0.0,23.46642439812353,0.0,0.0,0.0,0.0,True
S1,329,6,36,9888.762092592593,35.54155502414949,1598.3043358328716,7.513088314541264,1933.4506602021277,8378.1900344352,4.758476279675961e-12,8378.190034435194,True
S1,330,6,36,9880.288305555554,0.0,3496.5338593042347,0.0,3936.3508978313507,19494.278344821396,0.0,19494.278344821396,True
S1,331,6,36,7268.795462052465,0.0,1184.001917928471,0.0,1128.3013661158072,6229.671767803058,0.0,6229.671767803058,True
S1,332,6,36,10308.20925925926,57.59497852998362,0.0,12.177227656659026,0.0,0.0,0.0,0.0,True
S1,333,6,36,9920.901296296297,0.0,3747.232477998088,0.0,4300.1334841323405,22049.607443199162,0.0,22049.607443199162,True
S1,334,6,36,8161.093487407406,0.0,11633.424681157197,0.0,14964.810554735797,58715.28965513942,1.3982059954287252e-13,58715.28965513942,True
S1,335,6,36,8196.500685185187,0.0,10495.1166011376,0.0,14001.774726033944,51445.93916644594,0.0,51445.93916644594,True
S1,336,6,36,7517.74878240741,0.0,17471.081660908632,0.0,20526.358134076403,91763.17791275712,0.0,91763.17791275712,True
S1,337,6,36,7323.804810370369,0.0,9920.272489767303,0.0,13316.587909788515,46417.68859010268,3.101064294241951e-12,46417.68859010268,True
S1,338,6,36,7620.592419027776,0.0,11683.968774840365,0.0,11523.501209301869,61122.169752507194,0.0,61122.169752507194,True
S1,339,6,36,7211.709648148148,0.0,10474.687659124367,0.0,11219.95741884837,53213.10221943163,4.983127244173602e-12,53213.102219431625,True
S1,340,6,36,8282.97917592593,0.0,7576.342060004126,0.0,10227.323350292243,35451.4158131641,0.0,35451.4158131641,True
S1,341,6,36,8929.337666666663,0.0,10743.252666703782,0.0,13203.129081290845,56137.45458245117,7.930793799459934e-13,56137.45458245117,True
S1,342,6,36,9524.350926084717,0.0,4619.027587793962,0.0,6067.670169807862,23051.33242530401,8.389235972572352e-13,23051.33242530401,True
S1,343,6,36,8551.432393673895,0.0,10195.813523865898,0.0,12049.74063414392,52658.1899847963,1.0076234957523411e-11,52658.18998479629,True
S1,344,6,36,9947.629597352905,0.0,2894.4873367372,0.0,3984.8283183632134,13627.44315153664,0.0,13627.44315153664,True
S1,345,6,36,9078.847339332982,0.0,8226.271279024892,0.0,7643.983157466992,43368.130915787915,3.4116220959390377e-13,43368.130915787915,True
S1,346,6,36,9294.71680621212,0.0,5746.435273468338,0.0,6011.37308894592,31228.501156349117,0.0,31228.501156349117,True
S1,347,6,36,9524.425708097642,0.0,7202.64536063959,0.0,8205.8256030883,38065.5637555874,0.0,38065.5637555874,True
S1,348,6,36,10800.0,342.4806890672637,4158.29462151382,69.60663144775347,4198.489291712387,22549.44482541011,2.6171619538217783e-11,22549.444825410086,True
S1,349,6,36,10782.696945566779,14.749627810856964,43.46980997021035,2.9977512303483422,56.14574564866598,190.02235872732962,1.3982059954287252e-12,190.02235872732822,True
S1,350,6,36,10667.294284685751,0.0,679.2554305468376,0.0,934.5781648228974,3189.216237141539,0.0,3189.216237141539,True
S1,351,6,36,10551.727022520485,0.0,3443.057327995288,0.0,3985.2014160935014,19604.464641081016,3.1723175197839737e-12,19604.464641081013,True
S1,352,6,36,10163.08265993266,76.7461278174901,3277.8191896155795,15.639649068239603,2351.9945648165667,17789.11263622097,8.339611667906865e-11,17789.112636220885,True
S1,353,6,36,10256.435185185186,158.30985734712004,5.115907697472721e-13,32.26104929801659,7.439979299306287e-13,0.0,0.0,0.0,True
S1,354,6,36,10742.796341829402,0.0,607.0177664596206,0.0,806.3169485130179,3195.021512381013,0.0,3195.021512381013,True
S1,355,6,36,10426.076996161624,0.0,1404.1761535073933,0.0,1457.5546507390789,7281.06664402353,0.0,7281.06664402353,True
S1,356,6,36,10800.0,312.7673861794376,0.0,63.56762548557459,0.0,0.0,0.0,0.0,True
S1,357,6,36,10800.0,312.7358077477711,0.0,63.561207406176436,0.0,0.0,0.0,0.0,True
S1,358,6,36,10759.767962356902,56.18481164454579,671.8388810584418,11.982086030611999,469.0268274866004,3766.8038837695353,8.531335993211542e-11,3766.80388376945,True
S1,359,6,36,10085.382637255889,100.80636347987019,590.9819742622687,21.474425335080724,428.2456461719394,2910.0022340691303,0.0,2910.0022340691303,True
S1,360,6,36,10228.674074074073,113.57209529490507,3.410605131648481e-13,24.19386431935423,6.890445547469426e-13,0.0,0.0,0.0,True
S1,361,6,36,10551.745801105499,278.74150803029914,34.58035140707159,59.44497510557725,44.921632082966966,153.70032444218106,0.0,153.70032444218106,True
S1,362,6,36,10800.0,229.49231095695222,1769.554025280116,48.94199219972111,1543.7533975735835,9750.242188145294,3.1723175197839737e-12,9750.24218814529,True
S1,363,6,36,10785.840178613918,0.0,1601.1919753390885,0.0,2000.4768005999622,8768.158721400312,0.0,8768.158721400312,True
S1,364,6,36,10787.546662974182,214.2353758047758,0.0,45.68826749715571,0.0,0.0,0.0,0.0,True
S2,0,6,36,1200.0,0.0,52090.95185156855,0.0,55483.831370209446,207239.33903170924,0.0,207239.33903170924,True
S2,0,12,72,3984.5009613662974,0.0,34826.52165920524,0.0,44136.55825976943,160540.1378618064,0.0,160540.1378618064,True
S2,1,6,36,10585.513144074079,26.74741906100121,50.88123391398403,5.436212318505609,59.24743671033444,354.94748778393677,0.0,354.94748778393677,True
S2,1,12,72,7734.344527839514,0.0,666.3302333529587,0.0,826.4159184663871,3524.591075984208,0.0,3524.591075984208,True
S2,2,6,36,10800.0,4511.7103748678865,3.410605131648481e-13,1137.841876961203,4.2929286792059424e-13,0.0,0.0,0.0,True
S2,2,12,72,10800.0,14186.61522986458,3.979039320256561e-13,3024.8062394575795,8.049880761973327e-13,0.0,0.0,0.0,True
S2,3,6,36,10184.833333333334,173.646157771145,397.0856653670133,36.523387439807024,410.9241008050539,1913.5166147409386,0.0,1913.5166147409386,True
S2,3,12,72,5628.456738741128,1.7053025658242404e-13,54.783579308160256,1.121435388995451e-13,34.81770382930125,0.0,0.0,0.0,True
S2,4,6,36,3899.2914129629635,2.842170943040401e-14,27424.683224188877,1.4595968877983977e-14,32206.972441370977,131490.25383177842,1.2582390240822861e-11,131490.25383177842,True
S2,4,12,72,4749.471368621407,5.684341886080802e-14,19763.31426760943,2.842739377229009e-14,25222.67787358077,99159.45227681735,0.0,99159.45227681735,True
S2,5,6,36,10731.29641925926,0.0,701.9434435276921,0.0,993.2409694201652,3363.6262617739485,3.9653968997299674e-12,3363.6262617739444,True
S2,5,12,72,6659.8680315828615,119.58649112625096,0.0,25.503255823637968,0.0,0.0,0.0,0.0,True
S2,6,6,36,10781.178074074074,45.76373487613296,4095.06318645785,9.759666221487981,4391.966223551084,24330.515685319515,2.5167707917717053e-12,24330.51568531951,True
S2,6,12,72,6406.047970577745,0.0,196.46321172020953,0.0,184.45935233894085,1134.0921345539348,1.5861587598919868e-12,1134.0921345539332,True
S2,7,6,36,10386.577405555554,0.0,682.922119341607,0.0,936.7565843661507,3102.0909672755192,1.3340240911929868e-11,3102.090967275506,True
S2,7,12,72,6872.1442416753725,237.02002124741693,0.0,50.54736684944995,0.0,0.0,0.0,0.0,True
S2,8,6,36,10619.401711481487,29.161508992243398,701.3030763440404,5.926857991357688,862.1664153056938,4509.3900268647485,0.0,4509.3900268647485,True
S2,8,12,72,6423.226262129637,0.0,1402.0490482436674,0.0,1684.2697221447697,7954.956009351997,0.0,7954.956009351997,True
S2,9,6,36,10163.918518518518,91.40596132532869,0.0,18.627091666081064,0.0,0.0,0.0,0.0,True
S2,9,12,72,8781.141389691356,185.9041906306411,6.821210263296962e-13,37.88433872119914,1.2218578149258975e-12,0.0,0.0,0.0,True
S2,10,6,36,10065.239314074075,71.68883988994662,1000.8094407171623,14.609053640525834,1044.8531137888567,6002.360953982916,1.0424514584883581e-12,6002.360953982915,True
S2,10,12,72,6021.88440101852,129.66246207676164,0.0,26.423162469207437,0.0,0.0,0.0,0.0,True
S2,11,6,36,10800.0,70.83671655988235,2360.700333770506,15.1067807669499,2905.0188494423055,11919.084393859057,1.1185647963429802e-12,11919.084393859055,True
S2,11,12,72,7676.28823443064,348.6693631384352,0.0,74.35793024980498,0.0,0.0,0.0,0.0,True
S2,12,6,36,10800.0,0.0,99.14922213538995,0.0,93.1452639551086,496.51944044004375,0.0,496.51944044004375,True
S2,12,12,72,7358.941032376548,59.07490181625349,0.0,12.598432478344366,0.0,0.0,0.0,0.0,True
S2,13,6,36,10303.110023148149,0.0,1153.1160900478853,0.0,1382.901779030019,6514.305573116041,5.592823981714901e-13,6514.30557311604,True
S2,13,12,72,6466.57295,198.34986150123552,2.2737367544323206e-13,42.30049073944873,2.569549906183965e-13,0.0,0.0,0.0,True
S2,14,6,36,10800.0,237.0519810682407,3637.2733193065546,50.110144806346746,3961.2131054127135,22134.456373470384,0.0,22134.456373470384,True
S2,14,12,72,6759.012906867725,0.0,435.6685272658599,0.0,426.08780387267814,956.6938385386522,0.0,956.6938385386522,True
S2,15,6,36,10770.353055555555,0.0,3700.830439914705,0.0,4481.64002007086,20944.162829849738,6.4317475789721356e-12,20944.16282984973,True
S2,15,12,72,6630.096649196452,420.7400301201228,4.547473508864641e-13,88.93974958630349,6.457469226006651e-13,0.0,0.0,0.0,True
S2,16,6,36,10193.260564814815,0.0,75.64879783697825,0.0,94.24592196403924,292.2450794145209,0.0,292.2450794145209,True
S2,16,12,72,6403.087255555553,143.72699608685264,0.0,30.366225325873135,0.0,0.0,0.0,0.0,True
S2,17,6,36,10168.93312962963,0.0,139.03433973687464,0.0,172.56423012481952,721.984560345886,0.0,721.984560345886,True
S2,17,12,72,7796.069985648148,153.30468444666457,5.684341886080802e-14,32.38977170723164,1.152187678599148e-13,0.0,0.0,0.0,True
S2,18,6,36,10800.0,255.76109886611061,1181.4072142981158,54.06504363413023,1143.1137414173136,6644.13485315436,0.0,6644.13485315436,True
S2,18,12,72,6331.308872964865,0.0,3446.0025438032767,0.0,3934.1480475920707,18756.16999374014,0.0,18756.16999374014,True
S2,19,6,36,10778.118101851853,59.06280088086339,989.5965424224244,12.485217341243471,1106.7808631190528,5942.130926032071,0.0,5942.130926032071,True
S2,19,12,72,6064.028348620135,0.0,919.368353509456,0.0,960.1147607776867,4892.980756107322,0.0,4892.980756107322,True
S2,20,6,36,10738.854888888889,0.0,646.0958973350123,0.0,882.6797860787394,3019.8192587725334,0.0,3019.8192587725334,True
S2,20,12,72,7224.407638702219,591.0837016360296,1.1368683772161603e-13,124.94850179348191,1.5980390344338958e-13,0.0,0.0,0.0,True
S2,21,6,36,10800.0,34.153583751694214,281.42253591673324,7.219686668470451,408.11326008468205,1417.8231431782715,0.0,1417.8231431782715,True
S2,21,12,72,6486.9290225,270.04257993312183,3.410605131648481e-13,57.083989441259206,6.254708750930149e-13,0.0,0.0,0.0,True
S2,22,6,36,10800.0,23.445818418155113,1397.1691881730285,4.954457652719739,1971.7733712274644,6751.7854796951115,1.9574883936002153e-12,6751.78547969511,True
S2,22,12,72,5901.856887062586,207.89946552428472,825.0636777175476,43.932315758852816,813.9115541245869,4905.847242787992,0.0,4905.847242787992,True
S2,23,6,36,9496.974444753081,254.12628788273315,6.252776074688882e-13,53.67413966545156,9.874128181763809e-13,0.0,0.0,0.0,True
S2,23,12,72,5164.320375,1.1368683772161603e-13,1136.4703590541321,7.664198165002745e-14,797.5958137212723,6082.866105917956,9.729546945891342e-12,6082.866105917946,True
S2,24,6,36,9733.736866851847,46.6175149809776,3663.0645047476355,9.846108526545732,2652.25076189148,20378.969593116824,6.949676389922387e-12,20378.969593116817,True
S2,24,12,72,6148.552164643528,80.42199525872189,4.547473508864641e-13,16.985969620295876,8.966566156232147e-13,0.0,0.0,0.0,True
S2,25,6,36,10750.150185185184,0.0,787.3803628007755,0.0,1101.4262005135074,3831.0476711866318,0.0,3831.0476711866318,True
S2,25,12,72,7561.821226699736,413.67198859328596,1.0345502232667059e-11,87.41517626141123,1.4542155213348452e-11,0.0,0.0,0.0,True
S2,26,6,36,10800.0,11.722242330438576,3164.929808568128,2.4770879047874454,3466.589481080415,19255.402646190683,2.1413143258541823e-11,19255.40264619066,True
S2,26,12,72,7408.269515935371,486.83206556395754,1.1368683772161603e-13,102.87501207344609,2.0849029169767162e-13,0.0,0.0,0.0,True
S2,27,6,36,10605.427585925925,110.34820956329838,514.6826531459049,23.318253241925625,677.5218965502834,2934.019401477359,0.0,2934.019401477359,True
S2,27,12,72,6509.1996475,0.0,557.0368241186973,0.0,689.3596137336062,2060.8696659986254,0.0,2060.8696659986254,True
S2,28,6,36,9862.593067901234,96.38422192148971,3601.510832793255,20.36745049307555,3976.712192286426,21046.472220148193,4.203320713713765e-11,21046.47222014815,True
S2,28,12,72,6971.7414477790735,8.526512829121202e-14,90.40702261418892,3.848015239782398e-14,78.12921309506132,199.96870881760316,1.824082573875785e-11,199.9687088175849,True
S2,29,6,36,10766.611944444443,49.979724511013956,4174.2510278077725,10.561475149625636,4356.777650359556,24730.878600256947,4.0447048377245666e-11,24730.878600256907,True
S2,29,12,72,6980.160840045968,32.97984124713548,0.0,6.969141530463327,0.0,0.0,0.0,0.0,True
S2,30,6,36,9625.182092592593,268.16776551855605,1919.516394932295,56.6398471411074,1280.8884915611807,10290.235775762249,3.4748381949611937e-13,10290.235775762249,True
S2,30,12,72,5192.100219280706,97.87430881970056,0.0,20.67208144822975,0.0,0.0,0.0,0.0,True
S2,31,6,36,9642.039444444445,613.2608849808637,1.1368683772161603e-13,129.5271365511409,2.302670054632472e-13,0.0,0.0,0.0,True
S2,31,12,72,7124.128017037038,195.1182006548798,2.8421709430404007e-13,41.2110122115911,5.536691105589852e-13,0.0,0.0,0.0,True
S2,32,6,36,10731.87053032302,712.4727457079019,1.8189894035458565e-12,150.55631603023824,1.1666998034343123e-12,0.0,0.0,0.0,True
S2,32,12,72,7852.255137784106,69.43596222682154,0.0,14.67287378480432,0.0,0.0,0.0,0.0,True
S2,33,6,36,10800.0,577.7587417109903,0.0,122.08920022596155,0.0,0.0,0.0,0.0,True
S2,33,12,72,7862.158675524695,0.0,0.0,0.0,0.0,0.0,0.0,0.0,True
S2,34,6,36,10800.0,990.1320626262642,0.0,209.22994827587007,0.0,0.0,0.0,0.0,True
S2,34,12,72,7584.293307538834,0.0,0.0,0.0,0.0,0.0,0.0,0.0,True
S2,35,6,36,10800.0,624.2118409193998,0.0,131.9054458678301,0.0,0.0,0.0,0.0,True
S2,35,12,72,6593.417784062461,257.4958411955239,0.0,54.412783474245614,0.0,0.0,0.0,0.0,True
S2,36,6,36,10800.0,799.525552177781,0.0,168.49114882486725,0.0,0.0,0.0,0.0,True
S2,36,12,72,7743.473750640051,0.0,0.0,0.0,0.0,0.0,0.0,0.0,True
S2,37,6,36,9733.330237199456,708.9802357664634,2.2737367544323206e-13,149.35394230989323,3.0275941753643565e-13,0.0,0.0,0.0,True
S2,37,12,72,7205.58959219946,1.1368683772161603e-13,3.410605131648481e-13,7.664198165002745e-14,6.765361604266218e-13,0.0,0.0,0.0,True
S2,38,6,36,8605.03656181441,447.3388603351951,1.1368683772161603e-13,94.23650895888159,2.1912285319558577e-13,0.0,0.0,0.0,True
S2,38,12,72,7766.209218481077,45.63378403733637,1.1368683772161603e-13,9.613223619874665,2.300964752066648e-13,0.0,0.0,0.0,True
S2,39,6,36,10800.0,475.3734593483419,129.23131642524004,100.17968790151116,133.51927080620038,774.6480975639007,1.5861587598919868e-12,774.6480975638991,True
S2,39,12,72,8868.230905800689,0.0,407.5494351749119,0.0,305.9291364783878,606.758132790736,7.137714419513941e-12,606.7581327907288,True
S2,40,6,36,9876.344350623242,214.18164689770384,3.410605131648481e-13,45.13640826700158,2.2189396986505016e-13,0.0,0.0,0.0,True
S2,40,12,72,8913.421879797206,224.06690696808346,2.1813661987835076e-12,47.219617266581494,4.2147267009795546e-12,0.0,0.0,0.0,True
S2,41,6,36,9922.781959522852,548.6770585068678,4.638422979041934e-11,115.51404627930263,2.975084498757496e-11,0.0,0.0,0.0,True
S2,41,12,72,6791.2698997844,0.0,32.198692997091314,0.0,20.48319855009964,0.0,0.0,0.0,True
S2,42,6,36,10108.18751501884,521.8529306070498,0.0,109.86671055862617,0.0,0.0,0.0,0.0,True
S2,42,12,72,8454.532639508077,0.0,0.0,0.0,0.0,0.0,0.0,0.0,True
S2,43,6,36,9914.944389223965,291.7404851951825,1.6484591469634324e-12,61.40712833303117,1.0573216968623456e-12,0.0,0.0,0.0,True
S2,43,12,72,8383.93129811111,228.63334348210338,0.0,48.12399298994295,0.0,0.0,0.0,0.0,True
S2,44,6,36,8416.805560093824,192.6378041895896,176.119856483001,40.48005781559458,202.07343113138748,1076.6206826805962,1.563677187732537e-11,1076.6206826805806,True
S2,44,12,72,7214.625676204934,67.11058906763381,0.0,14.122076098202236,0.0,0.0,0.0,0.0,True
S2,45,6,36,6810.931612945989,98.32009113492825,2.2737367544323206e-13,20.64656903703219,4.321236701798625e-13,0.0,0.0,0.0,True
S2,45,12,72,6620.293733501547,60.74802505409275,3.979039320256561e-13,12.78320224197122,7.868180773584755e-13,0.0,0.0,0.0,True
S2,46,6,36,9874.074074074075,118.25402116421071,1.1368683772161603e-13,24.89019488780756,7.291873771464452e-14,0.0,0.0,0.0,True
S2,46,12,72,7504.205520525889,325.05868555095327,0.0,68.42012484499503,0.0,0.0,0.0,0.0,True
S2,47,6,36,9874.347268015905,377.9038223095561,4.206412995699793e-12,79.54025502922381,2.6753639303933596e-12,0.0,0.0,0.0,True
S2,47,12,72,9907.476552012577,0.0,0.0,0.0,0.0,0.0,0.0,0.0,True
S2,48,6,36,9823.854363692484,0.0,2445.1994505474995,0.0,2344.8970336470343,12693.346718748373,0.0,12693.346718748373,True
S2,48,12,72,8060.784282649312,178.69019361703346,0.0,37.61026677279208,0.0,0.0,0.0,0.0,True
S2,49,6,36,9743.255280757578,191.93119672531202,5.684341886080801e-13,40.397200119056336,3.6300775718700606e-13,0.0,0.0,0.0,True
S2,49,12,72,6168.200860454545,0.0,2579.155165488977,0.0,2651.3681467866313,13434.766283841596,0.0,13434.766283841596,True
S2,50,6,36,9885.33002244669,32.469841778814725,931.7592756898899,6.831782507013617,1140.8347497557002,6451.021557643927,0.0,6451.021557643927,True
S2,50,12,72,7420.6013444276105,0.0,253.73832559392434,0.0,328.1185083521836,1002.999802991976,3.9653968997299674e-12,1002.999802991972,True
S2,51,6,36,6511.348791324356,12.317979798029228,40.27251687349249,2.5847075597574523,41.86146235637362,217.80398059445977,0.0,217.80398059445977,True
S2,51,12,72,7712.112581993156,0.0,138.47950800982414,0.0,175.58520006687348,733.7148770396179,3.682227855961174e-12,733.7148770396143,True
S2,52,6,36,5838.805786548823,69.02167336393455,285.91878179973855,14.482962616923698,325.58464617034184,1707.486448343439,9.538723588775611e-12,1707.4864483434294,True
S2,52,12,72,7053.338159999998,2.842170943040401e-14,196.97272546849035,1.1753797934943577e-14,198.11159165762263,474.4393424681713,6.602192570426268e-12,474.4393424681647,True
S2,53,6,36,9782.38558624579,0.0,1071.0145749913117,0.0,1319.2921068389246,6370.762772242166,2.3792381398379804e-12,6370.762772242163,True
S2,53,12,72,6743.124640341241,110.20761449211659,0.0,23.188115850889332,0.0,0.0,0.0,0.0,True
S2,54,6,36,9915.653310886644,391.53638182251143,3.410605131648481e-13,82.380795767863,3.0376554605027193e-13,0.0,0.0,0.0,True
S2,54,12,72,7226.531384542653,0.0,230.7101068666035,0.0,146.62780841906988,0.0,0.0,0.0,True
S2,55,6,36,9831.112284511786,27.464253274293355,489.18056884864654,5.778586984368796,578.2056425240189,3080.3875233883805,0.0,3080.3875233883805,True
S2,55,12,72,9375.996594590351,110.74992143708943,0.0,23.302219366555885,0.0,0.0,0.0,0.0,True
S2,56,6,36,9869.11363804714,68.65906093972501,1315.0071413986984,14.446136654173328,1062.3220920065535,7485.723135264044,3.8067810237407686e-11,7485.723135264006,True
S2,56,12,72,6512.997565550096,4.334840934742488,1660.4144808794344,0.9120675939940907,1604.8510175941917,9658.269052430445,0.0,9658.269052430445,True
S2,57,6,36,9874.074074074075,255.069461074544,92.09141542697171,53.66761852778817,94.08705706776698,642.4297140185118,0.0,642.4297140185118,True
S2,57,12,72,6754.007993181818,25.749557222433964,1.1368683772161603e-13,5.417808186254446,2.0849029169767162e-13,0.0,0.0,0.0,True
S2,58,6,36,5724.819273754212,60.17892649770988,66.7249167044796,12.594056745770734,69.05028005163092,388.5924405746414,0.0,388.5924405746414,True
S2,58,12,72,8951.558610000002,2.2737367544323206e-13,423.4361879898012,1.4660486158390995e-13,468.2492399724673,1205.691194504143,0.0,1205.691194504143,True
S2,59,6,36,8583.902827312008,892.3699849794135,0.0,187.70946533120656,0.0,0.0,0.0,0.0,True
S2,59,12,72,10188.112796756452,5.684341886080802e-14,0.0,1.2042278285662179e-14,0.0,0.0,0.0,0.0,True
S2,60,6,36,9968.343490460156,888.3679566222174,0.0,186.49377465856674,0.0,0.0,0.0,0.0,True
S2,60,12,72,7576.511060830527,0.0,2.2737367544323206e-13,0.0,1.439275365555659e-13,0.0,0.0,0.0,True
S2,61,6,36,9916.275925925926,837.7715683779386,0.0,175.13931037213695,0.0,0.0,0.0,0.0,True
S2,61,12,72,8822.418161666668,9.777068044058979e-12,0.0,2.0522065824479797e-12,0.0,0.0,0.0,0.0,True
S2,62,6,36,9966.329573512907,743.7547756958394,1.1368683772161603e-13,155.1038175735585,7.177618499554228e-14,0.0,0.0,0.0,True
S2,62,12,72,7263.332465384397,90.10068357178994,0.0,18.821065706731122,0.0,0.0,0.0,0.0,True
S2,63,6,36,9890.536700336701,588.2849952099341,0.0,120.24169197088085,0.0,0.0,0.0,0.0,True
S2,63,12,72,9552.446399129383,192.58932906532542,1.1368683772161603e-13,39.364027590211805,7.23048287909478e-14,0.0,0.0,0.0,True
S2,64,6,36,9945.84758698092,636.957375514485,1.1368683772161603e-13,130.19001533068518,7.138396540540271e-14,0.0,0.0,0.0,True
S2,64,12,72,7759.369388532551,269.91990785226665,1.9326762412674725e-12,54.628979306304274,1.2294719908823027e-12,0.0,0.0,0.0,True
S2,65,6,36,6539.671774169475,813.2930564108121,0.0,167.3119349091079,0.0,0.0,0.0,0.0,True
S2,65,12,72,10800.0,82.66255084366125,0.0,16.93192525618105,0.0,0.0,0.0,0.0,True
S2,66,6,36,5049.960288002246,250.53960544699282,0.0,52.07148803684838,0.0,0.0,0.0,0.0,True
S2,66,12,72,10121.55569281706,9.328998754108113,5.684341886080802e-14,1.9109349197938892,1.0424514584883581e-13,0.0,0.0,0.0,True
S2,67,6,36,9932.409259259259,477.6508936271755,1.1368683772161603e-13,97.62878891826975,2.1353798729251137e-13,0.0,0.0,0.0,True
S2,67,12,72,7979.0967957603825,0.0,21.13963900591193,0.0,12.236680038572123,45.196548194642745,3.2205775823967995e-12,45.196548194639526,True
S2,68,6,36,9893.082188097644,121.80455097552016,788.622600394642,24.896071493075304,972.7887432274154,3716.97325001537,1.3422777556115763e-11,3716.9732500153564,True
S2,68,12,72,6552.35937934657,156.4360676345329,0.0,31.97453209041109,0.0,0.0,0.0,0.0,True
S2,69,6,36,9935.664814814814,417.5218332935771,5641.736234410116,85.33879340588695,4446.941240942091,31337.10919667648,2.284345512748587e-11,31337.109196676458,True
S2,69,12,72,6653.321132533785,0.0,61.63019247663277,0.0,35.67463691509889,131.7653515150397,0.0,131.7653515150397,True
S2,70,6,36,9923.561391694726,310.54540743673454,0.0,63.47349588723455,0.0,0.0,0.0,0.0,True
S2,70,12,72,8421.974823762626,0.0,0.0,0.0,0.0,0.0,0.0,0.0,True
S2,71,6,36,9878.47037037037,236.84750894451122,0.0,48.41011660413571,0.0,0.0,0.0,0.0,True
S2,71,12,72,8171.203483437149,0.0,465.00494185365886,0.0,436.15620326748075,2399.4911502543964,0.0,2399.4911502543964,True
S2,72,6,36,4836.351158473628,105.72732733308084,135.40921033112238,22.111706789424723,161.76250780659043,668.3121575884226,0.0,668.3121575884226,True
S2,72,12,72,10800.0,121.45054752105145,0.0,25.400045228990322,0.0,0.0,0.0,0.0,True
S2,73,6,36,4340.646770134682,11.981386770844608,547.3317784251584,2.5057751660838785,713.3819064735038,3171.137399174365,5.611013875750359e-13,3171.1373991743644,True
S2,73,12,72,8249.557424999999,200.72349566041515,1.1368683772161603e-13,41.97910978880082,1.5465388969460036e-13,0.0,0.0,0.0,True
S2,74,6,36,9852.681738496072,26.986834269747646,1912.9339991498248,5.515936391294538,1440.959151330563,10725.821023508128,2.1452600584837e-11,10725.821023508106,True
S2,74,12,72,6946.6019366058845,0.0,124.60399246409312,0.0,153.57610366479344,580.7151541857731,6.344635039567947e-12,580.7151541857668,True
S2,75,6,36,9927.218518518519,144.0883882684667,3.410605131648481e-12,30.402649924646475,3.831627282124828e-12,0.0,0.0,0.0,True
S2,75,12,72,7206.333347766564,0.0,1023.7631745575295,0.0,1212.0382167641735,5857.767626229705,3.1723175197839737e-12,5857.767626229702,True
S2,76,6,36,9927.711111111112,238.3150248930906,0.0,49.879334710123864,0.0,0.0,0.0,0.0,True
S2,76,12,72,9643.899747289564,0.0,182.84801564769964,0.0,114.8102690251906,0.0,0.0,0.0,True
S2,77,6,36,9885.061111111112,152.68215709863085,4560.825758224926,31.95637548074523,3923.8067614055403,25972.563170496855,3.1723175197839737e-12,25972.56317049685,True
S2,77,12,72,5380.597316596057,0.0,1528.9653119573989,0.0,1371.5655719993126,7420.100677919637,0.0,7420.100677919637,True
S2,78,6,36,9690.048034421998,47.3497652006987,571.520780629899,9.890309291009135,654.0302543893348,2891.8284423861573,0.0,2891.8284423861573,True
S2,78,12,72,6147.210244090908,0.0,144.6770947749501,0.0,163.3339691862251,405.61296123485045,0.0,405.61296123485045,True
S2,79,6,36,3388.5370840404025,0.0,555.8778664688573,0.0,659.382656228589,2118.222179820202,9.81927428256313e-13,2118.2221798202013,True
S2,79,12,72,10800.0,0.0,554.8774365865188,0.0,700.3458752933042,2293.3827321997405,1.7374190974805968e-12,2293.3827321997387,True
S2,80,6,36,4176.3024850561205,0.0,287.99011771072253,0.0,350.9976316391793,1057.8005711621113,0.0,1057.8005711621113,True
S2,80,12,72,10800.0,180.004395025289,0.0,37.58944918063523,0.0,0.0,0.0,0.0,True
S2,81,6,36,9731.267384416387,0.0,203.81075446058696,0.0,277.93164341708007,872.0139111654094,0.0,872.0139111654094,True
S2,81,12,72,8090.226215583616,298.1902188120298,2.0463630789890885e-12,62.56695806429728,1.2979057828488293e-12,0.0,0.0,0.0,True
S2,82,6,36,9871.286806397306,0.0,1168.113569622083,0.0,1408.5744266831161,6927.3874593695145,0.0,6927.3874593695145,True
S2,82,12,72,7979.16407984007,86.5591234933168,28.37522231177485,18.0802692405951,33.307615727798066,197.9455508469362,0.0,197.9455508469362,True
S2,83,6,36,9688.833374180693,7.958078640513122e-13,260.09922461173335,2.7451392270450014e-13,353.9815135773852,1088.5081922440436,0.0,1088.5081922440436,True
S2,83,12,72,8219.11218409652,128.59760897061568,0.0,26.858574706376697,0.0,0.0,0.0,0.0,True
S2,84,6,36,9794.699732794617,0.0,1060.9787244462586,0.0,1236.3749647312632,5280.674433507709,0.0,5280.674433507709,True
S2,84,12,72,6435.156302820862,87.11528761212753,0.0,18.19643951363203,0.0,0.0,0.0,0.0,True
S2,85,6,36,9656.942084921431,98.08354683897312,532.1634886161222,20.48746409797087,659.7142736996744,3712.3724965860574,0.0,3712.3724965860574,True
S2,85,12,72,7992.628841172836,0.0,501.64404507257393,0.0,619.1528133085496,1772.9476718130484,0.0,1772.9476718130484,True
S2,86,6,36,4323.261805207635,116.37413857877891,0.0,24.36196345532546,0.0,0.0,0.0,0.0,True
S2,86,12,72,10800.0,15.373364111776368,1.0800249583553523e-12,3.2182866335287708,6.86895873514004e-13,0.0,0.0,0.0,True
S2,87,6,36,3707.1707235521885,151.15941416366735,47.05780102024664,31.50974737509761,59.52393056749123,232.2537769354325,1.1222027751500719e-12,232.2537769354314,True
S2,87,12,72,10800.0,0.0,544.8119715690021,0.0,631.8278997579857,2147.871777986271,0.0,2147.871777986271,True
S2,88,6,36,9641.694028970262,0.0,130.81867571888358,0.0,180.61721584558796,557.6097388702881,3.1723175197839737e-12,557.6097388702849,True
S2,88,12,72,7990.292149015157,5.684341886080802e-14,500.8396889389362,1.8758328224066646e-14,684.6655956339646,2079.646205677291,0.0,2079.646205677291,True
S2,89,6,36,9063.159001621776,0.0,8845.476038313933,0.0,7650.717855111892,50431.9061773679,1.0338396805309457e-13,50431.9061773679,True
S2,89,12,72,7845.201013768297,36.336332390695816,0.0,7.624172898615932,0.0,0.0,0.0,0.0,True
S2,90,6,36,9285.45777574635,0.0,1649.5797979466274,0.0,1978.4656879167026,9276.49245128026,7.930793799459934e-13,9276.49245128026,True
S2,90,12,72,8773.023957825475,398.9830110121333,0.0,83.70319494191422,0.0,0.0,0.0,0.0,True
S2,91,6,36,9418.313213670035,0.0,3763.4234866772035,0.0,4136.357769691192,21316.151666247584,1.4506387202573024e-12,21316.151666247584,True
S2,91,12,72,7762.5025357605155,478.8993699687431,1.1368683772161603e-13,100.48137530701113,7.291873771464452e-14,0.0,0.0,0.0,True
S2,92,6,36,9709.184701111108,0.0,241.15604727323097,0.0,318.61097924079337,934.1391642613762,0.0,934.1391642613762,True
S2,92,12,72,9282.826833153758,169.08825875474315,2.2737367544323206e-13,35.47848764731603,1.446096575818956e-13,0.0,0.0,0.0,True
S2,93,6,36,3358.4595153928194,49.62063717769735,4.092726157978177e-12,10.3876700125664,2.665490228537237e-12,0.0,0.0,0.0,True
S2,93,12,72,10800.0,0.0,172.75136077756883,0.0,188.64609717732452,504.23159455903124,0.0,504.23159455903124,True
S2,94,6,36,2746.724730580952,13.161278144342077,381.52098513516887,2.755204730995998,463.9307620672315,1546.4358735574392,7.10599579178961e-13,1546.4358735574385,True
S2,94,12,72,10800.0,115.28632632994663,0.0,24.13423895763247,0.0,0.0,0.0,0.0,True
S2,95,6,36,9745.202079883173,0.0,301.8052199091045,0.0,430.3124356080137,1974.8880531873428,0.0,1974.8880531873428,True
S2,95,12,72,8167.911458346432,112.33665672527405,292.18029138538,23.570735882669936,370.1049274895645,2038.2497127044282,1.6654666978865863e-11,2038.2497127044116,True
S2,96,6,36,8981.894029933925,36.46303084054546,3126.8460857488844,7.65075705898856,3125.436899698705,19573.33614867607,0.0,19573.33614867607,True
S2,96,12,72,6635.771773657352,237.64276914884033,5.684341886080802e-14,49.862752812129614,5.6274984672199934e-14,0.0,0.0,0.0,True
S2,97,6,36,9928.954157779714,57.72663975973734,187.7072234351009,12.112336425484967,266.5436590471646,1309.4455906832711,3.9653968997299674e-12,1309.4455906832673,True
S2,97,12,72,7912.759684936416,204.47361903888424,0.0,42.903125389654306,0.0,0.0,0.0,0.0,True
S2,98,6,36,9893.224287601754,294.8104944280027,4.040065676387144,61.57933328221372,2.4925185190479575,22.828633508356535,0.0,22.828633508356535,True
S2,98,12,72,5308.786216810426,0.0,1007.5399466402741,0.0,749.0001142018575,4721.566654191732,2.2206222638487816e-11,4721.56665419171,True
S2,99,6,36,9785.89481685208,55.78636131328216,1316.9251965073959,11.652525947482928,907.2628660893943,7361.370193796339,0.0,7361.370193796339,True
S2,99,12,72,6333.653349444673,51.559278371983055,2.0463630789890885e-12,10.769582652812216,1.3014869182370604e-12,0.0,0.0,0.0,True
S2,100,6,36,2267.6000717081583,0.0,1799.4431352276722,0.0,2288.0463809174476,7786.610539827019,4.18118872858031e-12,7786.610539827015,True
S2,100,12,72,10800.0,280.69556773436983,0.0,58.51204490011525,0.0,0.0,0.0,0.0,True
S2,101,6,36,2731.364720913365,7.094244080080216,5.684341886080802e-14,1.478821812173571,1.15022658064845e-13,0.0,0.0,0.0,True
S2,101,12,72,10800.0,5.684341886080802e-14,198.9905463532398,3.8340886021615005e-14,227.519257552272,617.7164305182913,1.09414770577132e-11,617.7164305182804,True
S2,102,6,36,9935.763642903848,147.7988876334167,4.547473508864641e-13,30.871889340226065,2.8553586162161083e-13,0.0,0.0,0.0,True
S2,102,12,72,5559.537753158223,0.0,73.3652191228046,0.0,54.44666800335868,127.06671194343087,1.3482349459081888e-11,127.06671194341739,True
S2,103,6,36,9445.030431629124,0.0,355.7560297472777,0.0,449.38741011722186,1296.6618172459557,3.9653968997299674e-12,1296.6618172459519,True
S2,103,12,72,7394.9931139776145,392.98531602820606,2.2737367544323206e-13,82.08586264091406,3.3666083254502155e-13,0.0,0.0,0.0,True
S2,104,6,36,8772.703836503315,152.93711548941877,2679.0436410646753,31.94515047443307,2613.267716682696,16736.228413742196,2.4585460778325796e-11,16736.22841374217,True
S2,104,12,72,7848.400275207021,0.0,59.84232132797126,0.0,37.68270974022351,0.0,0.0,0.0,True
S2,105,6,36,9690.764585790173,76.53197745568946,2014.9087788021106,15.985822199561461,2384.870713355029,13155.373824416838,0.0,13155.373824416838,True
S2,105,12,72,6450.149017342666,67.4288204203254,3.410605131648481e-13,14.08437584132133,2.1532855498662684e-13,0.0,0.0,0.0,True
S2,106,6,36,7526.691014760613,95.82494044538555,4635.911944767873,20.056160035219225,3428.921492171796,25347.81454684477,0.0,25347.81454684477,True
S2,106,12,72,6472.828400679306,111.2158025003531,5.684341886080801e-13,23.277467463323905,3.3567175705684353e-13,0.0,0.0,0.0,True
S2,107,6,36,2284.7235143119537,30.33417528126938,423.6935839379614,6.348942886369683,527.0703827436264,1756.9012758120875,0.0,1756.9012758120875,True
S2,107,12,72,10800.0,73.25527692859191,0.0,15.332329461154288,0.0,0.0,0.0,0.0,True
S2,108,6,36,2721.331374112718,37.37342984926062,0.0,7.822258867450247,0.0,0.0,0.0,0.0,True
S2,108,12,72,10800.0,0.0,738.2552014301466,0.0,985.8674767696004,3462.999483690879,0.0,3462.999483690879,True
S2,109,6,36,9107.43689103367,0.0,2109.4370416668344,0.0,1712.4494554754633,11739.996563814857,3.172317519783974e-11,11739.996563814826,True
S2,109,12,72,5722.415184441195,70.70529414872539,376.8327688151664,14.768758085254099,455.6647537247434,2628.785395254581,6.344635039567947e-12,2628.7853952545747,True
S2,110,6,36,9444.666300135521,0.0,415.55755862370074,0.0,528.8669774425196,1523.5815789429992,0.0,1523.5815789429992,True
S2,110,12,72,7157.054628926256,117.26721941362587,0.0,24.49450519514558,0.0,0.0,0.0,0.0,True
S2,111,6,36,8996.121127893204,0.0,5035.390409151791,0.0,4577.289455030905,29734.2612154473,0.0,29734.2612154473,True
S2,111,12,72,6627.208359802912,0.0,48.76001002854582,0.0,63.9138593833432,186.06801782750992,0.0,186.06801782750992,True
S2,112,6,36,7032.669892205332,0.0,5081.5436999759495,0.0,4580.005421045283,28624.879960898295,4.494378202934968e-13,28624.879960898295,True
S2,112,12,72,6232.995239444792,35.95929455513533,7.105427357601002e-13,7.511094163388915,4.832187983083714e-13,0.0,0.0,0.0,True
S2,113,6,36,8164.769996358021,69.35991181301267,135.7426327554806,14.487737738945414,164.1421913963521,946.9406061006687,0.0,946.9406061006687,True
S2,113,12,72,5806.217795061727,58.157531968960825,662.08788563777,12.147810582306953,848.4322263207118,4618.725090209087,8.723873179405928e-12,4618.725090209078,True
S2,114,6,36,2085.858728580246,37.29289504127945,115.65838224610049,7.773843978810469,143.31637923685508,477.7212641228494,0.0,477.7212641228494,True
S2,114,12,72,10800.0,0.0,0.0,0.0,0.0,0.0,0.0,0.0,True
S2,115,6,36,1844.2546444290126,0.0,347.1171580254801,0.0,436.1725692454862,1433.337726124199,0.0,1433.337726124199,True
S2,115,12,72,10800.0,1.1368683772161603e-13,394.1564658544354,7.302105586859397e-14,509.46976001376515,1645.805799143563,0.0,1645.805799143563,True
S2,116,6,36,6997.189803873456,133.81007465673832,2472.277677708658,27.949938484353748,2278.6803715443907,13684.600111476062,3.1723175197839737e-12,13684.600111476058,True
S2,116,12,72,6439.187836697267,140.86753191577594,0.0,29.424083811248163,0.0,0.0,0.0,0.0,True
S2,117,6,36,9817.455437175928,201.8699033736409,1784.7121033471335,42.251370776113205,1284.6517239422906,9909.55454718004,0.0,9909.55454718004,True
S2,117,12,72,7043.253915808718,0.0,711.6233920728623,0.0,861.2049321350133,2776.378605285036,0.0,2776.378605285036,True
S2,118,6,36,6599.552080848765,80.83953760105271,570.869329851408,16.88557538622807,751.3455297929852,3982.3844450431707,0.0,3982.3844450431707,True
S2,118,12,72,6503.179199922841,0.0,936.2599010270665,0.0,1164.870323393437,5540.162122700393,3.9653968997299674e-12,5540.16212270039,True
S2,119,6,36,5633.1847598611075,285.795669180211,472.9108644315351,59.69633746318175,546.9595494261142,2642.2475288145533,1.5454659774150059e-12,2642.247528814552,True
S2,119,12,72,4814.981234999998,0.0,2269.102073995776,0.0,1720.1075382102242,10202.592029501877,3.1723175197839737e-12,10202.592029501873,True
S2,120,6,36,7020.517859598765,169.93051435732832,1495.6558624949835,35.494692272510456,1764.3034102477388,8144.792407226586,0.0,8144.792407226586,True
S2,120,12,72,6712.959825058257,142.81996374021793,2.2737367544323206e-13,29.83190324881893,1.446096575818956e-13,0.0,0.0,0.0,True
S2,121,6,36,2613.59168359568,0.0,266.69009157897403,0.0,313.5945324972986,984.7461946800395,8.135970119838021e-12,984.7461946800313,True
S2,121,12,72,10800.0,35.99185498510377,0.0,7.5330952483823195,0.0,0.0,0.0,0.0,True
S2,122,6,36,2367.0060835030877,0.0,177.78991380417708,0.0,202.4636027936835,681.7841686224273,1.40275346893759e-12,681.7841686224259,True
S2,122,12,72,10800.0,1.1368683772161603e-13,239.5408084895065,7.658513823116664e-14,311.2275080543196,1065.0793955358454,0.0,1065.0793955358454,True
S2,123,6,36,9078.885843657406,1.6809641605761954,118.41111255577073,0.34357832687614226,165.52744527977381,826.0359211890709,1.9826984498649836e-11,826.0359211890511,True
S2,123,12,72,7891.794786805554,0.0,86.41968954751349,0.0,88.45690867888396,302.0356939143027,0.0,302.0356939143027,True
S2,124,6,36,9822.98644013889,66.15848771022678,2.2737367544323206e-13,13.52237192055798,1.4355236999108455e-13,0.0,0.0,0.0,True
S2,124,12,72,5776.81311026235,0.0,195.92062582067746,0.0,161.70899215496453,540.8986669444618,0.0,540.8986669444618,True
S2,125,6,36,5760.55251148148,0.0,5521.260980940082,0.0,5268.024746422861,28841.299657508676,1.5861587598919868e-12,28841.299657508676,True
S2,125,12,72,5844.980427358602,0.0,763.6089592744454,0.0,1069.0639492925086,5158.1016999101585,0.0,5158.1016999101585,True
S2,126,6,36,7010.740090370369,0.0,4388.4672854381915,0.0,3929.951594754812,24551.949496068926,8.494794201396872e-12,24551.94949606892,True
S2,126,12,72,5465.640525260783,113.80810170998183,2.2737367544323206e-13,23.261648386457495,1.446096575818956e-13,0.0,0.0,0.0,True
S2,127,6,36,9798.709327422837,0.0,387.73231599397815,0.0,627.6426483021983,2486.166425665176,0.0,2486.166425665176,True
S2,127,12,72,7410.663165015425,69.66393470152002,250.13379579422602,14.238862874397663,277.28543556749827,1731.2477896679725,0.0,1731.2477896679725,True
S2,128,6,36,2177.338484552468,148.7675871838071,360.78664972582743,31.113103400555854,452.54130860458827,1523.6392189713451,0.0,1523.6392189713451,True
S2,128,12,72,10800.0,0.0,827.5686859365094,0.0,1005.561567083313,3442.7013230303614,4.861249180976301e-13,3442.701323030361,True
S2,129,6,36,2228.680545477331,0.0,1115.9366887461597,0.0,1495.8213102693273,5556.805923278673,2.8322233447397595e-14,5556.805923278673,True
S2,129,12,72,10800.0,271.27398105546837,0.0,57.23881000270393,0.0,0.0,0.0,0.0,True
S2,130,6,36,9429.873040046412,0.0,2566.7496179786667,0.0,2506.127004562166,15114.699823487601,0.0,15114.699823487601,True
S2,130,12,72,6472.261180722746,20.67529055253283,238.6228092552832,4.327338312645209,387.17900854211183,1664.6327173616646,0.0,1664.6327173616646,True
S2,131,6,36,5124.807434198147,65.72391266686452,7636.696678791165,13.433547560039331,6635.875610937279,44437.5844588768,1.1041834113711956e-13,44437.5844588768,True
S2,131,12,72,7519.377239506828,0.0,117.52441670540145,0.0,127.13745244630337,450.09122675556904,0.0,450.09122675556904,True
S2,132,6,36,9971.413788249194,0.0,1338.0599238047098,0.0,1789.747845913196,8860.034993150393,0.0,8860.034993150393,True
S2,132,12,72,8940.989525920266,0.0,115.66321626429703,0.0,122.35842859602693,763.3701058749118,1.5861587598919868e-12,763.3701058749102,True
S2,133,6,36,9274.183472860866,0.0,4358.083404018774,0.0,3049.014738139284,23777.317507686814,2.537854015827179e-11,23777.31750768679,True
S2,133,12,72,7983.691309364633,11.579512320036883,5.684341886080802e-14,2.4235919285837197,6.153584308776771e-14,0.0,0.0,0.0,True
S2,134,6,36,7135.246625215525,7.502376725484623,5775.0645424910035,1.5702474486439333,4507.179658250346,32488.51318905037,1.1896190699189901e-11,32488.513189050358,True
S2,134,12,72,7106.985104839223,0.0,188.1428567625864,0.0,234.96180590720653,794.4786246794763,0.0,794.4786246794763,True
S2,135,6,36,1578.7712625941642,5.684341886080802e-14,289.9466575811019,1.2153122952440753e-14,375.1281046831772,1250.4899571141777,0.0,1250.4899571141777,True
S2,135,12,72,10800.0,0.0,0.0,0.0,0.0,0.0,0.0,0.0,True
S2,136,6,36,1329.8769653747715,0.0,505.8210178300686,0.0,645.5047394407801,2155.1914114293295,0.0,2155.1914114293295,True
S2,136,12,72,10800.0,2.2737367544323206e-13,446.1234953211416,1.5351133697549813e-13,577.3950872022976,2111.8357179802993,0.0,2111.8357179802993,True
S2,137,6,36,9517.249384014716,0.0,700.8077907233975,0.0,1025.1725204150625,4213.097284393434,0.0,4213.097284393434,True
S2,137,12,72,7923.428905246081,123.65665996265557,0.0,25.274630729059425,0.0,0.0,0.0,0.0,True
S2,138,6,36,9035.665089929966,97.20367087878816,496.20644619590564,19.86780888075456,600.5819729300177,3461.536168662636,1.4275428839027881e-11,3461.536168662622,True
S2,138,12,72,7986.072906967004,0.0,206.93977388949105,0.0,223.37494346307722,1239.5740363778164,0.0,1239.5740363778164,True
S2,139,6,36,8368.203971548799,195.4693252534164,4065.8606716873605,39.952680398541034,3228.188214857273,23543.400390818686,7.930793799459934e-13,23543.400390818686,True
S2,139,12,72,6950.22496374985,0.0,64.73752866598238,0.0,37.47331846830391,138.4088362878663,0.0,138.4088362878663,True
S2,140,6,36,5142.717820260785,58.32283171757297,7171.697475508798,11.920813930926528,6553.920909067145,41585.18062599338,4.18420853520729e-13,41585.18062599338,True
S2,140,12,72,6441.704716549509,39.654731003545635,0.0,8.105173494719502,0.0,0.0,0.0,0.0,True
S2,141,6,36,7443.564098713115,50.484186854756956,758.989554976806,10.318645035343653,677.3014808771266,4795.240115037673,1.9826984498649836e-11,4795.240115037653,True
S2,141,12,72,5663.608532046451,0.0,859.8310183162414,0.0,668.4739711658119,4474.699300724486,1.1896190699189901e-11,4474.699300724475,True
S2,142,6,36,1639.2082475342106,21.354653907720206,228.50356010730474,4.469529062885839,298.235551073769,1024.757104469626,5.601279440270446e-13,1024.7571044696256,True
S2,142,12,72,10800.0,0.11260458649707061,676.3822547082254,0.02356813995383688,948.3156489327473,4161.328705703319,1.111948222387582e-11,4161.3287057033085,True
S2,143,6,36,1320.532102991083,121.16793687460785,334.94437557391944,25.360449187855515,446.0719335355797,1486.9064451178651,1.8944695812095345e-13,1486.906445117865,True
S2,143,12,72,10800.0,0.0,43.245701716794656,0.0,27.153976107975364,0.0,0.0,0.0,True
S2,144,6,36,9080.362106993402,0.0,1575.3503212196488,0.0,1699.2297703007744,9602.575006871457,0.0,9602.575006871457,True
S2,144,12,72,8750.681741135591,0.0,137.93354375015565,0.0,183.0354698393696,537.086804546936,2.3792381398379804e-12,537.0868045469336,True
S2,145,6,36,6569.8981766780435,0.0,6692.473648439663,0.0,5629.996737045795,36096.177788806366,0.0,36096.177788806366,True
S2,145,12,72,6172.408479797026,229.73204124844096,79.65432113720723,48.0829162333029,78.857777925836,555.6685442531499,3.1723175197839737e-12,555.6685442531467,True
S2,146,6,36,4902.977752594135,37.14635829354302,7513.080825770454,7.774732790838554,6547.882523197866,43511.69013284045,5.302968730802604e-12,43511.69013284044,True
S2,146,12,72,6994.302763827635,29.618852131866674,0.0,6.1992257511996955,0.0,0.0,0.0,0.0,True
S2,147,6,36,9391.298909618603,85.12352513739052,884.1737879742348,17.81635381126822,1043.4414311750577,5968.045343686389,2.3792381398379804e-12,5968.045343686386,True
S2,147,12,72,5442.799148798733,0.0,165.83389624972654,0.0,170.79370878460733,593.2459033478821,0.0,593.2459033478821,True
S2,148,6,36,9116.610525825265,0.0,7816.868293723902,0.0,6459.93261392126,44101.30016811445,0.0,44101.30016811445,True
S2,148,12,72,8145.4526855013355,102.38510434948444,1.2505552149377763e-12,21.429202340347093,7.238838861667319e-13,0.0,0.0,0.0,True
S2,149,6,36,1853.1425072941202,23.949913531188884,491.3858458782228,5.012716902077834,666.3270776803154,2830.184663032813,9.437650660970576e-14,2830.184663032813,True
S2,149,12,72,10800.0,8.170883797556712,0.0,1.7101659788286199,0.0,0.0,0.0,0.0,True
S2,150,6,36,2305.797128553744,0.0,0.5371748819556501,0.0,0.3372921083799527,0.0,0.0,0.0,True
S2,150,12,72,10800.0,0.0,0.0,0.0,0.0,0.0,0.0,0.0,True
S2,151,6,36,8485.78522808312,0.0,2064.6604456942277,0.0,2490.0287288587624,9700.75362610794,0.0,9700.75362610794,True
S2,151,12,72,7421.167368110874,0.0,645.7396722379184,0.0,852.2536740295095,2400.810019889857,0.0,2400.810019889857,True
S2,152,6,36,8338.836256715638,0.0,824.4968890480948,0.0,1093.264382881259,4151.633430543932,0.0,4151.633430543932,True
S2,152,12,72,7408.734615269695,0.0,108.0985760503522,0.0,150.30884602638525,524.415216660653,1.0310031939297915e-11,524.4152166606426,True
S2,153,6,36,8390.540914797415,0.0,7200.8520069036,0.0,8345.941491630929,40043.1492776562,9.787441968001077e-13,40043.1492776562,True
S2,153,12,72,8737.89136389245,116.66186225149875,2.2737367544323206e-13,23.844938796353315,1.446096575818956e-13,0.0,0.0,0.0,True
S2,154,6,36,7869.384748242682,0.0,1200.3242913304134,0.0,1681.4983717111566,5879.559404301818,1.9152821550960654e-12,5879.559404301816,True
S2,154,12,72,8942.288386205832,158.88864174862704,6.821210263296962e-13,32.47582255942508,9.278210200136528e-13,0.0,0.0,0.0,True
S2,155,6,36,8023.675977641645,0.0,6760.248142484044,0.0,8061.25511809554,37050.78479108274,2.3792381398379804e-12,37050.78479108274,True
S2,155,12,72,7853.436055164335,66.5643203053109,76.73135649085668,13.605321508405996,90.39565462638757,535.2779428802329,1.1192225812806101e-11,535.2779428802218,True
S2,156,6,36,1212.184316845076,0.0,1769.1526053234325,0.0,2277.7325020472053,7592.441673490683,5.611013875750359e-13,7592.441673490682,True
S2,156,12,72,8744.742081157818,269.81820596522635,5.684341886080802e-14,55.30771055873379,3.61524143954739e-14,0.0,0.0,0.0,True
S2,157,6,36,3120.6726813447035,0.0,1109.4584538739919,0.0,1499.1351624100623,5347.310028912205,0.0,5347.310028912205,True
S2,157,12,72,7259.017967085443,164.484127555986,349.9572447333183,33.61950408513833,485.7177722022655,2441.3017392596234,2.3698589757259467e-12,2441.301739259621,True
S2,158,6,36,9321.560972987054,34.41324726435437,2106.0600732319117,7.0338477284692065,2201.7602345675004,13117.849854569846,6.144829512777505e-09,13117.849854563701,True
S2,158,12,72,9387.855419386484,0.0,81.68639226764856,0.0,84.86366044911895,418.0281152927689,1.0358454538561546e-11,418.02811529275857,True
S2,159,6,36,8856.090716806122,0.0,492.4461391841681,0.0,646.3265019822619,2188.6893009193313,0.0,2188.6893009193313,True
S2,159,12,72,7834.275026571776,289.2405962583934,0.0,59.118928689256435,0.0,0.0,0.0,0.0,True
S2,160,6,36,8987.965223859836,0.0,2389.996494444826,0.0,2782.301223629219,13234.587379277458,0.0,13234.587379277458,True
S2,160,12,72,6708.0115550939145,205.84675014810273,1498.2593451914895,42.073759701594035,1377.4620696524967,8643.10965706921,0.0,8643.10965706921,True
S2,161,6,36,9374.419055486325,97.9403417081628,2032.0835794269688,20.018379688561176,2392.50107836079,9246.914857568047,1.5380265949715976e-12,9246.914857568045,True
S2,161,12,72,5677.527089774079,0.0,152.98869605100856,0.0,94.95072195641589,568.0975331545625,0.0,568.0975331545625,True
S2,162,6,36,9350.500473793263,88.62556407418356,892.5560455049003,18.11449869183121,767.6715640003681,5324.163344234406,0.0,5324.163344234406,True
S2,162,12,72,7154.6925614968895,0.0,144.8777575388885,0.0,127.65584468192941,428.51231908528007,0.0,428.51231908528007,True
S2,163,6,36,2382.633539510604,0.0,1050.7305760714726,0.0,1271.3269350053931,4330.209702909359,4.78960648919724e-12,4330.209702909355,True
S2,163,12,72,7580.485058484837,0.0,822.6696849746493,0.0,1168.5930421681749,4548.549167309121,7.930793799459934e-13,4548.54916730912,True
S2,164,6,36,1800.9481795819318,171.13987369910518,576.8547858553279,34.97989604497718,725.3232458588038,2417.779156290959,6.223643822522718e-13,2417.7791562909583,True
S2,164,12,72,9779.191590000002,72.24036555486367,1.7053025658242404e-13,14.765468869067368,1.9595631783886348e-13,0.0,0.0,0.0,True
S2,165,6,36,10106.652981762065,52.83967470272728,4458.452230479035,10.768214754729396,3386.6254593570493,24893.373285092377,0.0,24893.373285092377,True
S2,165,12,72,6808.9033686953535,23.462199315820044,223.94744599201607,4.781369345555763,271.21821131898116,1526.6820697705552,0.0,1526.6820697705552,True
S2,166,6,36,9970.955619528619,13.945279823582837,2864.3755658722557,2.9187470670758877,2390.5950442906633,15492.78024089058,0.0,15492.78024089058,True
S2,166,12,72,6625.5932506014815,0.0,451.37831180063074,0.0,619.6361900099467,1793.8983589958243,0.0,1793.8983589958243,True
S2,167,6,36,10093.695686868687,137.72434041031408,3977.8432288370805,28.76754124935308,3614.1894088188874,23344.287180516836,3.9653968997299674e-12,23344.287180516832,True
S2,167,12,72,6769.350303287382,0.0,182.04375933521993,0.0,144.02713184928317,156.32654009788195,0.0,156.32654009788195,True
S2,168,6,36,10130.678709034792,167.1555049651747,3747.37288374517,34.91505473771741,3546.949958285724,22417.358629802427,2.062006387859583e-11,22417.358629802406,True
S2,168,12,72,7590.240376673306,58.59694351813812,0.0,12.239593849002878,0.0,0.0,0.0,0.0,True
S2,169,6,36,10061.137793490461,0.0,2302.2018506978043,0.0,2616.2438210424916,13808.71313764485,3.9653968997299674e-12,13808.713137644847,True
S2,169,12,72,8638.699415701461,243.80277610714649,764.0097057473175,50.92495921544412,780.9068697250278,4491.16374443407,1.4275428839027881e-11,4491.163744434056,True
S2,170,6,36,2615.95713276375,225.2293472532847,5.684341886080801e-13,47.04538441331794,6.908521754667163e-13,0.0,0.0,0.0,True
S2,170,12,72,10777.954394430417,0.0,390.69830453304576,0.0,308.68881573512175,382.90926032823484,0.0,382.90926032823484,True
S2,171,6,36,2418.838519786758,166.48079572767926,3.581135388230905e-12,34.774123034845175,2.2612141492572845e-12,0.0,0.0,0.0,True
S2,171,12,72,10800.0,0.0,266.48938251509503,0.0,248.37251823605615,478.7937360495746,0.0,478.7937360495746,True
S2,172,6,36,9897.020288164975,120.84125790808571,3393.964480941465,25.34894762217979,3955.4126232450144,21113.557756216105,0.0,21113.557756216105,True
S2,172,12,72,8150.977615676204,0.0,52.97177718932937,0.0,45.103553458303146,66.04276455534993,0.0,66.04276455534993,True
S2,173,6,36,10108.193055555555,237.59093334053114,895.6514824014114,49.83960138295654,752.080467747606,5386.527122522548,0.0,5386.527122522548,True
S2,173,12,72,8614.879318773854,0.0,0.0,0.0,0.0,0.0,0.0,0.0,True
S2,174,6,36,9929.715644388572,28.87980179516626,671.5440004358207,6.05962648613813,733.407612687454,2814.6483766059528,6.501657878743572e-12,2814.6483766059464,True
S2,174,12,72,6402.66496683501,0.0,162.033508241331,0.0,192.3626716926393,473.0431294821267,0.0,473.0431294821267,True
S2,175,6,36,10128.783796296297,127.02206582574797,1765.7411034516565,26.645499634960185,1865.8334047017695,10727.36702426212,0.0,10727.36702426212,True
S2,175,12,72,8220.013143075195,108.3447305263403,536.1491872391395,22.72754311561722,669.95274678528,3738.4703770099027,0.0,3738.4703770099027,True
S2,176,6,36,10106.175,327.45756942054186,1359.8100381637216,68.6909828598559,906.9639683938767,7617.15037801474,0.0,7617.15037801474,True
S2,176,12,72,7705.084002295179,0.0,1141.1167725312105,0.0,1063.3202584185199,5504.078231937442,0.0,5504.078231937442,True
S2,177,6,36,3153.3511353367003,72.8393377410556,0.0,15.28331750126608,0.0,0.0,0.0,0.0,True
S2,177,12,72,10800.0,446.2084614750227,0.0,93.6244864377682,0.0,0.0,0.0,0.0,True
S2,178,6,36,2463.8980717143672,0.0,288.13616482117453,0.0,297.3189978527557,834.7355375502327,0.0,834.7355375502327,True
S2,178,12,72,10480.324339373172,0.0,156.95056463488984,0.0,238.8336009165172,792.6563876811164,0.0,792.6563876811164,True
S2,179,6,36,9854.828850993272,0.0,4082.167293377389,0.0,4531.188318792028,25366.441120147534,0.0,25366.441120147534,True
S2,179,12,72,7010.269864349162,0.0,1844.107076866346,0.0,1620.1613887586072,10389.804584991545,0.0,10389.804584991545,True
S2,180,6,36,10087.868518518519,142.10884200992234,401.42273460512354,29.810262282259632,564.6299278735754,2800.324996605363,3.9653968997299674e-12,2800.324996605359,True
S2,180,12,72,6806.98673122054,0.0,30.511726296256484,0.0,19.313922745530355,0.0,0.0,0.0,True
S2,181,6,36,6259.945916644218,0.0,15839.6905295817,0.0,18079.101220063123,82332.13921419572,0.0,82332.13921419572,True
S2,181,12,72,7756.045815251733,0.0,860.563596299972,0.0,992.3771793286895,4501.888780713544,9.516952559351921e-12,4501.888780713535,True
S2,182,6,36,4320.1873492424,0.0,15586.23437181267,0.0,16463.096118402475,77810.98019381863,8.535785411822872e-13,77810.98019381863,True
S2,182,12,72,6887.758878901216,0.0,336.7941120878569,0.0,477.60559322353777,1574.0959150597153,0.0,1574.0959150597153,True
S2,183,6,36,5856.904564736252,0.0,17238.080086825146,0.0,20033.67458288975,86995.43499774796,1.5669058939238313e-11,86995.43499774794,True
S2,183,12,72,8978.02168342478,11.696604162377184,53.133304020494734,2.4536041034512337,97.39260551539232,370.65792884694827,0.0,370.65792884694827,True
S2,184,6,36,1200.0,0.0,6364.854771609938,0.0,8520.077631471477,30714.900421383645,5.551555659621954e-12,30714.900421383638,True
S2,184,12,72,10800.0,2.4146053314109395,3.5697667044587433e-11,0.5065132979723727,6.532976613016216e-11,0.0,0.0,0.0,True
S2,185,6,36,1200.0,0.0,5663.9988331913155,0.0,7531.750126882166,25654.089043765125,0.0,25654.089043765125,True
S2,185,12,72,10800.0,0.0,887.1219335728033,0.0,1213.9426229159224,4819.917110198186,0.0,4819.917110198186,True
S2,186,6,36,4831.366432128998,0.0,22588.1753692978,0.0,24253.40108881315,113473.44181917462,3.9653968997299674e-12,113473.44181917462,True
S2,186,12,72,8101.333947849034,0.0,197.17548039876635,0.0,253.15002574830604,1213.6096553791529,0.0,1213.6096553791529,True
S2,187,6,36,5309.913258124491,0.0,10755.240347496088,0.0,10969.855593205753,53389.76296383193,0.0,53389.76296383193,True
S2,187,12,72,6379.529195107603,0.0,2779.9353763971517,0.0,3243.8866173521674,17184.518430917367,0.0,17184.518430917367,True
S2,188,6,36,7920.615040639856,0.0,4619.320957371168,0.0,6038.532771885892,23687.732143326648,3.9653968997299674e-12,23687.732143326644,True
S2,188,12,72,6801.575026821498,246.0028192699309,601.2798460461499,51.38449913589068,663.6507287150039,3904.4303397341273,0.0,3904.4303397341273,True
S2,189,6,36,8001.490623747199,0.0,4527.0559287934775,0.0,5073.044034937894,22944.55226433694,0.0,22944.55226433694,True
S2,189,12,72,7750.913210677245,0.0,1786.3635699505703,0.0,2563.320269583854,9863.082287163677,0.0,9863.082287163677,True
S2,190,6,36,7562.091131904854,0.0,8628.367639525655,0.0,9524.635719934233,46308.94968975605,0.0,46308.94968975605,True
S2,190,12,72,6588.951050167636,0.0,368.11182939614207,0.0,484.36768075434816,1322.9660615891742,0.0,1322.9660615891742,True
S2,191,6,36,1200.0,0.0,3871.932838633213,0.0,5143.675394260691,16685.61997630073,5.4167230700841174e-12,16685.619976300728,True
S2,191,12,72,8929.446225000002,43.65026116182253,4.547473508864641e-13,9.117565455581094,2.878550731111318e-13,0.0,0.0,0.0,True
S2,192,6,36,1200.0,0.0,4092.1075065803743,0.0,5503.240141995049,20419.23709265778,0.0,20419.23709265778,True
S2,192,12,72,9923.189278186053,0.0,594.8460069986108,0.0,756.0324608724651,3340.6497358026545,0.0,3340.6497358026545,True
S2,193,6,36,8510.982475712064,0.0,1399.9801661232514,0.0,1742.9791049598698,5986.593551864627,5.0875996748800395e-12,5986.593551864622,True
S2,193,12,72,5137.056699998458,0.0,917.9024755949829,0.0,1234.3900270989518,3454.7112757561804,0.0,3454.7112757561804,True
S2,194,6,36,8679.752248529745,0.0,4082.3385476790277,0.0,4393.041718306059,22151.856469195198,0.0,22151.856469195198,True
S2,194,12,72,6928.287456067945,0.0,1183.8411607917692,0.0,1660.8088785362977,7150.931671702831,0.0,7150.931671702831,True
S2,195,6,36,10036.193055555555,413.4168657840218,2.2737367544323206e-13,86.35355743355235,3.02571834254195e-13,0.0,0.0,0.0,True
S2,195,12,72,9213.019460143098,0.0,192.43735115059445,0.0,121.17780001952933,0.0,0.0,0.0,True
S2,196,6,36,9925.643226324355,0.0,309.2270995982517,0.0,405.031349949947,1101.1606242867247,3.9653968997299674e-12,1101.1606242867208,True
S2,196,12,72,7595.220236708754,317.8208920218238,3.524291969370097e-12,66.3856918385315,2.5699591787997636e-12,0.0,0.0,0.0,True
S2,197,6,36,9939.076095518281,64.27878296802373,2985.5209880948073,13.426403313908088,3010.4142167928585,18317.214505183736,3.013701643794775e-11,18317.214505183707,True
S2,197,12,72,6825.402776274301,353.2640511491013,1.1368683772161603e-13,73.78897682914109,7.448761607520282e-14,0.0,0.0,0.0,True
S2,198,6,36,3155.5198272615066,181.89012529615547,4.547473508864641e-13,37.992788106432265,2.871047399821691e-13,0.0,0.0,0.0,True
S2,198,12,72,9388.268789668911,3.0342034970871055,0.0,0.6337773991244892,0.0,0.0,0.0,0.0,True
S2,199,6,36,2228.3797557407433,214.0185231357715,1.0231815394945443e-12,44.703693436408656,6.502830274257577e-13,0.0,0.0,0.0,True
S2,199,12,72,10800.0,0.0,132.2136943582551,0.0,83.25496333739325,0.0,0.0,0.0,True
S2,200,6,36,10059.50925925926,387.2245213086608,0.0,80.88256118214619,0.0,0.0,0.0,0.0,True
S2,200,12,72,8422.645059438837,0.0,173.3493210798963,0.0,170.05499162677182,858.4719141640633,0.0,858.4719141640633,True
S2,201,6,36,9993.979388327722,146.83798033544213,0.0,30.73318928420804,0.0,0.0,0.0,0.0,True
S2,201,12,72,8285.105140143096,74.82077248020505,0.0,15.659987680106918,0.0,0.0,0.0,0.0,True
S2,202,6,36,9723.839559882164,0.0,10896.618928253465,0.0,10356.47884933191,62257.23946281453,0.0,62257.23946281453,True
S2,202,12,72,8279.523763852401,0.0,200.07826600034696,0.0,266.81680035371875,739.4731853242546,0.0,739.4731853242546,True
S2,203,6,36,10045.068055555555,343.3892764236831,9.094947017729282e-13,71.72635675490277,1.6720150597393515e-12,0.0,0.0,0.0,True
S2,203,12,72,9730.813348249158,3.410605131648481e-13,308.43277517699175,2.304375357198296e-13,216.78522404520112,136.04774637330527,0.0,136.04774637330527,True
S2,204,6,36,9801.918830277778,0.0,345.5229225109247,0.0,459.5306248919005,1269.9613126641189,0.0,1269.9613126641189,True
S2,204,12,72,9688.947718897307,357.427492704693,0.0,74.65862685856159,0.0,0.0,0.0,0.0,True
S2,205,6,36,2390.8108683726177,118.83244814948682,93.91471190040824,24.933697790850463,113.21016303141685,377.36721010472286,1.7249135453312194e-13,377.3672101047227,True
S2,205,12,72,10800.0,73.5757768383653,0.0,15.437838847745574,0.0,0.0,0.0,0.0,True
S2,206,6,36,2840.093884349048,109.86610496886033,337.0198422897112,23.052359026596797,469.2345353957606,2351.0504198130207,7.137714419513941e-12,2351.0504198130134,True
S2,206,12,72,10800.0,96.06154321082192,0.0,20.155854104161204,0.0,0.0,0.0,0.0,True
S2,207,6,36,9539.181540249721,0.0,3012.203779226919,0.0,3845.09943515741,17663.13237272349,0.0,17663.13237272349,True
S2,207,12,72,8034.759211411341,898.4218521451623,0.0,188.42978675459818,0.0,0.0,0.0,0.0,True
S2,208,6,36,10048.331481481482,258.6288306534765,1052.4338606502295,54.266096541264425,1405.650065052798,7287.4866207227515,0.0,7287.4866207227515,True
S2,208,12,72,6328.598918636364,0.0,77.9702847111447,0.0,49.3551902221546,0.0,0.0,0.0,True
S2,209,6,36,9910.420696325074,0.0,5441.866320230866,0.0,4693.070259919299,28462.077616138376,0.0,28462.077616138376,True
S2,209,12,72,8159.1416803462,187.78863383935277,230.13071097377042,39.224854909733324,227.82940386403467,1300.3673901999443,0.0,1300.3673901999443,True
S2,210,6,36,9658.04249338104,357.11582201106506,7399.30817961639,74.59352580591946,6208.078177029331,41877.992132972126,0.0,41877.992132972126,True
S2,210,12,72,6693.18713363947,0.0,997.7480168477725,0.0,915.9853283716743,5521.82682999725,0.0,5521.82682999725,True
S2,211,6,36,9921.889421722783,291.67260987448344,2256.3394745567334,60.92389922415151,1863.1475146805392,13253.556997464435,1.586158759891987e-11,13253.556997464419,True
S2,211,12,72,7311.238398633202,0.0,2963.0340429724606,0.0,3078.8568342565295,16028.747261147513,0.0,16028.747261147513,True
S2,212,6,36,1653.0581583165012,0.0,929.0916008324584,0.0,1217.1155861458806,3934.0031406766984,1.2447287645045436e-13,3934.0031406766984,True
S2,212,12,72,10800.0,139.99737180009242,6.252776074688882e-12,29.374570787144982,3.9725193801132264e-12,0.0,0.0,0.0,True
S2,213,6,36,2888.3611421324376,240.0836442548702,0.0,50.36249893879692,0.0,0.0,0.0,0.0,True
S2,213,12,72,10800.0,78.57689807236136,0.0,16.483125945814827,0.0,0.0,0.0,0.0,True
S2,214,6,36,6854.098817637489,0.0,3736.178113595407,0.0,3872.474775124133,22165.92725423641,9.516952559351921e-12,22165.927254236398,True
S2,214,12,72,5930.251124999999,320.6356143947108,3.069544618483633e-12,67.25993700991785,4.175194590061437e-12,0.0,0.0,0.0,True
S2,215,6,36,8272.497509388328,189.88370533178,2352.235562004763,39.841836113598134,1578.5439241549452,13029.036764256933,1.9033905118703843e-11,13029.036764256914,True
S2,215,12,72,6588.7417431061,0.0,721.592963400592,0.0,822.0864449836682,1927.4498701236907,0.0,1927.4498701236907,True
S2,216,6,36,8528.517794598763,212.84626858165745,3016.3944569654523,44.6488972995851,2120.565634638291,16905.414611718537,0.0,16905.414611718537,True
S2,216,12,72,6313.857261584901,48.4121162441287,4.547473508864641e-13,10.155440453031675,8.973984222393482e-13,0.0,0.0,0.0,True
S2,217,6,36,9341.233777777778,0.0,58.64022241994792,0.0,76.75588958353961,204.5512829513629,3.9653968997299674e-12,204.55128295135893,True
S2,217,12,72,7126.609721666669,496.08701351231906,0.0,104.0644887289454,0.0,0.0,0.0,0.0,True
S2,218,6,36,10033.251851851852,383.80858335315946,496.24967559402216,80.53160038261493,610.5279154499601,3461.837736943876,0.0,3461.837736943876,True
S2,218,12,72,10550.303237777778,0.0,395.2106230467178,0.0,432.419741978749,1675.4307540445404,0.0,1675.4307540445404,True
S2,219,6,36,3487.9572855078577,579.7832861887227,1.1368683772161603e-13,121.65146361228283,7.291873771464452e-14,0.0,0.0,0.0,True
S2,219,12,72,10800.0,0.0,157.24060351757294,0.0,99.53330202662367,0.0,0.0,0.0,True
S2,220,6,36,2887.760622031427,326.2629242385075,0.0,68.45723773264884,0.0,0.0,0.0,0.0,True
S2,220,12,72,10800.0,0.0,29.965584889549177,0.0,18.968215235084628,0.0,0.0,0.0,True
S2,221,6,36,9336.241296296295,287.86969765940216,1.3642420526593924e-12,60.40148256100731,1.0228404789813794e-12,0.0,0.0,0.0,True
S2,221,12,72,7805.358390925925,0.0,664.2234394315374,0.0,681.5844106444423,1382.36813919122,0.0,1382.36813919122,True
S2,222,6,36,9497.840492338386,439.7047027533266,507.7094498328118,92.2598528128912,569.3985317336593,3541.139621213497,0.0,3541.139621213497,True
S2,222,12,72,6942.481832628784,0.0,494.5078435277648,0.0,489.177852561645,2293.3322309654277,0.0,2293.3322309654277,True
S2,223,6,36,9950.857043358652,85.78916440752141,1337.2871060646748,18.000479939417648,1719.6749860074858,9211.065284494185,5.551555659621954e-12,9211.06528449418,True
S2,223,12,72,8570.62645354384,93.73020356149084,0.0,19.66668705282581,0.0,0.0,0.0,0.0,True
S2,224,6,36,9264.382636418046,0.0,2818.5150289683816,0.0,2112.7574235473626,15843.039942747315,0.0,15843.039942747315,True
S2,224,12,72,6792.929645247594,0.0,1559.9962723948174,0.0,2001.4863420811027,9058.112190936212,0.0,9058.112190936212,True
S2,225,6,36,9224.576481481481,329.55600550331593,3420.222604529564,69.13117313320768,2331.7490547438683,18858.982287855688,1.9847568033526384e-12,18858.982287855684,True
S2,225,12,72,6450.788368790195,0.0,59.130367630068974,0.0,37.42952270983366,0.0,0.0,0.0,True
S2,226,6,36,2767.9160687707326,148.9391262735681,52.0320894423362,31.243055361718604,61.06108464889115,203.5369488296335,0.0,203.5369488296335,True
S2,226,12,72,10800.0,111.05125517455991,0.0,23.29529251456863,0.0,0.0,0.0,0.0,True
S2,227,6,36,2067.4167942482063,0.0,376.5737267686636,0.0,474.79232191352327,1582.6410730450775,1.4514522916897475e-13,1582.6410730450773,True
S2,227,12,72,10800.0,382.9191224859074,0.0,80.32518816387608,0.0,0.0,0.0,0.0,True
S2,228,6,36,10023.10324074074,376.63019717247676,0.0,79.00595629613765,0.0,0.0,0.0,0.0,True
S2,228,12,72,9398.349640381273,61.474223781571766,2.2737367544323206e-13,12.895487068985977,1.4897523215040565e-13,0.0,0.0,0.0,True
S2,229,6,36,9282.910470377441,0.0,2520.869567270117,0.0,2067.524520363589,13856.154259364417,0.0,13856.154259364417,True
S2,229,12,72,8308.886533471969,698.7726694027803,6.252776074688882e-13,146.58198783378336,4.1754333324206534e-13,0.0,0.0,0.0,True
S2,230,6,36,9101.637922890057,195.47040285534183,2.0463630789890885e-12,41.003950881042364,3.029947492905194e-12,0.0,0.0,0.0,True
S2,230,12,72,7234.7771975196865,210.86247426513802,0.0,44.232755502231065,0.0,0.0,0.0,0.0,True
S2,231,6,36,9953.547186184733,251.1223284133448,1000.6850982446867,52.691064963304115,1213.009321893823,5683.612139075596,8.723873179405928e-12,5683.612139075587,True
S2,231,12,72,7773.780731160121,449.7584782740212,5.684341886080801e-13,94.36935913371323,1.1502265806484501e-12,0.0,0.0,0.0,True
S2,232,6,36,9892.876121250121,248.37953905994704,445.50983866930085,52.11556658801535,591.9312993345258,3107.8766345570293,0.0,3107.8766345570293,True
S2,232,12,72,9374.83488523259,127.7553960011872,2.2737367544323206e-12,26.8059312473047,4.612161319528241e-12,0.0,0.0,0.0,True
S2,233,6,36,2243.5830170953227,0.0,378.8552910665346,0.0,459.3504094672484,1472.9824552754553,4.758476279675961e-12,1472.9824552754505,True
S2,233,12,72,10800.0,58.19707503462871,0.0,12.156070246280214,0.0,0.0,0.0,0.0,True
S2,234,6,36,3031.4938599982283,26.63727288086875,811.8636452896743,5.563931866271493,1184.8803721650622,5630.894369344327,0.0,5630.894369344327,True
S2,234,12,72,10800.0,149.43702524086228,2.2737367544323206e-13,31.214059729675068,1.4276793081080541e-13,0.0,0.0,0.0,True
S2,235,6,36,8238.673216991781,320.62044120726455,1.0231815394945443e-12,66.97045518850845,1.4668330550193787e-12,0.0,0.0,0.0,True
S2,235,12,72,6584.994525,0.0,247.15556441098056,0.0,179.89046863817586,330.45213859308944,8.723873179405928e-12,330.45213859308075,True
S2,236,6,36,9955.057809763817,104.62536169995849,11.019970992763547,21.853903235006538,15.219641903555745,76.87531764551454,3.9653968997299674e-12,76.87531764551058,True
S2,236,12,72,10309.311543093545,229.072925295328,0.0,47.848222092845454,0.0,0.0,0.0,0.0,True
S2,237,6,36,8780.955060330423,514.1970260305151,168.04944949279923,107.40428389461262,103.67810786458249,949.5734973260152,0.0,949.5734973260152,True
S2,237,12,72,5881.0527532933875,0.0,1489.4150351186395,0.0,1009.0302472754311,5349.534101327518,1.5068508218973876e-11,5349.534101327503,True
S2,238,6,36,9961.19638821677,180.83311019637904,6750.436925618459,37.942819410268534,5765.874026477804,38913.84974735806,8.723873179405928e-12,38913.84974735805,True
S2,238,12,72,8263.100303196105,0.0,85.30165480507264,0.0,53.995947491610984,0.0,0.0,0.0,True
S2,239,6,36,9914.592398957848,239.38421581884893,5730.357565680817,50.2281471607695,5676.700156872743,35168.49415672019,8.723873179405928e-12,35168.49415672018,True
S2,239,12,72,5089.697490214225,0.0,398.38247692610605,0.0,360.89603946118706,1644.2139051361025,0.0,1644.2139051361025,True
S2,240,6,36,4258.67388616571,198.49395132269262,1.0231815394945443e-12,41.648457745867056,1.436239926988492e-12,0.0,0.0,0.0,True
S2,240,12,72,10800.0,0.0,29.287123930156326,0.0,18.538749447788955,0.0,0.0,0.0,True
S2,241,6,36,2889.8030643447682,136.7461093707933,0.0,28.692383420703507,0.0,0.0,0.0,0.0,True
S2,241,12,72,10800.0,52.93745727841747,2.842170943040401e-14,11.107459133853846,2.8137492336099967e-14,0.0,0.0,0.0,True
S2,242,6,36,8741.762143469941,136.22128374070792,1964.3916579639883,28.582263298993244,1306.236891530084,10922.596236937192,0.0,10922.596236937192,True
S2,242,12,72,5037.287824951423,224.05134562891516,1.1368683772161603e-12,47.01096904540169,1.4989268493081912e-12,0.0,0.0,0.0,True
S2,243,6,36,10019.87037037037,1064.4778097574867,0.0,223.13497861426612,0.0,0.0,0.0,0.0,True
S2,243,12,72,10800.0,9.094947017729282e-13,0.0,6.116579243098386e-13,0.0,0.0,0.0,0.0,True
S2,244,6,36,9908.286584450252,757.1039749167043,1781.0921167337633,159.35937351325754,1499.4882230566996,10702.162630726487,9.516952559351921e-12,10702.162630726478,True
S2,244,12,72,7347.386467540215,290.7403744584498,0.0,61.19661957105149,0.0,0.0,0.0,0.0,True
S2,245,6,36,9954.563161904867,992.4618085057272,7.958078640513122e-13,209.79535676048727,1.6094816146505765e-12,0.0,0.0,0.0,True
S2,245,12,72,9149.31377838635,162.30067600721492,5.684341886080801e-13,34.30855266528442,7.731841833447106e-13,0.0,0.0,0.0,True
S2,246,6,36,9249.368351851852,1000.8480344755934,0.0,203.4148566469064,0.0,0.0,0.0,0.0,True
S2,246,12,72,8121.264452962965,1.0231815394945443e-12,0.0,6.918241979292361e-13,0.0,0.0,0.0,0.0,True
S2,247,6,36,4716.28196005421,1345.0064069514308,1.1368683772161603e-13,273.36246466482623,2.3004531612969e-13,0.0,0.0,0.0,True
S2,247,12,72,10800.0,1.1368683772161603e-13,9.094947017729282e-13,7.668177204323001e-14,5.833499017171561e-13,0.0,0.0,0.0,True
S2,248,6,36,4523.934784853686,953.3263775032915,0.0,193.75643627971277,0.0,0.0,0.0,0.0,True
S2,248,12,72,10800.0,49.81686577165726,0.0,10.124904341595995,0.0,0.0,0.0,0.0,True
S2,249,6,36,9193.476453110918,850.0540250995136,3068.377207171775,172.76710519628884,2102.4071168982377,16941.67947831797,0.0,16941.67947831797,True
S2,249,12,72,7349.99084708493,39.554968414236555,0.0,8.03925066792951,0.0,0.0,0.0,0.0,True
S2,250,6,36,9835.634627761361,248.97227217549175,421.57180649821385,50.60174702763526,453.91253672337126,2872.9434283416094,1.6242265701293945e-09,2872.943428339985,True
S2,250,12,72,8660.832463392206,428.21502743085296,0.0,87.03149271261555,0.0,0.0,0.0,0.0,True
S2,251,6,36,8187.9716619135825,415.70782571101927,3048.2088086755866,84.48949776707182,3051.983715278546,18849.053067028726,0.0,18849.053067028726,True
S2,251,12,72,6986.5178933950665,184.97854372633662,1.9326762412674725e-12,37.59550167330077,3.280848659414915e-12,0.0,0.0,0.0,True
S2,252,6,36,9885.537424242424,505.10969622141596,0.0,102.65975743428116,0.0,0.0,0.0,0.0,True
S2,252,12,72,7486.659194820429,0.0,810.761851744563,0.0,793.535691515299,4429.518310002545,1.3482349459081888e-11,4429.5183100025315,True
S2,253,6,36,9695.848247037042,47.389107079679434,0.0,9.631480595641742,0.0,0.0,0.0,0.0,True
S2,253,12,72,7207.735086111113,240.31192466254072,1.1368683772161603e-13,48.841596348226474,1.5980390344338958e-13,0.0,0.0,0.0,True
S2,254,6,36,3005.987057777782,0.0,690.4891024670451,0.0,880.2894518803411,2804.9401734760395,5.921663159824675e-14,2804.9401734760395,True
S2,254,12,72,10800.0,189.74155061283227,0.0,38.563547100428565,0.0,0.0,0.0,0.0,True
S2,255,6,36,3429.7234412962944,67.98352937980735,88.86566036564453,13.81714246997568,101.45290115102956,338.1763371700985,0.0,338.1763371700985,True
S2,255,12,72,10800.0,0.0,137.95258777772796,0.0,131.6062791350261,343.721811175101,0.0,343.721811175101,True
S2,256,6,36,9920.748744444441,14.102009640830374,5.684341886080802e-14,2.8661276944264604,5.6274984672199934e-14,0.0,0.0,0.0,True
S2,256,12,72,10648.484872530864,0.0,51.778060026030516,0.0,57.894437373868115,135.1766525189018,0.0,135.1766525189018,True
S2,257,6,36,8875.709657438267,170.63781292246165,215.39521853146698,34.680855692894404,238.10319144731415,1290.3953835978662,7.930793799459934e-13,1290.3953835978655,True
S2,257,12,72,7090.78443,0.0,905.3562763754278,0.0,1004.6508786195719,4390.249614724156,0.0,4390.249614724156,True
S2,258,6,36,9493.697432037037,0.0,461.43158355980944,0.0,634.0143753002707,2492.2064004114545,0.0,2492.2064004114545,True
S2,258,12,72,8150.556223547006,0.0,326.94562269720103,0.0,460.64802302650656,1436.8164370807501,0.0,1436.8164370807501,True
S2,259,6,36,9861.45350308642,0.0,1289.2394703844402,0.0,1604.6674834342882,6055.956506024186,1.9547652385654145e-12,6055.956506024184,True
S2,259,12,72,6078.6444155443305,303.98707686806665,0.0,61.78309347035805,0.0,0.0,0.0,0.0,True
S2,260,6,36,9349.544373981484,0.0,7965.192466667026,0.0,6380.087471084688,43893.21681540538,1.2411954131152925e-11,43893.216815405365,True
S2,260,12,72,7653.836030874711,0.0,372.5626942601982,0.0,524.8077610759677,1711.8420126866126,0.0,1711.8420126866126,True
S2,261,6,36,3215.2205231481457,0.0,783.8897261998445,0.0,986.6528505592718,4064.734146521441,0.0,4064.734146521441,True
S2,261,12,72,10800.0,139.93357239057707,0.0,29.828924217194217,0.0,0.0,0.0,0.0,True
S2,262,6,36,3396.640221975309,280.0024174752082,166.17022902504485,56.908391333705104,195.19441036513766,650.6480345504592,9.06311470316723e-13,650.6480345504583,True
S2,262,12,72,10800.0,0.0,459.7040326462938,0.0,412.025431439781,739.1129933087444,3.1723175197839737e-12,739.1129933087412,True
S2,263,6,36,9799.89200259259,0.0,1884.3729049103367,0.0,1610.4898023133949,10283.485933193791,2.299930201843381e-11,10283.485933193768,True
S2,263,12,72,8084.818260061116,6.377559205322314,4.547473508864641e-13,1.2961910767877334,6.733216650900431e-13,0.0,0.0,0.0,True
S2,264,6,36,9607.212310000004,156.03583720734423,180.4318087925605,31.713113643614616,186.71985732898125,924.8749019335112,0.0,924.8749019335112,True
S2,264,12,72,7197.963025000005,11.407256991535178,2.2737367544323206e-13,2.3184394291014323,2.6479938242118807e-13,0.0,0.0,0.0,True
S2,265,6,36,9913.47211111111,104.5282035296384,2.2737367544323206e-13,21.244573405872792,3.459376785031054e-13,0.0,0.0,0.0,True
S2,265,12,72,6382.162273981481,0.0,9.60402395432061,0.0,5.559289265958486,0.0,0.0,0.0,True
S2,266,6,36,9582.904367407404,51.53747522401318,2349.654142697523,10.474605308231471,1808.74122833259,13140.455418378828,1.5099217876013425e-11,13140.455418378813,True
S2,266,12,72,4468.1082686148775,0.0,3859.531794184065,0.0,4144.857628113026,21289.781236553077,0.0,21289.781236553077,True
S2,267,6,36,9688.813762962964,308.7590628012981,2523.9014832203434,62.75296382139246,1987.100274174039,13770.225743025723,0.0,13770.225743025723,True
S2,267,12,72,7636.492588714451,0.0,260.6598060141109,0.0,202.25610860498043,860.1429656832003,0.0,860.1429656832003,True
S2,268,6,36,4095.9436461442638,42.23411214391672,2.8421709430404007e-13,8.583766537409987,3.309992280264851e-13,0.0,0.0,0.0,True
S2,268,12,72,10489.039898922045,1.5916157281026244e-12,22.710627852793323,9.798782230063807e-13,13.35724067286091,0.0,0.0,0.0,True
S2,269,6,36,3659.169547037035,0.0,2634.444260369618,0.0,3344.8597118489893,14302.75710000316,0.0,14302.75710000316,True
S2,269,12,72,10800.0,340.9927259685232,0.0,69.30421410765783,0.0,0.0,0.0,0.0,True
S2,270,6,36,9869.126098518516,166.8093615444564,7275.571065863427,33.90275166370214,6347.195775014046,41157.169936848935,4.7584762796759606e-11,41157.169936848884,True
S2,270,12,72,7110.927228658267,0.0,10.190078310498464,0.0,5.898526830032088,0.0,0.0,0.0,True
S2,271,6,36,9855.402722222223,0.0,375.4888127476338,0.0,524.8731275436448,1538.285424611625,0.0,1538.285424611625,True
S2,271,12,72,6404.47306,271.5595738737786,0.0,55.19244669304145,0.0,0.0,0.0,0.0,True
S2,272,6,36,9509.110380740738,0.0,1895.8129334546245,0.0,2173.978934403752,9811.944643143968,1.1962313362090526e-12,9811.944643143966,True
S2,272,12,72,4503.493307751544,58.21990259706092,1555.2917375921456,12.416093623757867,1398.8314009759172,8678.225003119143,0.0,8678.225003119143,True
S2,273,6,36,9865.428944444446,101.33437211703836,310.37508726931355,20.595451125011888,371.0264184532553,2116.5458392558635,0.0,2116.5458392558635,True
S2,273,12,72,9002.384496388895,208.21636094029805,0.0,42.31841373839327,0.0,0.0,0.0,0.0,True
S2,274,6,36,9654.182150925924,0.0,502.62972390425614,0.0,702.5977989505406,2070.20306650252,0.0,2070.20306650252,True
S2,274,12,72,9359.478104166663,55.375258470297695,3.410605131648481e-13,11.254605969649496,6.889081305416766e-13,0.0,0.0,0.0,True
S2,275,6,36,3765.8213217901293,1.4001577055021244,276.6034329706267,0.28457155246069366,333.9247456147499,1319.1164906336671,0.0,1319.1164906336671,True
S2,275,12,72,10800.0,0.0,501.63646727156845,0.0,677.5502707330013,2736.1038096386837,1.5861587598919868e-12,2736.1038096386824,True
S2,276,6,36,4462.2769720370425,0.0,187.65885871991162,0.0,252.21280249684992,771.3970980734305,0.0,771.3970980734305,True
S2,276,12,72,10800.0,156.05466304650986,0.0,31.71693985423068,0.0,0.0,0.0,0.0,True
S2,277,6,36,9715.19004407407,19.468601481769383,118.44990434180102,3.9568472421396073,146.29198107433305,826.306532686863,1.7447746358811856e-11,826.3065326868456,True
S2,277,12,72,9838.14920512346,272.93520706658796,0.0,55.47203382235912,0.0,0.0,0.0,0.0,True
S2,278,6,36,9873.434787592596,183.96288413865602,1963.1077387903679,37.3890764795516,1466.2694695057437,10797.93655554696,0.0,10797.93655554696,True
S2,278,12,72,5113.600730213757,0.0,2788.566470327368,0.0,2869.313184003863,13659.813530124375,0.0,13659.813530124375,True
S2,279,6,36,9797.31375925926,0.0,1124.640842540351,0.0,1316.753634803164,6260.128791858489,5.355786925065332e-13,6260.1287918584885,True
S2,279,12,72,5712.005859588303,72.43101800460158,975.153307000627,14.721061176805117,1053.667757360212,6457.2518181324585,2.1413143258541823e-11,6457.251818132437,True
S2,280,6,36,9755.445800555555,9.253332855612598,448.49291611316767,1.880670502904596,508.9878265714732,2316.6700116244256,0.0,2316.6700116244256,True
S2,280,12,72,4837.155022499999,0.0,1324.0670520001372,0.0,1009.3216444330083,7317.758367648413,7.930793799459934e-13,7317.758367648412,True
S2,281,6,36,9907.046678766777,108.26180837970651,0.0,22.00340058961274,0.0,0.0,0.0,0.0,True
S2,281,12,72,8500.042267470477,139.6435613283993,0.0,28.381506513286958,0.0,0.0,0.0,0.0,True
S2,282,6,36,4209.677627946124,0.0,152.8795742234837,0.0,186.72960006123904,649.3231209466996,0.0,649.3231209466996,True
S2,282,12,72,10800.0,5.684341886080802e-14,17.851489784202897,3.8340886021615005e-14,20.354325241527032,56.48288520751254,0.0,56.48288520751254,True
S2,283,6,36,5038.413420370377,240.96113573852676,2.3590018827235326e-11,49.104074814000406,3.2087143608805494e-11,0.0,0.0,0.0,True
S2,283,12,72,10800.0,1.1368683772161603e-12,35.398060157689315,2.41016095969826e-13,20.4901671222785,0.0,0.0,0.0,True
S2,284,6,36,9891.417198092033,126.23839088594355,436.76009162757225,25.657006159633685,385.4732040283126,2710.4096477634344,3.9653968997299674e-12,2710.4096477634303,True
S2,284,12,72,6573.232935869813,0.0,917.5668442599493,0.0,1170.009637834294,3988.3777887360443,1.5861587598919868e-12,3988.377788736043,True
S2,285,6,36,9816.724144450058,0.0,1016.8537601399742,0.0,1190.3818500681152,5227.264656255114,6.949676389922387e-13,5227.264656255113,True
S2,285,12,72,7337.496368409093,2.0170241591861213,3.410605131648481e-13,0.40994503267346083,2.214676442235941e-13,0.0,0.0,0.0,True
S2,286,6,36,9772.376636700343,0.0,1178.1098792545324,0.0,1454.3814544275415,5926.640896737771,8.723873179405928e-12,5926.640896737762,True
S2,286,12,72,7149.086473863636,0.0,52.66091257378156,0.0,72.32108148585512,216.4697974740754,0.0,216.4697974740754,True
S2,287,6,36,9691.114987564537,4.81776249171719,177.34077995494084,0.9791740935353235,215.25623870297244,877.2302449414758,0.0,877.2302449414758,True
S2,287,12,72,7181.037563409091,222.10321306052697,0.0,45.14081227881717,0.0,0.0,0.0,0.0,True
S2,288,6,36,9668.547904320989,0.0,1670.4729487687189,0.0,2121.7224642913234,8275.573229996819,0.0,8275.573229996819,True
S2,288,12,72,6558.841636253739,30.95694968637872,0.0,6.291767846633827,0.0,0.0,0.0,0.0,True
S2,289,6,36,4374.739443310886,44.466268454924375,945.0675908598787,9.233579452766678,1199.6206117585457,5250.80097155325,0.0,5250.80097155325,True
S2,289,12,72,10800.0,0.0,343.53006482919636,0.0,398.0808607439957,1148.7607753821449,0.0,1148.7607753821449,True
S2,290,6,36,4415.5434560381655,56.54584244775083,261.98177970357744,11.523149861760427,287.20566815978236,975.9953865899743,3.3303138025075895e-12,975.995386589971,True
S2,290,12,72,10800.0,92.53988895285352,0.0,18.858168212449876,0.0,0.0,0.0,0.0,True
S2,291,6,36,9730.744138232321,0.0,1022.2262234081908,0.0,1146.6543161682473,5009.452556809313,0.0,5009.452556809313,True
S2,291,12,72,6586.451748204334,222.03885750293603,0.0,45.127732496040466,0.0,0.0,0.0,0.0,True
S2,292,6,36,9925.515710472233,125.21886704153326,0.0,25.44979558468882,0.0,0.0,0.0,0.0,True
S2,292,12,72,7152.1983179241315,0.0,276.61161233945774,0.0,284.2623630762707,622.320338026218,0.0,622.320338026218,True
S2,293,6,36,9717.141607894384,0.0,2101.5671124509727,0.0,2628.8847436935744,9812.819892843732,3.1723175197839737e-12,9812.819892843729,True
S2,293,12,72,6271.939154601215,269.8572377894974,1.1368683772161603e-13,54.84645965143199,7.610765351273585e-14,0.0,0.0,0.0,True
S2,294,6,36,9828.183336077827,0.0,482.72839414086127,0.0,545.1648539669457,1937.0235493392172,0.0,1937.0235493392172,True
S2,294,12,72,5468.338541737035,0.0,1555.63959292823,0.0,1405.8620182735267,8460.299305675237,0.0,8460.299305675237,True
S2,295,6,36,9834.526414488675,43.265410254511835,96.35654369717486,8.79337014365269,121.4587955813926,672.1832488314855,1.1103111319243908e-11,672.1832488314743,True
S2,295,12,72,10800.0,144.08657892241808,5.684341886080801e-13,29.284516516639563,3.761044808925362e-13,0.0,0.0,0.0,True
S2,296,6,36,5044.51085356283,0.0,1396.2289163461808,0.0,1700.477858630159,6616.195888478129,0.0,6616.195888478129,True
S2,296,12,72,10800.0,264.4694744365253,0.0,53.894703056357,0.0,0.0,0.0,0.0,True
S2,297,6,36,4983.57050131875,0.0,209.00870844703425,0.0,258.8197498290345,919.7282058849889,1.40275346893759e-12,919.7282058849876,True
S2,297,12,72,10650.11955,1.7053025658242404e-13,186.74270997103747,1.1213501238671598e-13,235.19890645145298,777.638793495805,0.0,777.638793495805,True
S2,298,6,36,9745.10813340068,87.29118816394305,35.28778297106089,17.7412793105332,47.799052226218194,246.1675740060248,0.0,246.1675740060248,True
S2,298,12,72,9342.168183821563,82.67577202456414,0.0,16.803230595579457,0.0,0.0,0.0,0.0,True
S2,299,6,36,9817.96335472503,0.0,5214.860765927879,0.0,4608.373457724922,29531.28314423683,5.551555659621954e-12,29531.283144236822,True
S2,299,12,72,7496.0337750507,110.50365788862598,1.3642420526593924e-12,22.459039688429264,1.5887962945271284e-12,0.0,0.0,0.0,True
S2,300,6,36,9872.668257637491,295.8810646151221,2111.827792818489,60.13560727505318,1970.8689045689794,12729.901896514108,0.0,12729.901896514108,True
S2,300,12,72,6233.296801931166,0.0,1091.3573237405103,0.0,914.9274737374631,6017.530872025017,9.516952559351921e-12,6017.530872025008,True
S2,301,6,36,9930.905555555555,0.0,644.0601525740256,0.0,845.5349514726736,3320.8553699938166,0.0,3320.8553699938166,True
S2,301,12,72,6686.461125522214,0.0,349.6183159355634,0.0,478.34578853673594,1656.4105518536708,0.0,1656.4105518536708,True
S2,302,6,36,9921.635185185185,149.72315207660824,1330.7718214206284,31.91061241768927,1440.6213393091684,8536.62187886991,4.758476279675961e-12,8536.621878869904,True
S2,302,12,72,5578.930785221668,10.919811255303387,1572.7009366790885,2.3266614318406083,1351.9970532084774,8771.033261084462,0.0,8771.033261084462,True
S2,303,6,36,5451.151767542086,0.0,113.10224492563378,0.0,125.10419666962504,550.6288617863388,1.2455529940780252e-12,550.6288617863376,True
S2,303,12,72,8860.343550000001,131.11074348829578,0.0,27.93006090561898,0.0,0.0,0.0,0.0,True
S2,304,6,36,5293.9842356060635,0.0,339.9603203663364,0.0,375.2951083412932,1554.7166018421021,7.908022681135662e-12,1554.7166018420942,True
S2,304,12,72,9746.51613,0.0,216.1635918504502,0.0,282.01984855136607,1031.8819626873917,0.0,1031.8819626873917,True
S2,305,6,36,9739.602547446684,0.0,4501.322779355771,0.0,4136.250037028155,24053.320830269782,0.0,24053.320830269782,True
S2,305,12,72,6793.932077857864,0.0,97.76676343502129,0.0,132.76922538600985,402.1624748092863,4.758476279675961e-12,402.16247480928155,True
S2,306,6,36,9610.272144521974,0.0,224.8941093036171,0.0,300.23403307468294,1169.9964786788144,0.0,1169.9964786788144,True
S2,306,12,72,7084.709450156099,211.38291530230032,0.0,45.07994602843184,0.0,0.0,0.0,0.0,True
S2,307,6,36,9872.657743546577,0.0,2474.0826245767394,0.0,2568.2588198345197,14147.103103127938,2.0099211184287926e-12,14147.103103127936,True
S2,307,12,72,7233.108976868539,459.81344440619534,0.0,98.06074075255721,0.0,0.0,0.0,0.0,True
S2,308,6,36,9677.940198540968,5.24623463109458,0.0,1.118822558028007,0.0,0.0,0.0,0.0,True
S2,308,12,72,6848.889517713245,185.8975576862265,0.0,39.6448873615366,0.0,0.0,0.0,0.0,True
S2,309,6,36,9745.110404612431,0.0,2924.7775195584645,0.0,3443.849660268169,15738.48327135151,0.0,15738.48327135151,True
S2,309,12,72,6421.3567342227925,51.87966321227236,43.333219154276776,11.063961409737665,47.4554652866183,302.29253682024273,1.824082573875785e-11,302.2925368202245,True
S2,310,6,36,6304.1231510959315,192.76385355144737,1.7053025658242404e-13,40.72172037738165,2.997666115334141e-13,0.0,0.0,0.0,True
S2,310,12,72,7947.694012777777,3.410605131648481e-13,105.56402202903577,1.2150280781497712e-13,93.66221212617064,293.86129817799576,0.0,293.86129817799576,True
S2,311,6,36,6122.776201764289,115.5454001779957,1.7053025658242404e-13,24.324190910412206,3.4548577332316203e-13,0.0,0.0,0.0,True
S2,311,12,72,8491.18200898651,1.7053025658242404e-13,265.9684211372049,1.15161924441054e-13,261.84395622887655,695.9447826251169,1.963854856512626e-12,695.944782625115,True
S2,312,6,36,9887.653606457578,24.842071591666013,40.129314243706744,5.251336855058142,49.57948497935854,279.94209616405857,0.0,279.94209616405857,True
S2,312,12,72,7085.853655185411,0.0,328.8875513808365,0.0,401.3542135813542,2022.072429160008,3.1723175197839737e-12,2022.0724291600047,True
S2,313,6,36,9808.435209661127,0.0,3440.617552209631,0.0,3318.1093618683353,17822.5283505731,2.2371295926859603e-12,17822.528350573095,True
S2,313,12,72,6930.869407624235,0.0,502.91018958990696,0.0,697.9797975612754,2300.6881936291784,0.0,2300.6881936291784,True
S2,314,6,36,9907.114093285083,158.1908362790565,0.0,33.43977838640724,0.0,0.0,0.0,0.0,True
S2,314,12,72,8332.480822347508,0.0,660.046387838769,0.0,795.5141712415342,2225.6166712604195,3.9653968997299674e-12,2225.6166712604154,True
S2,315,6,36,9944.507407407407,179.60770553665202,2659.4999861954248,38.30350083072427,2925.188862137057,15724.050054348032,0.0,15724.050054348032,True
S2,315,12,72,7119.114901938205,0.0,307.90597037841087,0.0,291.97919909511086,647.629137078862,0.0,647.629137078862,True
S2,316,6,36,9803.250828672839,112.68748031066599,1153.1480635676367,24.03195888948055,1144.5707754817067,6850.86495501621,1.1896190699189901e-11,6850.864955016198,True
S2,316,12,72,7559.256117667429,0.0,1736.71339102974,0.0,1811.490295465099,9235.606593872726,0.0,9235.606593872726,True
S2,317,6,36,6202.320319479476,48.839966554225214,1.1368683772161603e-13,10.404206430342398,2.0997390492993874e-13,0.0,0.0,0.0,True
S2,317,12,72,7571.949089999999,82.19599981521071,5.684341886080802e-14,17.50992496844527,1.0696510344132547e-13,0.0,0.0,0.0,True
S2,318,6,36,7094.864950626014,0.0,221.7332172608085,0.0,260.75191055227134,717.9649152907816,0.0,717.9649152907816,True
S2,318,12,72,7713.185667107497,140.68759821160643,4.091589289600961e-10,29.745386761444163,4.765960085251209e-10,0.0,0.0,0.0,True
S2,319,6,36,9875.073173217235,0.0,3912.82500332945,0.0,4597.025213095499,22233.666055589976,0.0,22233.666055589976,True
S2,319,12,72,7152.180547619317,0.0,358.8705779153988,0.0,496.1066593763173,1544.3391714893232,3.1723175197839737e-12,1544.33917148932,True
S2,320,6,36,9912.810734131288,200.9789943787909,6394.475222550563,42.8611849093266,6092.955222395454,36207.00808234798,3.8067810237407686e-11,36207.008082347944,True
S2,320,12,72,7023.8415365727,0.0,26.748151681019294,0.0,17.525388981403843,0.0,0.0,0.0,True
S2,321,6,36,9862.041175013546,225.62761911638165,150.36982643837803,48.11780023822669,190.74040894427367,725.7489131982531,0.0,725.7489131982531,True
S2,321,12,72,5921.6255763211375,0.0,1834.2705154631235,0.0,1790.8244507979884,9033.083989549043,0.0,9033.083989549043,True
S2,322,6,36,9570.276924104695,0.0,7331.581102252219,0.0,8002.556792537346,39250.11218071392,0.0,39250.11218071392,True
S2,322,12,72,7480.570348603393,0.0,100.09444721334012,0.0,126.4039391056118,651.8513499722714,0.0,651.8513499722714,True
S2,323,6,36,9809.076937169992,0.0,2381.0937722517083,0.0,2644.9628449569886,14356.322442073033,0.0,14356.322442073033,True
S2,323,12,72,6741.555447673491,33.250195841615096,1148.0600362502062,7.091003697394517,1221.1484536683085,6767.584107115653,5.551555659621954e-12,6767.584107115647,True
S2,324,6,36,6333.165324383488,0.0,921.7552767677128,0.0,1052.41773977065,4938.832651067649,3.1273543754650743e-12,4938.832651067646,True
S2,324,12,72,7469.569099222016,263.8265064517547,1.7053025658242404e-13,56.20203346930127,3.488707989163231e-13,0.0,0.0,0.0,True
S2,325,6,36,8399.743959206871,0.0,425.6842470603756,0.0,523.7558579470809,1608.8271982410206,0.0,1608.8271982410206,True
S2,325,12,72,7679.949052725392,111.18304301984102,0.0,23.684932909357084,0.0,0.0,0.0,0.0,True
S2,326,6,36,9775.114980985913,0.0,5421.887879917287,0.0,6259.486194592756,28794.334654917082,6.344635039567947e-12,28794.334654917075,True
S2,326,12,72,6980.128564759457,119.22718565498866,1.3642420526593924e-12,25.42662961555914,1.476860234106425e-12,0.0,0.0,0.0,True
S2,327,6,36,9807.490900139894,0.0,2306.236746100786,0.0,2489.644495820376,13265.546052380389,0.0,13265.546052380389,True
S2,327,12,72,6614.302422685509,103.03252351135484,0.0,21.972923367163272,0.0,0.0,0.0,0.0,True
S2,328,6,36,10417.47863561728,112.16390309844428,1.1368683772161603e-13,23.92029975925447,7.291873771464452e-14,0.0,0.0,0.0,True
S2,328,12,72,7800.11238794753,0.0,506.0124626074619,0.0,617.3457598702413,1746.3346352548374,0.0,1746.3346352548374,True
S2,329,6,36,9888.762092592593,35.910767462742115,1598.3043358328723,7.658402557024868,1933.4506602021288,8378.1900344352,0.0,8378.1900344352,True
S2,329,12,72,7044.067356990207,0.0,146.22511618836177,0.0,176.6238020419932,552.8652550459989,0.0,552.8652550459989,True
S2,330,6,36,9880.288305555554,0.0,3503.176330196362,0.0,3936.3348510200904,19494.278344821396,0.0,19494.278344821396,True
S2,330,12,72,7989.566721595741,81.59567799909246,73.33536010748253,17.401258541126953,85.80532162598033,511.5874721098227,2.4585460778325796e-11,511.5874721097981,True
S2,331,6,36,7268.795462052465,0.0,1184.001917928471,0.0,1128.3013661158072,6229.671767803058,0.0,6229.671767803058,True
S2,331,12,72,6191.251290264224,14.287035157247317,1.028865881380625e-11,3.043516888743259,1.2074480082446826e-11,0.0,0.0,0.0,True
S2,332,6,36,10308.20925925926,57.59497852998413,0.0,12.177227656659108,0.0,0.0,0.0,0.0,True
S2,332,12,72,9022.465427175923,0.0,1.1368683772161603e-13,0.0,2.34265939980105e-13,0.0,0.0,0.0,True
S2,333,6,36,9920.901296296297,0.0,3747.2324779980872,0.0,4300.133484132337,22049.607443199162,0.0,22049.607443199162,True
S2,333,12,72,6520.06606,74.57174915516703,0.0,15.903321336793505,0.0,0.0,0.0,0.0,True
S2,334,6,36,8145.78693611111,0.0,11647.200577323863,0.0,14984.623048602698,58785.18166434101,1.3982059954287252e-13,58785.18166434101,True
S2,334,12,72,6420.891389793132,131.8782386137633,0.0,28.124618635952785,0.0,0.0,0.0,0.0,True
S2,335,6,36,8196.500685185187,0.0,10495.1166011376,0.0,14001.774726033944,51445.93916644594,0.0,51445.93916644594,True
S2,335,12,72,6510.398189124677,220.01626099851273,2.2737367544323206e-13,44.716654925990234,3.1960780688677916e-13,0.0,0.0,0.0,True
S2,336,6,36,7517.74878240741,0.0,17471.081660908632,0.0,20526.358134076403,91763.17791275712,0.0,91763.17791275712,True
S2,336,12,72,6539.6251144780645,19.514422492743165,385.94315836072076,3.966160013481571,458.0681258378282,2427.5414536909148,0.0,2427.5414536909148,True
S2,337,6,36,7323.804810370369,0.0,9920.272489767303,0.0,13316.587909788515,46417.68859010268,3.101064294241951e-12,46417.68859010268,True
S2,337,12,72,5855.00759447705,39.65972286092017,0.0,8.060541223561486,0.0,0.0,0.0,0.0,True
S2,338,6,36,7620.592419027776,0.0,11683.968774840365,0.0,11523.501209301869,61122.169752507194,0.0,61122.169752507194,True
S2,338,12,72,7048.0347713079445,0.0,520.8609076033699,0.0,641.5179826176934,3018.079007240752,0.0,3018.079007240752,True
S2,339,6,36,7211.709648148148,0.0,10474.687659124367,0.0,11219.95741884837,53213.10221943163,4.983127244173602e-12,53213.102219431625,True
S2,339,12,72,6022.870293431076,0.0,914.88707325396,0.0,1047.7105955485335,4961.523677678276,0.0,4961.523677678276,True
S2,340,6,36,8282.97917592593,0.0,7576.342060004126,0.0,10227.323350292243,35451.4158131641,0.0,35451.4158131641,True
S2,340,12,72,6480.19724625,0.0,432.6287841332777,0.0,510.60338150269325,2516.324265047581,0.0,2516.324265047581,True
S2,341,6,36,8929.337666666663,0.0,10743.252666703782,0.0,13203.129081290845,56137.45458245117,7.930793799459934e-13,56137.45458245117,True
S2,341,12,72,7398.786527536637,306.0882843163838,3.410605131648481e-13,62.210148125172616,5.761194188380614e-13,0.0,0.0,0.0,True
S2,342,6,36,9524.350926084717,0.0,4619.027587793962,0.0,6067.670169807862,23051.33242530401,8.389235972572352e-13,23051.33242530401,True
S2,342,12,72,6674.3158939649065,114.1155173593304,0.0,23.193123036903707,0.0,0.0,0.0,0.0,True
S2,343,6,36,8551.432393673895,0.0,10195.813523865898,0.0,12049.74063414392,52658.1899847963,1.0076234957523411e-11,52658.18998479629,True
S2,343,12,72,6444.557441947456,273.3824297865374,0.0,55.562928485890346,0.0,0.0,0.0,0.0,True
S2,344,6,36,9947.629597352905,0.0,2894.4873367372,0.0,3984.8283183632134,13627.44315153664,0.0,13627.44315153664,True
S2,344,12,72,6665.463554903656,0.0,237.5629601210897,0.0,326.46542504656156,1192.2262790253537,3.9653968997299674e-12,1192.2262790253499,True
S2,345,6,36,9078.847339332982,0.0,8226.271279024892,0.0,7643.983157466992,43368.130915787915,3.4116220959390377e-13,43368.130915787915,True
S2,345,12,72,7392.756772832053,0.0,999.2730312452403,0.0,1212.6476716247246,5621.850185935453,0.0,5621.850185935453,True
S2,346,6,36,9294.71680621212,0.0,5746.435273468338,0.0,6011.37308894592,31228.501156349117,0.0,31228.501156349117,True
S2,346,12,72,6922.497456818182,211.04318584455677,1.5916157281026244e-12,43.007269014291744,2.6174859613092853e-12,0.0,0.0,0.0,True
S2,347,6,36,9524.425708097642,0.0,7202.64536063959,0.0,8205.8256030883,38065.5637555874,0.0,38065.5637555874,True
S2,347,12,72,6401.110010172683,0.0,697.2774053211853,0.0,849.2129423176609,3985.0524908310513,0.0,3985.0524908310513,True
S2,348,6,36,10800.0,342.4806890672637,4158.29462151382,69.60663144775347,4198.489291712387,22549.44482541011,2.6171619538217783e-11,22549.444825410086,True
S2,348,12,72,6400.814158566828,0.0,447.3976413670762,0.0,419.71118537775317,1684.3493669817215,0.0,1684.3493669817215,True
S2,349,6,36,10782.696945566779,14.749627810478046,43.469809970214044,2.9977512302752967,56.14574564867117,190.02235872732962,2.7964119908574504e-13,190.02235872732933,True
S2,349,12,72,6404.323865314878,0.0,1349.6718421585654,0.0,1777.7261130437107,6295.752830306468,4.758476279675961e-12,6295.752830306464,True
S2,350,6,36,10547.529266554433,0.0,679.255430546837,0.0,934.578164822896,3189.216237141539,0.0,3189.216237141539,True
S2,350,12,72,7642.889838981482,368.5524155332739,0.0,74.90551431402143,0.0,0.0,0.0,0.0,True
S2,351,6,36,10469.37473164983,0.0,3517.1743897788774,0.0,4089.3507113118008,19960.83113380259,3.1723175197839737e-12,19960.831133802585,True
S2,351,12,72,6808.82865079582,0.0,26.098418012794582,0.0,36.19680635187653,117.7157005668326,0.0,117.7157005668326,True
S2,352,6,36,10163.08265993266,76.7461278174901,3277.8191896155795,15.639649068239603,2351.9945648165667,17789.11263622097,8.339611667906865e-11,17789.112636220885,True
S2,352,12,72,6922.036729809055,155.1788482854842,2.091837814077735e-11,31.62299908824125,3.0880428880664116e-11,0.0,0.0,0.0,True
S2,353,6,36,10256.435185185186,158.30985734712453,2.4442670110147446e-12,32.2610492980174,3.4167442208854484e-12,0.0,0.0,0.0,True
S2,353,12,72,6637.637509135806,5.684341886080802e-14,3.410605131648481e-13,3.4995650821656456e-14,6.686491360596846e-13,0.0,0.0,0.0,True
S2,354,6,36,10742.7963418294,0.0,607.0177664596223,0.0,806.3169485130188,3195.0215123810244,0.0,3195.0215123810244,True
S2,354,12,72,6490.510172424611,127.33705605059436,875.138446255555,25.880301614445838,984.9044516590185,5373.647584958133,1.5861587598919868e-12,5373.647584958131,True
S2,355,6,36,10426.076996161624,0.0,1404.1761535073938,0.0,1457.554650739079,7281.06664402353,0.0,7281.06664402353,True
S2,355,12,72,6648.721942817168,161.65188048466132,236.8493012652242,32.85453231943131,180.3018336386013,1338.3311877572285,1.1103111319243908e-11,1338.3311877572173,True
S2,356,6,36,10800.0,312.7673861794101,0.0,63.56762548556927,0.0,0.0,0.0,0.0,True
S2,356,12,72,7960.704134814816,0.0,0.0,0.0,0.0,0.0,0.0,0.0,True
S2,357,6,36,10800.0,288.96788635894063,7.389644451905042e-13,61.62587313351029,1.0095732250192668e-12,0.0,0.0,0.0,True
S2,357,12,72,6878.601954102135,0.0,212.3316569813653,0.0,136.16179270999461,0.0,0.0,0.0,True
S2,358,6,36,10725.900174101993,56.18481162286844,702.3198904878651,11.982086025945943,511.8587419368247,3916.755209657558,7.21702235750854e-11,3916.755209657486,True
S2,358,12,72,6037.697270312127,120.39403502808568,2052.25702489707,25.675474261829432,2260.345594951824,12486.351453092924,0.0,12486.351453092924,True
S2,359,6,36,10095.342886026932,100.80636348043237,582.0177503683126,21.4744253352036,418.96901907528405,2867.7717753047828,1.972185792453729e-11,2867.771775304763,True
S2,359,12,72,5505.724748295209,0.0,1419.3466565749823,0.0,1253.8945878043219,7061.1532508288,1.0424514584883581e-12,7061.153250828799,True
S2,360,6,36,10228.674074074073,113.57209529490473,3.410605131648481e-13,24.19386431935415,6.890445547469426e-13,0.0,0.0,0.0,True
S2,360,12,72,5933.814144492148,134.97044308159064,289.85350621818975,28.752279145330085,246.16401341410588,1479.6734120196948,7.297160209418507e-12,1479.6734120196875,True
S2,361,6,36,10551.745801105499,278.741508030299,34.58035140707091,59.44497510557721,44.92163208296617,153.70032444218106,0.0,153.70032444218106,True
S2,361,12,72,6043.760263829693,0.0,46.56552698585324,0.0,30.50973328113104,0.0,0.0,0.0,True
S2,362,6,36,10800.0,229.49231095687696,1769.554025280116,48.94199219970556,1543.7533975735835,9750.242188145294,3.1723175197839737e-12,9750.24218814529,True
S2,362,12,72,6484.016763459889,231.99257174457233,1.5916157281026244e-12,49.47520284828193,1.0208623280050233e-12,0.0,0.0,0.0,True
S2,363,6,36,10787.483286846242,0.0,1599.713177929997,0.0,1998.3987944807075,8761.069366621128,0.0,8761.069366621128,True
S2,363,12,72,6247.284521167856,159.02064939883132,0.0,33.61519162449428,0.0,0.0,0.0,0.0,True
S2,364,6,36,10776.131962974185,212.03273936522396,0.0,44.82135616584167,0.0,0.0,0.0,0.0,True
S2,364,12,72,6819.380334298543,0.0,421.49770225622456,0.0,455.8396757808854,2209.243403214297,7.137714419513941e-12,2209.2434032142896,True
S3,0,6,36,1200.0,0.0,52090.95185156855,0.0,55483.831370209446,207239.33903170924,0.0,207239.33903170924,True
S3,0,12,72,3984.5009613662974,0.0,34826.52165920524,0.0,44136.55825976943,160540.1378618064,0.0,160540.1378618064,True
S3,0,18,108,10800.0,5307.886647950727,2.2737367544323206e-13,1364.1813314567207,1.4897523215040565e-13,0.0,0.0,0.0,True
S3,1,6,36,10585.513144074079,26.74741906100121,50.88123391398403,5.436212318505609,59.24743671033444,354.94748778393677,0.0,354.94748778393677,True
S3,1,12,72,7734.344527839514,0.0,666.3302333529587,0.0,826.4159184663871,3524.591075984208,0.0,3524.591075984208,True
S3,1,18,108,10650.505239506276,168.40586358421956,6.220016393178639,34.227228729516156,12.018004674080018,43.39083435881419,1.5861587598919868e-12,43.390834358812604,True
S3,2,6,36,10800.0,4511.7103748678865,3.410605131648481e-13,1137.841876961203,4.2929286792059424e-13,0.0,0.0,0.0,True
S3,2,12,72,10800.0,14186.61522986459,7.389644451905042e-13,3024.0572870476694,1.411785888194572e-12,0.0,0.0,0.0,True
S3,2,18,108,10800.0,4173.022318297768,0.0,1628.077915385345,0.0,0.0,0.0,0.0,True
S3,3,6,36,10155.531299444445,165.56959229341834,423.45749586701226,34.65371566701263,438.21498959797776,2044.3472658514395,1.1558611845430276e-12,2044.3472658514384,True
S3,3,12,72,5628.170585539572,1.7053025658242404e-13,54.783579308161165,1.151903461504844e-13,34.398609447595014,0.0,0.0,0.0,True
S3,3,18,108,9882.51965831735,4.547473508864641e-13,44.48453530179688,3.007500026797061e-13,31.139545391967246,16.25929087661425,0.0,16.25929087661425,True
S3,4,6,36,4024.2993585185186,0.0,27285.785506904926,0.0,32040.878551042828,135200.7461393233,1.2582390240822861e-11,135200.7461393233,True
S3,4,12,72,4749.471368621407,0.0,19763.314267609425,0.0,25222.677873580767,104855.2222361522,0.0,104855.2222361522,True
S3,4,18,108,9845.267906931416,0.0,2503.7756089012464,0.0,4015.8141175715664,12893.514082856673,0.0,12893.514082856673,True
S3,5,6,36,10731.29641925926,0.0,701.9434435276919,0.0,993.240969420165,3363.6262617739485,3.9653968997299674e-12,3363.6262617739444,True
S3,5,12,72,6659.8680315828615,129.422609443993,0.0,26.30417469992082,0.0,0.0,0.0,0.0,True
S3,5,18,108,10774.053930491682,146.87183380600334,0.0,29.74792796177015,0.0,0.0,0.0,0.0,True
S3,6,6,36,10781.178074074074,49.527851596920755,4095.0631864578545,10.06616437819396,4391.9662235510905,24330.515685319515,0.0,24330.515685319515,True
S3,6,12,72,6406.047970577746,0.0,199.77783916895117,0.0,185.22903637769969,1134.092134553923,1.2689270079135895e-11,1134.0921345539102,True
S3,6,18,108,10444.508553717229,0.0,564.638159654363,0.0,928.1864736948143,3092.6722464039262,0.0,3092.6722464039262,True
S3,7,6,36,10375.821977037036,0.0,692.6020050082757,0.0,949.4744752910045,3149.711164812683,0.0,3149.711164812683,True
S3,7,12,72,6872.144241675374,256.5151745101914,0.0,52.13478535538758,0.0,0.0,0.0,0.0,True
S3,7,18,108,10800.0,799.0833760205011,0.0,198.4163117351031,0.0,0.0,0.0,0.0,True
S3,8,6,36,10619.401711481487,29.161508991673145,701.3030763440399,5.926857991247657,862.1664153056937,4509.3900268647485,0.0,4509.3900268647485,True
S3,8,12,72,6423.226262129637,0.0,1402.0490482430973,0.0,1684.2697221444396,7954.9560093519995,0.0,7954.9560093519995,True
S3,8,18,108,10800.0,643.6632129329627,0.0,152.77637893313397,0.0,0.0,0.0,0.0,True
S3,9,6,36,10163.918518518518,91.40596132533,5.684341886080802e-14,18.627091666081775,7.990195172169479e-14,0.0,0.0,0.0,True
S3,9,12,72,8781.141389691356,185.90419063063837,4.547473508864641e-13,37.88433872119836,9.022500080391183e-13,0.0,0.0,0.0,True
S3,9,18,108,9957.753048580247,4.547473508864641e-13,211.9695843677273,3.007500026797061e-13,127.96782197509906,0.0,0.0,0.0,True
S3,10,6,36,10065.239314074075,71.68883989030576,1000.8094407171623,14.609053640594318,1044.8531137888565,6002.360953982916,1.0424514584883581e-12,6002.360953982915,True
S3,10,12,72,6021.88440101852,129.66246207640233,2.1600499167107046e-12,26.42316246913811,3.1982779091777046e-12,0.0,0.0,0.0,True
S3,10,18,108,10121.51648148148,0.0,108.2665872569998,0.0,64.0714188116843,0.0,0.0,0.0,True
S3,11,6,36,10800.0,72.054268299363,2360.7003337705055,15.355061550824187,2905.018849442305,11919.084393859057,0.0,11919.084393859057,True
S3,11,12,72,7676.28823443064,352.25416719762796,0.0,75.05406146334377,0.0,0.0,0.0,0.0,True
S3,11,18,108,10622.180231358025,0.0,618.1521762986183,0.0,626.4265359975731,1252.696824538151,3.9653968997299674e-12,1252.6968245381472,True
S3,12,6,36,10800.0,0.0,99.149222135392,0.0,93.14526395510985,496.51944044004375,0.0,496.51944044004375,True
S3,12,12,72,7358.941032376548,63.93387642451671,0.0,12.994080879209836,0.0,0.0,0.0,0.0,True
S3,12,18,108,10767.978784779118,293.3891866865291,0.0,60.14381095229211,0.0,0.0,0.0,0.0,True
S3,13,6,36,10303.110023148149,0.0,1153.1160900478856,0.0,1382.901779030019,6514.305573116041,5.592823981714901e-13,6514.30557311604,True
S3,13,12,72,6466.57295,198.34986150123063,1.4779288903810084e-12,42.30049073944767,2.1882954115426403e-12,0.0,0.0,0.0,True
S3,13,18,108,10750.527274662538,312.3195675715271,0.0,71.97401587823778,0.0,0.0,0.0,0.0,True
S3,14,6,36,10800.0,237.05198106871745,3637.273319306542,50.110144806448545,3961.213105412695,22134.456373470384,0.0,22134.456373470384,True
S3,14,12,72,6759.012906867725,0.0,435.6685272663482,0.0,426.0878038730003,956.6938385387054,0.0,956.6938385387054,True
S3,14,18,108,10280.713397898491,0.0,883.31335397415,0.0,1471.7738209218205,4937.022600215363,0.0,4937.022600215363,True
S3,15,6,36,10770.353055555555,0.0,3700.8304399147078,0.0,4481.640020070864,20944.162829849738,2.5167707917717053e-12,20944.162829849734,True
S3,15,12,72,6630.096649196453,420.7400301201226,0.0,88.93974958630345,0.0,0.0,0.0,0.0,True
S3,15,18,108,10788.33536061364,31.443923139192293,29.879350335999106,19.569125565675666,19.164615305509827,0.0,0.0,0.0,True
S3,16,6,36,10193.260564814815,0.0,75.64879783697802,0.0,94.24592196403908,292.2450794145209,0.0,292.2450794145209,True
S3,16,12,72,6403.087255555553,143.72699608685264,0.0,30.366225325873135,0.0,0.0,0.0,0.0,True
S3,16,18,108,10074.26383996215,858.262580878323,0.0,183.97379556550106,0.0,0.0,0.0,0.0,True
S3,17,6,36,10168.93312962963,0.0,139.0343397368719,0.0,172.56423012481608,721.984560345886,9.034579306899104e-12,721.9845603458771,True
S3,17,12,72,7796.069985648148,151.6383291809418,5.684341886080802e-14,32.027606930808226,1.0983001175191021e-13,0.0,0.0,0.0,True
S3,17,18,108,10157.623345813163,2.8421709430404007e-13,3.393019194782539,1.794120407794253e-13,2.1737377471374337,0.0,0.0,0.0,True
S3,18,6,36,10800.0,253.10420390783554,1181.4072142981167,53.484763791585806,1143.1137414173145,6644.13485315436,0.0,6644.13485315436,True
S3,18,12,72,6331.308872964865,0.0,3443.345648845002,0.0,3932.407208064437,18756.169993740143,0.0,18756.169993740143,True
S3,18,18,108,10800.0,705.8310674731904,0.0,179.80728577815682,0.0,0.0,0.0,0.0,True
S3,19,6,36,10778.118101851853,57.835689652878614,989.5965424224248,12.188230590180003,1106.7808631190535,5942.130926032071,0.0,5942.130926032071,True
S3,19,12,72,6064.028348620135,0.0,918.1412422814692,0.0,959.2238005244928,4892.980756107007,1.6654666978865863e-11,4892.980756106991,True
S3,19,18,108,10739.200211686102,161.27785438236918,0.0,34.06157221350058,0.0,0.0,0.0,0.0,True
S3,20,6,36,10738.854888888889,0.0,646.0958973350125,0.0,882.6797860787397,3019.8192587725334,0.0,3019.8192587725334,True
S3,20,12,72,7224.407638702219,578.8031217223246,0.0,121.97634291584079,0.0,0.0,0.0,0.0,True
S3,20,18,108,10768.386129350674,31.39685600948951,34.30973761552059,19.539833337505797,21.86216480860972,0.0,0.0,0.0,True
S3,21,6,36,10800.0,33.4439958970155,281.4225359160674,7.047951469005849,408.113260083746,1417.8231431782715,0.0,1417.8231431782715,True
S3,21,12,72,6486.9290225,264.4320725330227,0.0,55.72612853444584,0.0,0.0,0.0,0.0,True
S3,21,18,108,10760.945083395061,0.0,318.52345331015414,0.0,238.91625694343628,201.45172530551233,2.3792381398379804e-12,201.45172530550994,True
S3,22,6,36,10800.0,23.19970210766928,1397.1691881730312,4.88908009239793,1971.7733712274685,6751.7854796951115,0.0,6751.7854796951115,True
S3,22,12,72,5901.856887062588,205.7170954287999,825.0636777175113,43.352597859194084,813.9115541245369,4905.84724278797,4.5205524656921626e-11,4905.847242787924,True
S3,22,18,108,10141.028005278007,0.0,892.000411323372,0.0,1390.7918101099356,4419.498236219755,0.0,4419.498236219755,True
S3,23,6,36,9496.974444753081,251.33369131259423,3.410605131648481e-13,52.94601420341814,6.531905683004879e-13,0.0,0.0,0.0,True
S3,23,12,72,5164.320375,2.8421709430404007e-13,1136.4703590541335,1.8298180748388405e-13,797.5760484654362,6082.86610591795,9.729546945891342e-12,6082.86610591794,True
S3,23,18,108,9802.07892993099,341.31228366896994,0.0,72.27435502096154,0.0,0.0,0.0,0.0,True
S3,24,6,36,9719.972347407402,46.10523464042126,3678.3584152827575,9.712539514278292,2662.9457935262703,20462.421809830576,0.0,20462.421809830576,True
S3,24,12,72,6147.795669643527,79.5382370590163,4.547473508864641e-13,16.75554362428134,8.377980975637911e-13,0.0,0.0,0.0,True
S3,24,18,108,10103.789026633996,640.2797879324743,6.821210263296962e-13,135.7487966919785,1.2443166497178027e-12,0.0,0.0,0.0,True
S3,25,6,36,10747.008786666667,0.0,787.3803628007753,0.0,1101.4262005135072,3831.0476711866318,0.0,3831.0476711866318,True
S3,25,12,72,7558.679828181219,402.09630540461853,0.0,84.6504880314777,0.0,0.0,0.0,0.0,True
S3,25,18,108,10800.0,231.6928908567699,0.0,76.31757106493853,0.0,0.0,0.0,0.0,True
S3,26,6,36,10800.0,11.476140001762815,3164.929808568484,2.4160940333018406,3466.5894810806717,19255.402646190683,1.0310031939297915e-11,19255.402646190672,True
S3,26,12,72,7408.269515935372,476.61128187081596,0.0,100.34189842216196,0.0,0.0,0.0,0.0,True
S3,26,18,108,10660.175781163494,0.0,490.19928421922634,0.0,403.65902755253023,504.5961563924132,0.0,504.5961563924132,True
S3,27,6,36,10590.801135925924,108.0315068185995,527.8464581427838,22.744082853083775,696.0196753320383,2996.869988449866,0.0,2996.869988449866,True
S3,27,12,72,6509.1996475,0.0,554.720121377124,0.0,687.637102571332,2060.8696660127957,0.0,2060.8696660127957,True
S3,27,18,108,10672.665199939654,207.5990304633748,0.0,43.758413565434424,0.0,0.0,0.0,0.0,True
S3,28,6,36,9862.593067901234,94.36068581044862,3601.510832797495,19.86593836694229,3976.7121922891292,21046.472220148193,1.0587385190774513e-11,21046.47222014818,True
S3,28,12,72,6971.741447779072,0.0,88.38348649891469,0.0,76.69739086020354,199.96870881760316,3.013701643794775e-11,199.96870881757303,True
S3,28,18,108,10770.446685555553,623.97987239111,0.0,150.0081500196369,0.0,0.0,0.0,0.0,True
S3,29,6,36,10766.611944444443,48.93042642183116,4174.251027807775,10.301417663830382,4356.777650359561,24730.878600256947,1.7447746358811856e-11,24730.87860025693,True
S3,29,12,72,6980.160840045968,32.287446811094696,0.0,6.79753885709609,0.0,0.0,0.0,0.0,True
S3,29,18,108,10604.078962962962,0.0,112.66460935558302,0.0,213.53017605475023,763.5844812167185,6.344635039567947e-12,763.5844812167121,True
S3,30,6,36,9625.182092592593,262.27396847419215,1919.5163949322964,55.19797622418037,1280.888491561182,10290.235775762249,0.0,10290.235775762249,True
S3,30,12,72,5192.100219280707,95.72322510937778,0.0,20.145835800739253,0.0,0.0,0.0,0.0,True
S3,30,18,108,9549.625924259257,0.0,637.1714406517397,0.0,786.5172009838732,1953.2622681082132,0.0,1953.2622681082132,True
S3,31,6,36,9642.039444444445,599.782623772493,4.547473508864641e-13,126.22978635383826,4.475907644518884e-13,0.0,0.0,0.0,True
S3,31,12,72,7124.128017037038,202.94878079051423,2.8421709430404007e-13,41.513454021783055,5.536691105589852e-13,0.0,0.0,0.0,True
S3,31,18,108,10137.418881172838,362.8931075233213,1.1368683772161603e-13,77.07849603795357,2.1420305529318284e-13,0.0,0.0,0.0,True
S3,32,6,36,10731.87053032302,697.5147543615467,0.0,146.84913532758463,0.0,0.0,0.0,0.0,True
S3,32,12,72,7852.255137784106,67.97819064415893,0.0,14.311580443005418,0.0,0.0,0.0,0.0,True
S3,32,18,108,10800.0,514.1098971987827,0.0,163.58780958383065,0.0,0.0,0.0,0.0,True
S3,33,6,36,10800.0,559.5641294029642,0.0,117.78010954434407,0.0,0.0,0.0,0.0,True
S3,33,12,72,7862.158675524695,0.0,0.0,0.0,0.0,0.0,0.0,0.0,True
S3,33,18,108,10706.299205339505,0.0,175.93575438029183,0.0,111.89513978586561,0.0,0.0,0.0,True
S3,34,6,36,10800.0,966.948022458544,0.0,202.7388088443999,0.0,0.0,0.0,0.0,True
S3,34,12,72,7584.293307538834,0.0,0.0,0.0,0.0,0.0,0.0,0.0,True
S3,34,18,108,10800.0,72.30972495596984,298.0839247613067,45.41412275859686,189.58137614819108,0.0,0.0,0.0,True
S3,35,6,36,10800.0,604.5543409567433,9.094947017729282e-13,127.24989462667438,6.74583588988753e-13,0.0,0.0,0.0,True
S3,35,12,72,6593.417784062461,249.38685614130284,0.0,52.492305513904206,0.0,0.0,0.0,0.0,True
S3,35,18,108,10765.61988122386,41.77552553757448,196.52671544305366,25.998998318309486,124.99099102178384,0.0,0.0,0.0,True
S3,36,6,36,10800.0,782.5618609534661,3.524291969370097e-12,164.71788820106724,2.2456788428826257e-12,0.0,0.0,0.0,True
S3,36,12,72,7743.473750640051,0.0,0.0,0.0,0.0,0.0,0.0,0.0,True
S3,36,18,108,10721.594841455675,0.0,294.16312185441143,0.0,187.08774549940568,0.0,0.0,0.0,True
S3,37,6,36,9733.330237199456,694.095424096311,8.526512829121202e-12,146.64334762106972,5.422862159321085e-12,0.0,0.0,0.0,True
S3,37,12,72,7205.58959219946,0.0,1.2391865311656147e-11,0.0,8.538253837286902e-12,0.0,0.0,0.0,True
S3,37,18,108,9858.623404675169,67.49213450455488,5.684341886080802e-14,14.308332514965835,3.641673629317665e-14,0.0,0.0,0.0,True
S3,38,6,36,8563.625887609796,432.42756499069264,4.718003765447065e-12,90.98401536207075,3.0006503948243337e-12,0.0,0.0,0.0,True
S3,38,12,72,7724.798544276464,44.112657902761015,0.0,9.281431317573306,0.0,0.0,0.0,0.0,True
S3,38,18,108,9247.030687765633,0.0,714.1449874393551,0.0,932.4541543530413,2440.5967121915555,0.0,2440.5967121915555,True
S3,39,6,36,10800.0,465.28736696688065,129.23131642524106,97.93622244769378,133.51927080620104,774.6480975639007,1.5861587598919868e-12,774.6480975638991,True
S3,39,12,72,8868.230905800689,0.0,397.4633427934507,0.0,300.1777337180396,606.758132790736,7.137714419513941e-12,606.7581327907288,True
S3,39,18,108,10711.277940442078,402.89958195258987,0.0,85.41471137394905,0.0,0.0,0.0,0.0,True
S3,40,6,36,9876.344350623242,207.36514557265127,4.547473508864641e-13,43.64569922108401,6.392156137735583e-13,0.0,0.0,0.0,True
S3,40,12,72,8913.421879797206,216.93579937613475,0.0,45.660106589797664,0.0,0.0,0.0,0.0,True
S3,40,18,108,10738.38674792175,303.0825249261017,0.0,75.0978679540198,0.0,0.0,0.0,0.0,True
S3,41,6,36,9922.781959522852,536.9108461912527,1.1368683772161603e-13,113.00765727377694,1.3239969121059404e-13,0.0,0.0,0.0,True
S3,41,12,72,6791.2698997844,0.0,32.19869299712451,0.0,20.47836874617119,0.0,0.0,0.0,True
S3,41,18,108,10800.0,367.51035099716296,6.707523425575346e-12,104.88198206671748,4.266991027179756e-12,0.0,0.0,0.0,True
S3,42,6,36,10108.18751501884,505.06646500628494,2.6261659513693303e-11,106.26797210824881,1.6706354699635994e-11,0.0,0.0,0.0,True
S3,42,12,72,8454.532639508077,0.0,0.0,0.0,0.0,0.0,0.0,0.0,True
S3,42,18,108,10719.117810082915,0.0,77.77624741997732,0.0,49.43069404776659,0.0,0.0,0.0,True
S3,43,6,36,9914.944389223965,282.25434277870596,2.489741746103391e-11,59.208673222124474,1.5864634406170807e-11,0.0,0.0,0.0,True
S3,43,12,72,8383.93129811111,221.1991731578148,0.0,46.401091411278856,0.0,0.0,0.0,0.0,True
S3,43,18,108,10747.725591296969,338.6626320116175,0.0,90.66730766768947,0.0,0.0,0.0,0.0,True
S3,44,6,36,8285.659149293213,184.9270959643353,176.11985648300595,38.73756765812891,202.07343113139203,1076.6206826805962,5.55974111193791e-12,1076.6206826805908,True
S3,44,12,72,7083.479265404323,64.84843437993464,1.1368683772161603e-13,13.60027241690667,2.296360435138922e-13,0.0,0.0,0.0,True
S3,44,18,108,9287.833311485028,1.1368683772161603e-13,766.7587675188178,7.654534783796407e-14,1076.8919569754992,3043.2529979184683,0.0,3043.2529979184683,True
S3,45,6,36,6775.957231594739,94.08448052714823,0.0,19.696891213733196,0.0,0.0,0.0,0.0,True
S3,45,12,72,6585.319352150296,58.70033881632662,4.547473508864641e-13,12.310869283126165,9.016957847052254e-13,0.0,0.0,0.0,True
S3,45,18,108,9638.14548577045,4.547473508864641e-13,339.52475270876636,3.0056526156840843e-13,423.6912443001915,1084.5801904790624,0.0,1084.5801904790624,True
S3,46,6,36,9874.074074074075,115.15131146679346,0.0,24.15536393387581,0.0,0.0,0.0,0.0,True
S3,46,12,72,7504.205520525889,314.4891789471764,1.4779288903810084e-12,65.97059533208483,2.0102788766962477e-12,0.0,0.0,0.0,True
S3,46,18,108,10642.361506902564,0.0,667.3650315120466,0.0,673.2795751312237,1376.0924448668213,0.0,1376.0924448668213,True
S3,47,6,36,9874.347268015905,369.6221929855831,5.684341886080801e-13,77.53588279520866,3.6160940908303016e-13,0.0,0.0,0.0,True
S3,47,12,72,9907.476552012577,0.0,0.0,0.0,0.0,0.0,0.0,0.0,True
S3,47,18,108,10682.922830450641,0.0,21.037091423310642,0.0,13.316478870955637,0.0,0.0,0.0,True
S3,48,6,36,9814.277268249161,0.0,2453.8188364464895,0.0,2356.2203209025383,12736.094563114417,0.0,12736.094563114417,True
S3,48,12,72,8060.784282649312,174.77426088494167,1.7053025658242404e-12,36.66250800076449,1.083805045709596e-12,0.0,0.0,0.0,True
S3,48,18,108,10037.453525664623,0.0,834.7357805795909,0.0,1407.9219162962013,4708.13686393095,0.0,4708.13686393095,True
S3,49,6,36,9746.337931279462,187.72509206812458,0.0,39.37921210505233,0.0,0.0,0.0,0.0,True
S3,49,12,72,6168.200860454545,0.0,2574.949060831788,0.0,2648.314182744616,13434.766283841596,0.0,13434.766283841596,True
S3,49,18,108,10648.015393339181,235.6451845297354,0.0,49.47997886616437,0.0,0.0,0.0,0.0,True
S3,50,6,36,9885.33002244669,31.750393388128373,931.7592756898899,6.661940621503611,1140.8347497557002,6451.021557643927,0.0,6451.021557643927,True
S3,50,12,72,7420.6013444276105,0.0,253.0188772032398,0.0,327.6089826956568,1013.730267536797,0.0,1013.730267536797,True
S3,50,18,108,10569.397387820278,81.10079179773692,133.8407369487832,17.016754807068146,258.60037989559146,933.6729809546947,0.0,933.6729809546947,True
S3,51,6,36,6519.870471599328,11.937114674033012,32.60300462601789,2.498936232747604,33.924667607074745,176.20071140803313,0.0,176.20071140803313,True
S3,51,12,72,7712.112581993156,2.2737367544323206e-13,138.17955619854922,1.4660486158390995e-13,175.4226625505895,733.7148770396177,3.4016771621736555e-12,733.7148770396143,True
S3,51,18,108,9454.240571685346,0.0,487.4898953686848,0.0,793.0500245912414,2526.3451274926615,0.0,2526.3451274926615,True
S3,52,6,36,5838.722604730641,67.9546173884172,285.99364543610733,14.221328915852858,325.6621188044392,1707.9237642752548,0.0,1707.9237642752548,True
S3,52,12,72,7053.338159999998,1.7053025658242404e-13,195.90566949297462,1.0863061561394715e-13,197.3266905544125,474.4393424681657,0.0,474.4393424681657,True
S3,52,18,108,9460.42621418176,5.684341886080802e-14,729.1540020602217,3.843467766273534e-14,1156.29402296455,3629.7453825947277,0.0,3629.7453825947277,True
S3,53,6,36,9782.38558624579,0.0,1071.0145749913117,0.0,1319.2921068389246,6370.762772242166,2.3792381398379804e-12,6370.762772242163,True
S3,53,12,72,6743.124640341241,108.98665549774478,0.0,22.862200125641603,0.0,0.0,0.0,0.0,True
S3,53,18,108,10646.040635577263,20.725872907996063,22.005707880020594,4.347679557989781,42.51832848038179,153.51181817102068,0.0,153.51181817102068,True
S3,54,6,36,9915.653310886644,387.1986609743133,4.547473508864641e-13,81.22290967776674,2.891169970098417e-13,0.0,0.0,0.0,True
S3,54,12,72,7226.531384542653,0.0,230.7101068665857,0.0,146.03949764654874,0.0,0.0,0.0,True
S3,54,18,108,10511.23929489338,0.0,899.8041426024143,0.0,1257.3180401361765,3761.685529063596,0.0,3761.685529063596,True
S3,55,6,36,9831.112284511786,27.464253274311773,489.18056884864654,5.778586984372688,578.2056425240189,3080.3875233883805,0.0,3080.3875233883805,True
S3,55,12,72,9375.996594590351,110.7499214370697,0.0,23.30221936655171,0.0,0.0,0.0,0.0,True
S3,55,18,108,10585.994413400438,0.0,250.1881671640562,0.0,362.19263872907516,1093.1840123689688,0.0,1093.1840123689688,True
S3,56,6,36,9869.11363804714,68.65906093999092,1315.007141398716,14.446136654229939,1062.322092006564,7485.723135264044,4.917092155665159e-11,7485.723135263995,True
S3,56,12,72,6512.997565550096,4.334840937174874,1660.4144808793149,0.9120675945161112,1604.851017594117,9658.269052430456,0.0,9658.269052430456,True
S3,56,18,108,10265.914432047306,0.0,579.310215516673,0.0,1009.6887449381926,3456.555926444644,0.0,3456.555926444644,True
S3,57,6,36,9874.074074074075,255.06946107455718,92.09141542697284,53.66761852779077,94.0870570677677,642.4297140185118,0.0,642.4297140185118,True
S3,57,12,72,6754.007993181818,25.74955722242197,0.0,5.417808186251372,0.0,0.0,0.0,0.0,True
S3,57,18,108,9807.766252272957,0.0,1273.9871348477527,0.0,2050.545098217801,6581.112452999343,0.0,6581.112452999343,True
S3,58,6,36,5737.904644713808,61.123884847532736,54.94808284084288,12.825753072954507,56.86302352784626,320.1867010777104,1.0584120246903694e-12,320.1867010777093,True
S3,58,12,72,8951.558610000002,0.0,424.38114633962545,0.0,468.94432895402014,1205.691194504143,0.0,1205.691194504143,True
S3,58,18,108,9779.817488848023,542.9551306978415,0.0,114.60608494815948,0.0,0.0,0.0,0.0,True
S3,59,6,36,8583.902827312008,892.3699849794053,2.8990143619012088e-12,187.70946533120483,1.8453164329912396e-12,0.0,0.0,0.0,True
S3,59,12,72,10188.112796756452,1.0310271155352285e-13,0.0,2.1842309442613817e-14,0.0,0.0,0.0,0.0,True
S3,59,18,108,9716.40641470258,0.0,535.3312122996388,0.0,340.2903272637941,0.0,0.0,0.0,True
S3,60,6,36,9968.343490460156,888.3679566222314,1.6143530956469476e-11,186.49377465856966,1.0267967809340918e-11,0.0,0.0,0.0,True
S3,60,12,72,7576.511060830527,0.0,1.9326762412674725e-12,0.0,1.22338406072231e-12,0.0,0.0,0.0,True
S3,60,18,108,10532.013219416387,0.0,1482.8373282982636,0.0,1506.0187385423387,3106.619719215918,0.0,3106.619719215918,True
S3,61,6,36,9916.275925925926,861.8308331624021,1.1368683772161603e-13,180.87493278132246,7.23048287909478e-14,0.0,0.0,0.0,True
S3,61,12,72,8822.418161666668,1.1368683772161603e-13,0.0,2.398792275926098e-14,0.0,0.0,0.0,0.0,True
S3,61,18,108,9870.11109624018,0.0,1601.6161496314185,0.0,2050.848440511684,5529.849218083954,0.0,5529.849218083954,True
S3,62,6,36,9966.329573512907,760.0793625630878,0.0,158.76631629668043,0.0,0.0,0.0,0.0,True
S3,62,12,72,7263.332465384397,99.78257679631616,2.2737367544323206e-13,21.11309046250981,3.182776708854362e-13,0.0,0.0,0.0,True
S3,62,18,108,10264.726687109991,0.0,872.5556124413996,0.0,908.0352094835721,1909.7084846126904,6.344635039567947e-12,1909.708484612684,True
S3,63,6,36,9890.536700336701,601.7680047503313,2.2737367544323206e-13,126.23325755780077,1.4524061953125055e-13,0.0,0.0,0.0,True
S3,63,12,72,9552.446399129383,205.9518180072535,1.1368683772161603e-13,43.30146864070621,7.23048287909478e-14,0.0,0.0,0.0,True
S3,63,18,108,10566.706015151512,0.0,834.6912335737674,0.0,696.2740886510874,912.6476768474981,2.3792381398379804e-12,912.6476768474957,True
S3,64,6,36,9945.84758698092,651.5559160871985,6.821210263296962e-13,136.6772994235016,4.339312908996362e-13,0.0,0.0,0.0,True
S3,64,12,72,7759.369388532551,275.87076308631106,1.5916157281026244e-12,58.07287340667009,1.012676875689067e-12,0.0,0.0,0.0,True
S3,64,18,108,10482.168580322676,0.0,1587.304588616759,0.0,1643.6352157187457,3502.39560705516,2.3792381398379804e-12,3502.3956070551576,True
S3,65,6,36,6618.622385078565,835.8451293186229,6.195932655828074e-12,175.34578332641962,3.949446636397624e-12,0.0,0.0,0.0,True
S3,65,12,72,10800.0,84.6075520400183,1.7053025658242404e-11,17.804338773378078,1.0794735771924024e-11,0.0,0.0,0.0,True
S3,65,18,108,9738.399935962403,0.0,852.031853430027,0.0,536.5161533433629,0.0,0.0,0.0,True
S3,66,6,36,5102.543765347927,258.0097666878015,1.7053025658242404e-13,54.03018481883477,2.5811459636315703e-13,0.0,0.0,0.0,True
S3,66,12,72,10174.139170162742,9.55111777205775,0.0,2.0030985301033257,0.0,0.0,0.0,0.0,True
S3,66,18,108,9729.70944376543,0.0,236.20838006857198,0.0,165.05336326035504,94.7898534205041,3.962778549748691e-12,94.78985342050014,True
S3,67,6,36,9932.409259259259,488.5982603087993,0.0,102.49356820066146,0.0,0.0,0.0,0.0,True
S3,67,12,72,7979.0967957603825,0.0,18.70084504178419,0.0,11.837634911449394,0.0,0.0,0.0,True
S3,67,18,108,10642.942925373178,0.0,403.9411995870904,0.0,319.8444891116026,344.4624372676507,0.0,344.4624372676507,True
S3,68,6,36,9907.431481481482,124.59621136980041,772.6789410792674,26.136626601000362,956.2894473849,3652.905089985868,5.365615507457733e-12,3652.9050899858626,True
S3,68,12,72,6552.359379346572,160.0214539876792,0.0,33.56780230345218,0.0,0.0,0.0,0.0,True
S3,68,18,108,10506.756619248037,0.0,561.1321754953468,0.0,706.0719757593164,1891.8720958605445,2.3792381398379804e-12,1891.8720958605422,True
S3,69,6,36,9935.664814814814,427.0910912339628,5641.736234410116,89.59117017653195,4446.941240942091,31337.10919667648,2.284345512748587e-11,31337.109196676458,True
S3,69,12,72,6653.321132533785,0.0,59.211533126989934,0.0,37.48090046938463,0.0,0.0,0.0,True
S3,69,18,108,10582.316892640292,0.0,717.2307777363676,0.0,818.5304103369141,1985.210235567278,0.0,1985.210235567278,True
S3,70,6,36,9923.561391694726,321.2215764499441,3.410605131648481e-13,67.58628396824086,3.971990736317821e-13,0.0,0.0,0.0,True
S3,70,12,72,8421.974823762626,0.0,0.0,0.0,0.0,0.0,0.0,0.0,True
S3,70,18,108,10646.191826599326,0.0,723.927625123925,0.0,829.6876398038389,2030.9876574154532,0.0,2030.9876574154532,True
S3,71,6,36,9878.47037037037,244.9900348852915,4.547473508864641e-13,51.5468675863583,3.783043212024495e-13,0.0,0.0,0.0,True
S3,71,12,72,8171.203483437149,0.0,463.9454111445167,0.0,440.72518687382495,2210.512918385453,0.0,2210.512918385453,True
S3,71,18,108,10573.727587081932,0.0,355.5771656066695,0.0,486.0385857893605,1415.5867687791913,0.0,1415.5867687791913,True
S3,72,6,36,4900.578529837265,110.86935605139826,135.40921033095594,23.27516746632153,161.76250780648527,668.3121575884226,0.0,668.3121575884226,True
S3,72,12,72,10800.0,127.35727210181193,0.0,26.73652974812395,0.0,0.0,0.0,0.0,True
S3,72,18,108,9381.818740179575,0.0,1131.1422708244936,0.0,1471.769214904984,4042.3318879324725,0.0,4042.3318879324725,True
S3,73,6,36,4343.7488274000725,12.564099264028414,544.5399268863302,2.6363513239720175,710.4927589085378,3159.1324375573017,0.0,3159.1324375573017,True
S3,73,12,72,8249.557424999999,210.48564519698823,6.480149750132114e-12,44.166644797406725,4.121963570469234e-12,0.0,0.0,0.0,True
S3,73,18,108,9716.430954619316,0.0,496.16399688457403,0.0,519.3714224841539,1157.3270962338395,0.0,1157.3270962338395,True
S3,74,6,36,9852.681738496072,27.914608427587666,1912.9339991498125,5.873343481156795,1440.9591513305534,10725.821023508128,5.551555659621954e-12,10725.821023508122,True
S3,74,12,72,6946.6019366058845,0.0,125.53176662194448,0.0,154.64832493438897,471.3978539483718,6.344635039567947e-12,471.3978539483654,True
S3,74,18,108,10675.027078393985,12.312854882548322,101.53406044179249,2.5906731289616944,196.17903488260865,708.3016056419292,0.0,708.3016056419292,True
S3,75,6,36,9927.218518518519,150.76972903014246,0.0,31.722544396496495,0.0,0.0,0.0,0.0,True
S3,75,12,72,7206.333347766564,0.0,1030.4445153192087,0.0,1215.9979001797276,5495.647507254881,3.1723175197839737e-12,5495.647507254878,True
S3,75,18,108,10693.610214026075,66.96265061421991,36.24580473159571,14.089205244853822,70.03233161215242,252.85073380761824,3.1723175197839737e-12,252.85073380761506,True
S3,76,6,36,9927.711111111112,252.12828136950537,1.1368683772161603e-13,53.06733252299057,7.23048287909478e-14,0.0,0.0,0.0,True
S3,76,12,72,9643.899747289564,0.0,184.05937903958778,0.0,116.69739971209104,0.0,0.0,0.0,True
S3,76,18,108,10678.411333047137,0.0,329.2090798843375,0.0,458.28939553631716,1374.933138746136,0.0,1374.933138746136,True
S3,77,6,36,9885.061111111112,161.53194655686855,4560.825758223708,33.99884167875831,3923.8067614046986,25972.563170496855,0.0,25972.563170496855,True
S3,77,12,72,5380.597316596056,0.0,1537.8151014168536,0.0,1377.692970594193,7409.229009526222,0.0,7409.229009526222,True
S3,77,18,108,10724.331447227825,0.0,139.61490314748718,0.0,228.85346728500153,763.3501534270988,1.1103111319243908e-11,763.3501534270877,True
S3,78,6,36,9704.797323552188,49.520200759203476,558.2464204127294,10.422888483670649,638.1567744416427,2822.6026538536107,0.0,2822.6026538536107,True
S3,78,12,72,6147.210244090908,0.0,146.8475303334535,0.0,164.9317067642088,400.0771405567692,0.0,400.0771405567692,True
S3,78,18,108,10800.0,496.70053831025234,0.0,126.53043032668808,0.0,0.0,0.0,0.0,True
S3,79,6,36,3388.006078451181,0.0,556.3557714991543,0.0,659.9627373543649,2113.200402120451,2.9457822847689385e-12,2113.2004021204484,True
S3,79,12,72,10800.0,5.684341886080802e-14,554.8774365865206,3.4995650821656456e-14,700.345875293306,2269.604409462077,1.7374190974805968e-12,2269.604409462075,True
S3,79,18,108,9980.902410909554,825.4412402396727,0.0,174.37573109299592,0.0,0.0,0.0,0.0,True
S3,80,6,36,4217.84819505612,0.0,287.9901177107231,0.0,350.99763163917953,1041.6291432827986,0.0,1041.6291432827986,True
S3,80,12,72,10800.0,186.5105779780109,3.410605131648481e-13,39.22918991441806,2.1691448637284338e-13,0.0,0.0,0.0,True
S3,80,18,108,9986.509881292715,234.18404182451317,0.0,49.598876728353524,0.0,0.0,0.0,0.0,True
S3,81,6,36,9745.224726358028,5.684341886080802e-14,203.8107544605872,2.2234303287405055e-14,277.93164341707944,860.87979276267,0.0,860.87979276267,True
S3,81,12,72,8104.183557525257,304.94706336471927,0.0,64.16206236090353,0.0,0.0,0.0,0.0,True
S3,81,18,108,10610.623426776707,0.0,689.2379938813241,0.0,810.790581007779,2050.239746147629,0.0,2050.239746147629,True
S3,82,6,36,9871.286806397306,0.0,1168.113569622083,0.0,1408.574426683116,6909.795547968941,0.0,6909.795547968941,True
S3,82,12,72,7979.16407984007,89.53491965683838,28.375222311774962,18.838499492712955,33.30761572779814,197.9455508469362,0.0,197.9455508469362,True
S3,82,18,108,10689.055908191678,0.0,86.80831504014341,0.0,123.48437812534502,367.5412263049791,0.0,367.5412263049791,True
S3,83,6,36,9679.203784957908,0.0,260.09922461173164,0.0,353.9815135773819,1073.8061391505871,0.0,1073.8061391505871,True
S3,83,12,72,8209.482594873734,132.4592389215336,1.0686562745831907e-11,27.879690605948248,1.1848629810629065e-11,0.0,0.0,0.0,True
S3,83,18,108,10769.58657148963,0.0,134.03827157186927,0.0,105.70174884821975,113.36544027876796,2.3792381398379804e-12,113.36544027876559,True
S3,84,6,36,9823.801250325485,0.0,1034.7873586684784,0.0,1205.0553295341933,5130.316339973316,0.0,5130.316339973316,True
S3,84,12,72,6435.156302820862,91.10850948096663,0.0,19.17629209241605,0.0,0.0,0.0,0.0,True
S3,84,18,108,10788.451381113273,0.0,157.14563379963226,0.0,152.4889848719087,292.248294635051,0.0,292.248294635051,True
S3,85,6,36,9662.0648021661,102.57953571681668,532.1634886161254,21.590685116202234,659.7142736996789,3712.3724965860574,0.0,3712.3724965860574,True
S3,85,12,72,7997.751558417504,0.0,506.1400339504177,0.0,622.4624763632439,1751.8388696232278,0.0,1751.8388696232278,True
S3,85,18,108,10800.0,374.7844466788155,0.0,84.48842028295982,0.0,0.0,0.0,0.0,True
S3,86,6,36,4362.570145207636,121.94368173494229,0.0,25.594102739522306,0.0,0.0,0.0,0.0,True
S3,86,12,72,10800.0,16.10911705415043,0.0,3.3810558370961106,0.0,0.0,0.0,0.0,True
S3,86,18,108,9850.111122334456,53.023212614598265,1.7053025658242404e-13,11.240921074294832,2.524956244087662e-13,0.0,0.0,0.0,True
S3,87,6,36,3708.336380499439,158.51102389688162,47.05780102024828,33.2607009013548,59.523930567493316,232.2537769354325,0.0,232.2537769354325,True
S3,87,12,72,10800.0,0.0,552.1635813022143,0.0,637.080760336755,2147.7006292207816,0.0,2147.7006292207816,True
S3,87,18,108,9740.77817401313,36.77869416997811,109.92074551629878,7.717350606011136,162.75415184870778,542.5138394956895,0.0,542.5138394956895,True
S3,88,6,36,9631.014298851216,0.0,130.8186757188837,0.0,180.61721584558802,550.4205416858181,3.1723175197839737e-12,550.4205416858149,True
S3,88,12,72,7979.612418896111,0.0,500.8396889389368,0.0,684.6655956339661,2051.005136843957,0.0,2051.005136843957,True
S3,88,18,108,10800.0,925.0334303218198,0.0,214.78930208565842,0.0,0.0,0.0,0.0,True
S3,89,6,36,9059.326959539849,0.0,8848.924876187668,0.0,7654.286884985527,50439.71073390004,1.0338396805309457e-13,50439.71073390004,True
S3,89,12,72,7845.201013768297,37.15969591535145,0.0,7.818546275952878,0.0,0.0,0.0,0.0,True
S3,89,18,108,10800.0,169.99761467342682,5.684341886080801e-13,35.872005918882365,1.0710152764659142e-12,0.0,0.0,0.0,True
S3,90,6,36,9278.133325218856,0.0,1649.5797979466274,0.0,1978.4656879167026,9242.763634850771,7.930793799459934e-13,9242.763634850771,True
S3,90,12,72,8765.69950729798,405.2876511042067,3.410605131648481e-13,85.27411694780321,2.174431301682489e-13,0.0,0.0,0.0,True
S3,90,18,108,10718.361616828488,0.0,186.35746338548574,0.0,118.43948585464547,0.0,0.0,0.0,True
S3,91,6,36,9406.165111593717,0.0,3774.3567785458904,0.0,4150.461716201796,21329.39730742901,1.4506387202573024e-12,21329.39730742901,True
S3,91,12,72,7762.5025357605155,489.22039376984856,1.5916157281026244e-12,102.9338963521837,3.075240329053486e-12,0.0,0.0,0.0,True
S3,91,18,108,10800.0,221.18257677005488,0.0,51.576208232410565,0.0,0.0,0.0,0.0,True
S3,92,6,36,9696.029752570144,0.0,241.15604727323102,0.0,318.6109792407932,918.9870757114037,0.0,918.9870757114037,True
S3,92,12,72,9269.671884612795,172.91971601930936,0.0,36.38298883826626,0.0,0.0,0.0,0.0,True
S3,92,18,108,10759.68133698092,0.0,301.5263765532257,0.0,305.15913870398396,627.12950483965,0.0,627.12950483965,True
S3,93,6,36,3350.474509368005,51.20383131099442,2.2737367544323206e-13,10.744207414535023,4.596216740537785e-13,0.0,0.0,0.0,True
S3,93,12,72,10800.0,2.2737367544323206e-13,174.33455491087204,1.5320722468459279e-13,189.71570938323606,500.7809191067999,0.0,500.7809191067999,True
S3,93,18,108,9895.95415822943,0.0,102.98475763087617,0.0,133.75857836042482,403.876816726935,1.4027534689375898e-13,403.87681672693486,True
S3,94,6,36,2741.3536945971687,13.58120137649155,386.35491752057396,2.849771995406572,469.9736609422265,1566.5788698074216,5.921663159824675e-14,1566.5788698074216,True
S3,94,12,72,10800.0,118.96464740512062,0.0,24.962601703657867,0.0,0.0,0.0,0.0,True
S3,94,18,108,9574.390634499401,0.0,1025.2648384576773,0.0,1355.3804520084038,3859.4804424038775,0.0,3859.4804424038775,True
S3,95,6,36,9739.02362794487,0.0,307.36582665357736,0.0,436.06682949753093,2001.38937171472,0.0,2001.38937171472,True
S3,95,12,72,8167.911458346432,114.88215043755179,292.18029138538,24.17165661212812,370.1049274895645,2038.2497127044282,1.6654666978865863e-11,2038.2497127044116,True
S3,95,18,108,10800.0,294.6851165683316,0.0,62.200616578881004,0.0,0.0,0.0,0.0,True
S3,96,6,36,8989.187795340371,37.28926528905822,3118.7419019639465,7.845808182145717,3119.9045786379156,19529.085603331714,0.0,19529.085603331714,True
S3,96,12,72,6643.0655390638,243.0276380990154,3.410605131648481e-13,51.1339715788087,4.639105100068264e-13,0.0,0.0,0.0,True
S3,96,18,108,10790.432770731497,4.053916197203193,0.0,0.8588221463774965,0.0,0.0,0.0,0.0,True
S3,97,6,36,9928.954157779714,58.380668474961794,187.70722343510283,12.246550002361808,266.5436590471676,1309.4455906832711,0.0,1309.4455906832711,True
S3,97,12,72,7912.759684936416,206.79025515202147,0.0,43.37852350571363,0.0,0.0,0.0,0.0,True
S3,97,18,108,10735.282654179098,0.0,589.8301162876629,0.0,644.7138259346053,1496.7915115554588,0.0,1496.7915115554588,True
S3,98,6,36,9887.461948235046,301.5673091374514,10.442664972724629,63.25996647354965,6.4426021549225005,59.00690498828,2.299930201843381e-11,59.006904988257,True
S3,98,12,72,5303.023877443718,0.0,1007.539946640279,0.0,751.0743918792765,4721.566654191754,2.2206222638487816e-11,4721.566654191733,True
S3,98,18,108,10616.152914197159,0.0,459.1973958378796,0.0,624.8114434175684,1821.1875931777295,0.0,1821.1875931777295,True
S3,99,6,36,9808.474073504674,57.06493895505707,1291.8371335612783,11.970548583124785,889.2559089097256,7224.31297695227,0.0,7224.31297695227,True
S3,99,12,72,6356.232606097267,52.74097474086631,0.0,11.063507856447405,0.0,0.0,0.0,0.0,True
S3,99,18,108,10779.346909149801,0.0,153.45760507302776,0.0,124.2907480114853,152.8099723938537,0.0,152.8099723938537,True
S3,100,6,36,2255.960603346364,0.0,1809.9186567532881,0.0,2301.5613750137218,7799.5321731570475,6.312390610219154e-13,7799.532173157047,True
S3,100,12,72,10800.0,289.7966185653493,9.663381206337363e-13,60.64772622827332,6.148979991849046e-13,0.0,0.0,0.0,True
S3,100,18,108,9967.143783023888,7.958078640513122e-13,26.64247211202246,1.6696617421985138e-13,16.86468484691041,0.0,0.0,0.0,True
S3,101,6,36,2731.003591229512,7.324262232847104,0.0,1.5327985982749672,0.0,0.0,0.0,0.0,True
S3,101,12,72,10800.0,0.0,199.22056450600894,0.0,227.6811879105795,606.7325758411979,0.0,606.7325758411979,True
S3,101,18,108,9905.055518518519,0.0,191.28035050714357,0.0,244.6739690164211,729.1575443706432,0.0,729.1575443706432,True
S3,102,6,36,9935.763642903848,152.88003153878037,0.0,32.16656035016923,0.0,0.0,0.0,0.0,True
S3,102,12,72,5559.537753158223,0.0,73.36521912279863,0.0,54.76929773119963,127.06671194343087,1.3482349459081888e-11,127.06671194341739,True
S3,102,18,108,10214.043160911568,0.0,842.8321950224364,0.0,1357.1310203217706,4449.250621186813,0.0,4449.250621186813,True
S3,103,6,36,9435.415861938121,0.0,355.75602974727803,0.0,449.38741011722186,1272.6609450605192,3.9653968997299674e-12,1272.6609450605154,True
S3,103,12,72,7385.378544286612,406.4956676648855,3.410605131648481e-13,85.52828838675416,4.639105100068264e-13,0.0,0.0,0.0,True
S3,103,18,108,10800.0,0.0,142.17172462045056,0.0,90.35723958252736,0.0,0.0,0.0,True
S3,104,6,36,8820.338811488862,158.19490534650578,2626.1158910807344,33.2848307179144,2578.0813484933724,16446.56727610132,2.4585460778325796e-11,16446.567276101294,True
S3,104,12,72,7881.419088423954,0.0,59.842321328059995,0.0,38.032787320048534,0.0,0.0,0.0,True
S3,104,18,108,10485.508086546759,0.0,481.525361551788,0.0,775.3093218015233,2549.921850442521,0.0,2549.921850442521,True
S3,105,6,36,9688.310947632737,79.16305267576809,2014.9087788021075,16.656217857678726,2384.870713355027,13155.373824416838,0.0,13155.373824416838,True
S3,105,12,72,6447.69537918523,69.7469403021247,1.1368683772161603e-13,14.675030753763565,1.5463683666894213e-13,0.0,0.0,0.0,True
S3,105,18,108,10800.0,7.840442443262475,1.1368683772161603e-13,1.6496599489466746,2.1420305529318284e-13,0.0,0.0,0.0,True
S3,106,6,36,7533.081160039644,100.26831779419524,4630.160814016746,21.09684870596579,3422.0442900195985,25316.61753808528,0.0,25316.61753808528,True
S3,106,12,72,6472.828400679306,116.37285008373703,2.0463630789890885e-12,24.485305684870806,1.31061028696422e-12,0.0,0.0,0.0,True
S3,106,18,108,10784.627483036986,0.0,133.1176983755184,0.0,84.60295320256071,0.0,0.0,0.0,True
S3,107,6,36,2270.2967889957845,32.333652576661564,436.6776367225141,6.784638197153283,543.8217584436168,1812.7391948120548,0.0,1812.7391948120548,True
S3,107,12,72,10800.0,78.0838988248301,0.0,16.384508409420587,0.0,0.0,0.0,0.0,True
S3,107,18,108,10023.428534555858,6.821210263296962e-13,6.821210263296962e-13,1.43302258948097e-13,4.2830379243241627e-13,0.0,0.0,0.0,True
S3,108,6,36,2697.5425118744683,39.83689963984557,7.271369521406063,8.35906027974536,8.33735229324419,27.791174310813975,0.0,27.791174310813975,True
S3,108,12,72,10800.0,0.0,740.7186712207317,0.0,987.4778810064861,3456.451097287596,0.0,3456.451097287596,True
S3,108,18,108,10024.576329393376,132.6051573150499,0.0,27.8248185331402,0.0,0.0,0.0,0.0,True
S3,109,6,36,9089.283855802281,0.0,2129.6070808128225,0.0,1726.5543638502527,11836.731443005756,3.172317519783974e-11,11836.731443005725,True
S3,109,12,72,5722.415184441195,73.13605516588729,376.83276881516264,15.388113860181019,455.664753724741,2628.785395254581,6.344635039567947e-12,2628.7853952545747,True
S3,109,18,108,10784.81566750383,314.4110073623086,0.0,66.23061573806595,0.0,0.0,0.0,0.0,True
S3,110,6,36,9441.313580825641,0.0,415.55755862369756,0.0,528.8669774425138,1495.7275865953989,1.6654666978865863e-11,1495.7275865953823,True
S3,110,12,72,7153.701909616376,121.29872213170648,0.0,25.521728551306605,0.0,0.0,0.0,0.0,True
S3,110,18,108,10790.321642897914,28.281028401773312,0.0,5.9504396859032,0.0,0.0,0.0,0.0,True
S3,111,6,36,8986.688500201877,0.0,5045.871106586599,0.0,4584.618606747066,29782.47042949541,0.0,29782.47042949541,True
S3,111,12,72,6627.208359802912,0.0,48.760010028545594,0.0,63.91385938334306,182.94750303998393,0.0,182.94750303998393,True
S3,111,18,108,10800.0,219.1832374124633,1.1368683772161603e-13,45.97820728624381,2.1420305529318284e-13,0.0,0.0,0.0,True
S3,112,6,36,7039.669714135799,0.0,5075.243860238528,0.0,4572.358675572002,28577.561074540376,4.494378202934968e-13,28577.561074540376,True
S3,112,12,72,6232.995239444792,36.783452090174706,0.0,7.716088168380627,0.0,0.0,0.0,0.0,True
S3,112,18,108,10800.0,27.61377094120371,4.547473508864641e-13,5.792558314577235,8.568122211727314e-13,0.0,0.0,0.0,True
S3,113,6,36,8171.509647006166,70.94958409791218,135.7426327552596,14.883139436378492,164.14219139621258,946.9406061006687,0.0,946.9406061006687,True
S3,113,12,72,5812.957445709872,59.49045489726154,662.087885637812,12.479350606871465,848.4322263207607,4618.725090209087,8.723873179405928e-12,4618.725090209078,True
S3,113,18,108,10685.257444400395,0.0,543.0611578769676,0.0,703.6273513929056,1974.3886519293437,0.0,1974.3886519293437,True
S3,114,6,36,2074.265023873457,39.106627991247365,126.0927164822107,8.20582584668432,156.52937668004148,521.7645889334707,0.0,521.7645889334707,True
S3,114,12,72,10800.0,0.0,2.2737367544323206e-13,0.0,1.316152520303149e-13,0.0,0.0,0.0,True
S3,114,18,108,10021.69876044753,0.0,524.3522021576541,0.0,543.7910454204118,1283.7162913432703,0.0,1283.7162913432703,True
S3,115,6,36,1854.0202612037012,0.0,336.65381245554175,0.0,423.60163012983344,1394.846059325925,0.0,1394.846059325925,True
S3,115,12,72,10800.0,0.0,395.83075632715395,0.0,510.4945174482002,1640.5944601274994,0.0,1640.5944601274994,True
S3,115,18,108,10116.817161369567,214.33052016093865,0.0,45.077619691306914,0.0,0.0,0.0,0.0,True
S3,116,6,36,7038.9479288734565,136.8768918100625,2434.695365208658,28.71275275716985,2231.7966420123084,13478.724203601061,3.1723175197839737e-12,13478.724203601058,True
S3,116,12,72,6439.187836697267,144.09610019657111,1.0800249583553523e-11,30.227130697543917,1.518137082712201e-11,0.0,0.0,0.0,True
S3,116,18,108,9756.3675831493,0.0,1665.8155143430954,0.0,2669.1605253931116,8540.872974591082,0.0,8540.872974591082,True
S3,117,6,36,9819.63153851852,211.23055783155547,1782.2942129665005,44.44374074167491,1282.8357673719054,9896.432656084206,0.0,9896.432656084206,True
S3,117,12,72,7043.253915808717,0.0,720.9840465307493,0.0,867.7820420316884,2760.588643251453,0.0,2760.588643251453,True
S3,117,18,108,10759.487966270706,128.7267497964172,0.0,27.08461480763914,0.0,0.0,0.0,0.0,True
S3,118,6,36,6629.218395760461,83.61870143915581,570.8693298513759,17.59370389430561,751.3455297929637,3982.3844450431707,0.0,3982.3844450431707,True
S3,118,12,72,6532.8455148345365,0.0,939.0390648652018,0.0,1166.994708917691,5532.122844221157,3.9653968997299674e-12,5532.122844221153,True
S3,118,18,108,10800.0,437.31230107862683,0.0,92.08778710617949,0.0,0.0,0.0,0.0,True
S3,119,6,36,5661.935793657405,292.3458714895305,447.03493401493523,61.325579626003446,515.5513450864057,2491.093281285588,1.5454659774150059e-12,2491.0932812855867,True
S3,119,12,72,4814.981234999998,0.0,2275.6522763050275,0.0,1724.9952646986462,10174.539867252206,3.1723175197839737e-12,10174.539867252202,True
S3,119,18,108,10800.0,246.77377635092478,0.0,51.765892208812204,0.0,0.0,0.0,0.0,True
S3,120,6,36,7071.146609598765,173.82518235849483,1450.0899874949587,36.4634191939057,1707.3415099102222,7878.619348414086,2.0268764444608677e-12,7878.619348414084,True
S3,120,12,72,6712.959825058257,146.09328015863696,0.0,30.64608040997549,0.0,0.0,0.0,0.0,True
S3,120,18,108,10127.001760324074,0.0,2652.9023247930318,0.0,3750.543428511411,11010.838204492431,0.0,11010.838204492431,True
S3,121,6,36,2603.4249211111123,0.0,275.84017781508607,0.0,324.7009071706918,1014.4281671767856,0.0,1014.4281671767856,True
S3,121,12,72,10800.0,37.77115744317064,2.8421709430404007e-13,7.904629209542925,1.8110313249053433e-13,0.0,0.0,0.0,True
S3,121,18,108,9629.067013506381,0.0,1869.768336625114,0.0,2467.4298148383205,7091.376550162656,0.0,7091.376550162656,True
S3,122,6,36,2370.4111342592605,0.0,174.72536812362233,0.0,198.74385724662707,560.2574150614664,2.8748559088853655e-14,560.2574150614664,True
S3,122,12,72,10800.0,1.1368683772161603e-13,239.54080848950554,7.668177204323001e-14,311.2275080543176,980.1959457795015,0.0,980.1959457795015,True
S3,122,18,108,9757.428132207475,0.0,1383.6977129715297,0.0,1784.7659463083355,5077.705174012441,0.0,5077.705174012441,True
S3,123,6,36,9060.780375972223,1.7194905596993522,118.41111255577073,0.3606986296667455,165.52744527977381,826.0359211890709,1.9826984498649836e-11,826.0359211890511,True
S3,123,12,72,7873.689319120371,0.0,86.45821594663664,0.0,88.50826958725577,196.66276950590867,0.0,196.66276950590867,True
S3,123,18,108,10508.031882348208,0.0,2048.1110675380364,0.0,2956.482225519942,9040.720645130292,0.0,9040.720645130292,True
S3,124,6,36,9899.846398888885,67.67478598102821,0.0,14.196182950033242,0.0,0.0,0.0,0.0,True
S3,124,12,72,5853.673069012346,0.0,197.43692409147923,0.0,163.73042524339056,231.60401937951184,0.0,231.60401937951184,True
S3,124,18,108,10309.364166944451,0.0,1979.5713323952727,0.0,2972.824400688115,9265.810118618248,7.930793799459934e-13,9265.810118618248,True
S3,125,6,36,5748.798736759259,0.0,5534.320730631439,0.0,5281.539628390962,28548.674667355997,1.5861587598919868e-12,28548.674667355997,True
S3,125,12,72,5844.980427358602,0.0,763.6089592744452,0.0,1069.0639492925084,5099.269927133051,0.0,5099.269927133051,True
S3,125,18,108,10237.419588944747,0.0,1578.656604083118,0.0,2466.6433059412257,7842.669316871854,0.0,7842.669316871854,True
S3,126,6,36,7013.746294351849,0.0,4385.761701854859,0.0,3926.5693447172885,24460.03224941219,8.494794201396872e-12,24460.032249412183,True
S3,126,12,72,5465.640525260784,116.41649004832874,6.252776074688882e-13,24.42076125058017,5.137735570315271e-13,0.0,0.0,0.0,True
S3,126,18,108,10313.862769050143,0.0,2399.9678898814727,0.0,3425.8139817040437,10243.834930031733,0.0,10243.834930031733,True
S3,127,6,36,9811.392667283948,0.0,387.73231599397735,0.0,627.6426483021957,2409.9745190272893,0.0,2409.9745190272893,True
S3,127,12,72,7423.346504876536,71.26057494199733,250.13379579422792,14.948376183779088,277.2854355675001,1731.2477896679839,0.0,1731.2477896679839,True
S3,127,18,108,9815.91827395781,0.0,2088.1262806201016,0.0,3342.6768845867964,10535.273609196494,0.0,10535.273609196494,True
S3,128,6,36,2169.61165486111,153.59110963516065,367.7407964480519,32.14306507220133,461.3473445989401,1552.9926722858452,0.0,1552.9926722858452,True
S3,128,12,72,10800.0,0.0,832.3922083878606,0.0,1008.6514520982473,2932.670494497998,0.0,2932.670494497998,True
S3,128,18,108,9747.981456689906,0.0,1102.1811863734983,0.0,1516.9171796510911,4449.723949359834,0.0,4449.723949359834,True
S3,129,6,36,2230.6414486682734,0.0,1114.1718758743132,0.0,1493.7284916505773,5532.143611891353,0.0,5532.143611891353,True
S3,129,12,72,10800.0,284.68475028371466,3.410605131648481e-13,59.57793048809392,2.169656454498181e-13,0.0,0.0,0.0,True
S3,129,18,108,10110.696962962962,0.0,860.4810790169441,0.0,852.0434333309059,1761.214727392988,0.0,1761.214727392988,True
S3,130,6,36,9423.814497393094,0.0,2573.481332037909,0.0,2510.8344922037936,15145.04968307216,0.0,15145.04968307216,True
S3,130,12,72,6472.261180722746,21.394321401462207,238.6228092548322,4.487900424127056,387.17900854182574,1664.6327173616646,0.0,1664.6327173616646,True
S3,130,18,108,10452.151254413644,0.0,1533.8762196208572,0.0,2259.648805535957,6975.073796466344,0.0,6975.073796466344,True
S3,131,6,36,5127.690767093079,67.23025083317987,7634.101679185726,14.102932528991484,6632.725800416198,44423.369051038215,1.1041834113711956e-13,44423.369051038215,True
S3,131,12,72,7519.377239506828,0.0,119.03075487171668,0.0,129.14560735315976,299.8644552646389,0.0,299.8644552646389,True
S3,131,18,108,10384.426742276519,0.0,1594.2732366309833,0.0,2408.563282160275,7528.233746327067,0.0,7528.233746327067,True
S3,132,6,36,9976.184717102284,0.0,1338.0599238047098,0.0,1789.7478459131958,8777.36565414364,0.0,8777.36565414364,True
S3,132,12,72,8945.760454773355,0.0,115.6632162642967,0.0,122.3584285960267,762.489200849057,1.5861587598919868e-12,762.4892008490555,True
S3,132,18,108,10416.824798759693,0.0,1510.0360970867837,0.0,2260.004132427158,6993.199827303571,0.0,6993.199827303571,True
S3,133,6,36,9282.042841945042,0.0,4349.350771703025,0.0,3042.7468912946556,23715.4913174867,2.3792381398379804e-12,23715.491317486696,True
S3,133,12,72,7983.691309364635,12.116451268335936,5.684341886080802e-14,2.5493490355144255,6.153584308776771e-14,0.0,0.0,0.0,True
S3,133,18,108,10660.333678237334,0.0,1028.776479244701,0.0,1434.8878560609908,4277.065813580841,0.0,4277.065813580841,True
S3,134,6,36,7153.0593948384285,7.850259966731414,5759.033049830388,1.651725594524916,4488.797948765685,32401.550357112872,1.2118519521209237e-11,32401.55035711286,True
S3,134,12,72,7106.985104839222,0.0,188.49074000383456,0.0,235.2062403448503,642.0843209268048,0.0,642.0843209268048,True
S3,134,18,108,10800.0,68.63340611090905,0.0,14.440738777217232,0.0,0.0,0.0,0.0,True
S3,135,6,36,1579.4672821404968,0.0,289.3202399894026,0.0,374.30517989296186,1247.7468744801267,0.0,1247.7468744801267,True
S3,135,12,72,10800.0,0.0,0.0,0.0,0.0,0.0,0.0,0.0,True
S3,135,18,108,10298.062381871836,0.0,0.0,0.0,0.0,0.0,0.0,0.0,True
S3,136,6,36,1293.2333128419257,0.0,538.8003051096291,0.0,691.8472339260177,2227.571725019936,0.0,2227.571725019936,True
S3,136,12,72,10800.0,1.1368683772161603e-13,446.12349532114314,7.664198165002745e-14,577.3950872023004,1873.1806404617164,0.0,1873.1806404617164,True
S3,136,18,108,10083.771013741483,76.88264434873787,205.23563496338198,16.12298079754213,376.3816309593462,1254.6054365311563,2.4323867364728356e-12,1254.6054365311538,True
S3,137,6,36,9540.298091220084,0.0,700.8077907233966,0.0,1025.172520415062,3977.6307180040753,0.0,3977.6307180040753,True
S3,137,12,72,7946.477612451448,126.49076917771117,1.1368683772161603e-13,26.534049198775634,7.225366971397307e-14,0.0,0.0,0.0,True
S3,137,18,108,10800.0,0.0,1.0231815394945443e-12,0.0,1.6310366390825948e-12,0.0,0.0,0.0,True
S3,138,6,36,9039.298858513586,99.43149928259527,496.2064461960756,20.857808921738552,600.5819729301247,3461.536168662636,2.6171619538217783e-11,3461.5361686626097,True
S3,138,12,72,7989.706675550625,0.0,206.46569451035566,0.0,225.2597135415486,1155.0170886211176,0.0,1155.0170886211176,True
S3,138,18,108,10618.036519780899,0.0,488.2068280719233,0.0,716.659335111955,2224.8908286657456,0.0,2224.8908286657456,True
S3,139,6,36,8374.657668957765,199.94932185082024,4058.6898967887146,41.94349657104446,3223.173691970795,23504.246454008233,1.1896190699189901e-11,23504.246454008222,True
S3,139,12,72,6950.224963749848,0.0,63.34495658441182,0.0,40.09735751793268,0.0,0.0,0.0,True
S3,139,18,108,10540.019725611804,0.0,458.4911318597551,0.0,648.0741117180812,1903.2256712023018,7.930793799459934e-13,1903.225671202301,True
S3,140,6,36,5143.2825385281685,58.991187447267976,7171.07001078557,12.421829216295084,6553.271577191012,41582.22847654289,4.18420853520729e-13,41582.22847654289,True
S3,140,12,72,6441.704716549509,40.10915797366181,0.0,8.445822705376962,0.0,0.0,0.0,0.0,True
S3,140,18,108,10760.660251400453,0.0,0.0,0.0,0.0,0.0,0.0,0.0,True
S3,141,6,36,7436.859004605666,51.062714926248304,766.4396595406469,10.714096378366136,681.9194427718966,4837.337377881877,0.0,4837.337377881877,True
S3,141,12,72,5656.903437939002,0.0,860.4095463877188,0.0,670.0298358003645,4234.288634399767,2.299930201843381e-11,4234.288634399744,True
S3,141,18,108,10766.729097974094,246.34157392623945,0.0,51.68795605281677,0.0,0.0,0.0,0.0,True
S3,142,6,36,1632.346033781944,22.05844996008409,234.6795524842243,4.617754067798218,306.3489522594103,1051.8048630848723,3.751392085860061e-12,1051.8048630848687,True
S3,142,12,72,10800.0,0.1163157524040912,676.382254708227,0.024349740792799605,948.3156489327498,4161.328705703319,0.0,4161.328705703319,True
S3,142,18,108,10131.751300613238,3.979039320256561e-13,257.73570781139506,2.676927124412032e-13,354.61460544528853,1014.0103691476216,0.0,1014.0103691476216,True
S3,143,6,36,1320.094403113209,124.12325240786004,335.33830546385195,26.036407621776807,446.62548381691226,1488.7516127230313,1.8944695812095345e-13,1488.751612723031,True
S3,143,12,72,10800.0,5.684341886080802e-14,42.64277666080483,3.821298832917819e-14,26.99025966223105,0.0,0.0,0.0,True
S3,143,18,108,10478.298148148147,0.0,0.0,0.0,0.0,0.0,0.0,0.0,True
S3,144,6,36,9076.023551153356,0.0,1580.1709388196982,0.0,1702.4345168812874,9628.910257748328,0.0,9628.910257748328,True
S3,144,12,72,8750.68174113559,0.0,137.93354375015485,0.0,183.03546983936832,537.086804546936,7.930793799459935e-12,537.0868045469281,True
S3,144,18,108,10655.919284382691,1.979715205959792,141.2823697829341,0.4153884013051502,282.31501535008005,985.5858116057316,0.0,985.5858116057316,True
S3,145,6,36,6588.1431804744025,0.0,6676.053145022941,0.0,5609.203453569198,36005.60316317636,0.0,36005.60316317636,True
S3,145,12,72,6172.408479797026,235.05834848908603,79.6543211372053,49.32048372066289,78.8577779258332,555.6685442531499,3.1723175197839737e-12,555.6685442531467,True
S3,145,18,108,10632.314535242103,0.0,108.8343822230778,0.0,79.48783649219274,54.883794341799714,4.758476279675961e-12,54.88379434179495,True
S3,146,6,36,4950.9537484982175,38.00759172200185,7469.902429456733,7.974840378279245,6493.905209966128,43260.888417852475,2.1306512110186305e-12,43260.888417852475,True
S3,146,12,72,6994.302763827632,30.30556134899166,3.751665644813329e-12,6.358782637463328,2.368921059314744e-12,0.0,0.0,0.0,True
S3,146,18,108,10766.54788194676,153.5537166841077,1.1368683772161603e-13,32.218994273745,2.2992594495008235e-13,0.0,0.0,0.0,True
S3,147,6,36,9396.381332089808,87.09710290177719,878.5266518951165,18.27491460480271,1039.4923889149302,5937.19478516505,1.3482349459081888e-11,5937.194785165037,True
S3,147,12,72,5442.799148798732,0.0,166.85362947548475,0.0,171.58208477431106,593.2459033478821,0.0,593.2459033478821,True
S3,147,18,108,10733.537106083266,8.281709880974063,43.038646577562986,1.738424810020407,83.15712098483833,300.23759852508016,2.3792381398379804e-12,300.2375985250778,True
S3,148,6,36,9132.53788498807,0.0,7799.171227987451,0.0,6446.593450622408,44004.93566333968,0.0,44004.93566333968,True
S3,148,12,72,8145.4526855013355,104.75888956319949,0.0,21.9807513347538,0.0,0.0,0.0,0.0,True
S3,148,18,108,10684.454787402174,0.0,387.1056927864443,0.0,511.55636442985633,1396.1741261318703,0.0,1396.1741261318703,True
S3,149,6,36,1858.0737816851006,24.534057763663554,486.94769892639937,5.146326060261316,660.7789501758048,2811.6909046843193,0.0,2811.6909046843193,True
S3,149,12,72,10800.0,8.37017364631862,0.0,1.7557488117094446,0.0,0.0,0.0,0.0,True
S3,149,18,108,10354.780832440072,43.22871342119117,0.0,9.067764353295615,0.0,0.0,0.0,0.0,True
S3,150,6,36,2328.719311451172,0.0,1.7053025658242404e-13,0.0,3.44573436450446e-13,0.0,0.0,0.0,True
S3,150,12,72,10800.0,1.7053025658242404e-13,0.0,1.1485781215014867e-13,0.0,0.0,0.0,0.0,True
S3,150,18,108,10446.5375,210.8475490151688,0.0,44.227915605793996,0.0,0.0,0.0,0.0,True
S3,151,6,36,8450.342433192667,0.0,2104.0413289058406,0.0,2530.7820358503004,9862.590743996978,0.0,9862.590743996978,True
S3,151,12,72,7421.167368110874,0.0,645.7396722379187,0.0,852.2536740295102,2400.810019889859,0.0,2400.810019889859,True
S3,151,18,108,10317.824764956244,0.0,2550.294932563752,0.0,3824.561791771988,11650.922217800093,0.0,11650.922217800093,True
S3,152,6,36,8305.36836790781,0.0,854.6179889751405,0.0,1129.8253739727072,3992.7393346450585,0.0,3992.7393346450585,True
S3,152,12,72,7408.734615269695,0.0,108.09857605035415,0.0,150.30884602638886,450.5290532709374,0.0,450.5290532709374,True
S3,152,18,108,9154.03291139098,0.0,4468.844446286794,0.0,7127.549698153192,22057.074841935675,3.9653968997299674e-12,22057.07484193567,True
S3,153,6,36,8358.955480232808,0.0,7229.278898011747,0.0,8382.616445194102,39699.84836487661,9.787441968001077e-13,39699.84836487661,True
S3,153,12,72,8737.89136389245,117.99875934609491,0.0,24.758771287196907,0.0,0.0,0.0,0.0,True
S3,153,18,108,10407.308319080266,0.0,3858.2397193712036,0.0,5465.601411897687,15972.91159803735,0.0,15972.91159803735,True
S3,154,6,36,7791.239590408147,0.0,1200.3242913304143,0.0,1681.4983717111586,5011.358769990591,0.0,5011.358769990591,True
S3,154,12,72,8864.143228371297,162.53023908665352,0.0,34.09407175123703,0.0,0.0,0.0,0.0,True
S3,154,18,108,10213.088754537333,0.0,2580.2929171896576,0.0,3784.6799414589823,11168.20488485966,0.0,11168.20488485966,True
S3,155,6,36,7976.714939107828,0.0,6812.427074188285,0.0,8115.252485569673,36591.035144311056,2.3792381398379804e-12,36591.035144311056,True
S3,155,12,72,7853.436055164335,68.08991992630172,76.73135649085856,14.283265862087434,90.39565462638969,535.2779428802329,0.0,535.2779428802329,True
S3,155,18,108,9262.661558301188,0.0,3874.6892687421073,0.0,6181.653462866735,18968.092878142023,0.0,18968.092878142023,True
S3,156,6,36,1200.0,0.0,1780.1184904840006,0.0,2293.1417638748358,7361.622564747993,2.6625457394402475e-13,7361.622564747993,True
S3,156,12,72,8742.427060957254,276.3198494824657,7.958078640513122e-13,57.94675332676268,6.631580617977306e-13,0.0,0.0,0.0,True
S3,156,18,108,8878.448992322661,1.1368683772161603e-13,5389.714672136197,7.654534783796407e-14,7793.366859089881,23890.081380949225,1.5861587598919868e-12,23890.081380949225,True
S3,157,6,36,3052.841348638461,0.0,1109.458453873992,0.0,1499.135162410063,4637.220935146349,0.0,4637.220935146349,True
S3,157,12,72,7191.186634379201,168.25396883895604,349.9572447333163,35.29474218621091,485.71777220226284,2441.3017392596234,2.3792381398379804e-12,2441.301739259621,True
S3,157,18,108,9271.768437907895,0.0,4495.431102677938,0.0,6517.077579564469,20191.679462069376,0.0,20191.679462069376,True
S3,158,6,36,9321.667093522787,35.596332360176916,2106.060073231912,7.489608430769665,2201.760234567501,13117.849854569846,1.5068508218973876e-11,13117.849854569831,True
S3,158,12,72,9387.961539922217,0.0,82.12034029132491,0.0,85.79482809163724,355.1127671715776,1.0310031939297915e-11,355.1127671715673,True
S3,158,18,108,9689.172288345411,0.0,3969.9719527990105,0.0,6131.572382109112,18579.445279989526,0.0,18579.445279989526,True
S3,159,6,36,8823.793323153142,0.0,492.44613918416877,0.0,646.3265019822614,1758.7431911916622,0.0,1758.7431911916622,True
S3,159,12,72,7801.977632918796,302.4989106827541,0.0,63.66921709000306,0.0,0.0,0.0,0.0,True
S3,159,18,108,10613.141159846606,0.0,2301.611564433707,0.0,3047.4884859868753,8301.41551580787,0.0,8301.41551580787,True
S3,160,6,36,8930.29822973461,0.0,2441.896789157529,0.0,2845.297801351498,13275.105046125595,0.0,13275.105046125595,True
S3,160,12,72,6708.0115550939145,215.28242747443738,1498.2593451914895,45.31210899105197,1377.4620696524967,8643.10965706921,0.0,8643.10965706921,True
S3,160,18,108,9904.794045637398,0.0,1945.1881511091167,0.0,3031.2615648611218,9198.606439573547,0.0,9198.606439573547,True
S3,161,6,36,9357.076652905502,102.42976629793566,2051.3529156278837,21.559162022044465,2412.441950928307,9324.346950851166,1.5380265949715976e-12,9324.346950851164,True
S3,161,12,72,5677.527089774079,0.0,154.2261595683624,0.0,97.66511936736536,400.1371142584847,0.0,400.1371142584847,True
S3,161,18,108,9594.177937489936,0.0,3529.6716306389294,0.0,5541.740163769843,16910.134744200914,0.0,16910.134744200914,True
S3,162,6,36,9362.25077712676,92.6880145379348,879.5001529119415,19.50874238170962,758.2184449684547,5250.3902397853735,0.0,5250.3902397853735,True
S3,162,12,72,7156.8569080184425,0.0,148.94020800282465,0.0,131.83857575167778,197.5513098589796,1.5861587598919868e-12,197.55130985897802,True
S3,162,18,108,9202.591853588343,0.0,3133.9882521204254,0.0,5240.459261799944,16479.85984468647,0.0,16479.85984468647,True
S3,163,6,36,2362.087851192426,0.0,1069.221695557833,0.0,1294.7422396109714,4199.428373721867,4.228505101622205e-12,4199.428373721862,True
S3,163,12,72,7580.485058484837,0.0,822.6696849746488,0.0,1168.5930421681746,4133.746129634093,7.930793799459934e-13,4133.7461296340925,True
S3,163,18,108,10068.449913527471,0.0,1887.959843027622,0.0,2881.599212896922,9392.021890581898,0.0,9392.021890581898,True
S3,164,6,36,1799.7849333698102,180.94583751179238,577.9017074462407,38.08646666910383,726.6985867527868,2422.364149398347,6.223643822522718e-13,2422.3641493983464,True
S3,164,12,72,9779.191590000002,76.37959036045936,0.0,16.07679271579733,0.0,0.0,0.0,0.0,True
S3,164,18,108,10356.503590925928,0.0,2072.966601995886,0.0,2789.968167269728,8286.250938979101,0.0,8286.250938979101,True
S3,165,6,36,10106.652981762065,54.61553641195076,4458.452230479028,11.495775950266793,3386.62545935704,24893.373285092377,0.0,24893.373285092377,True
S3,165,12,72,6808.9033686953535,24.2507284192792,223.94744599196247,5.104425569237404,271.2182113189023,1526.6820697705552,8.723873179405928e-12,1526.6820697705466,True
S3,165,18,108,10700.210260300222,0.0,319.1097130089737,0.0,392.29429611162584,977.6681103903871,3.9653968997299674e-12,977.6681103903832,True
S3,166,6,36,9970.955619528619,15.076897926619495,2864.3755658722534,3.174168589276971,2390.5950442906615,15492.78024089058,0.0,15492.78024089058,True
S3,166,12,72,6625.5932506014815,0.0,452.50992990366774,0.0,620.4024545765504,1768.9346095957399,0.0,1768.9346095957399,True
S3,166,18,108,10761.215504259124,474.5016572797952,1.1368683772161603e-13,99.89775505849086,2.304375357198296e-13,0.0,0.0,0.0,True
S3,167,6,36,10093.695686868687,147.1939271455518,3977.8432288370786,30.989023230886076,3614.1894088188865,23344.287180516836,3.9653968997299674e-12,23344.287180516832,True
S3,167,12,72,6769.350303287382,0.0,191.51334607045766,0.0,150.6915777938828,153.29055430102736,0.0,153.29055430102736,True
S3,167,18,108,10795.037838383838,130.07400060391205,3.410605131648481e-13,27.384731861002983,3.733930498128757e-13,0.0,0.0,0.0,True
S3,168,6,36,10130.678709034792,176.7331726199949,3747.372883745168,37.199761988875295,3546.9499582857216,22417.358629802427,2.062006387859583e-11,22417.358629802406,True
S3,168,12,72,7590.240376673304,61.954428219117176,3.200284481863491e-11,13.04050592054653,3.974273283802176e-11,0.0,0.0,0.0,True
S3,168,18,108,10757.048731200899,0.0,11.54036947599343,0.0,7.339674986731821,0.0,0.0,0.0,True
S3,169,6,36,10061.137793490461,0.0,2302.201850697804,0.0,2616.243821042491,13793.948554767672,3.9653968997299674e-12,13793.948554767669,True
S3,169,12,72,8638.699415701461,259.6098525680612,764.0097057473206,54.64688080078365,780.9068697250266,4491.16374443407,5.7101715356111526e-11,4491.163744434013,True
S3,169,18,108,10602.816204520848,66.00027269523969,0.0,13.893169140958754,0.0,0.0,0.0,0.0,True
S3,170,6,36,2635.1471218883307,238.13452698134677,0.0,50.12385390764649,0.0,0.0,0.0,0.0,True
S3,170,12,72,10797.144383554996,0.0,403.60348426110795,0.0,317.9242242181076,367.2865733013358,0.0,367.2865733013358,True
S3,170,18,108,10800.0,808.5003054842252,0.0,169.34392115199898,0.0,0.0,0.0,0.0,True
S3,171,6,36,2422.1380262009,176.01980392679053,0.0,37.04960825596754,0.0,0.0,0.0,0.0,True
S3,171,12,72,10800.0,0.0,276.0283907142102,0.0,255.1989738994257,474.36118754754153,0.0,474.36118754754153,True
S3,171,18,108,10800.0,415.2220989306278,0.0,87.39821180006959,0.0,0.0,0.0,0.0,True
S3,172,6,36,9876.19544608585,124.90255018459095,3393.9644809413853,26.290169919943274,3955.412623244906,21113.557756216105,0.0,21113.557756216105,True
S3,172,12,72,8130.152773597079,0.0,52.97177718958619,0.0,45.23406737179312,66.04276455537214,0.0,66.04276455537214,True
S3,172,18,108,10800.0,405.3578944602805,3.410605131648481e-13,85.38783004514642,6.426091658795485e-13,0.0,0.0,0.0,True
S3,173,6,36,10108.193055555555,245.57600598228066,895.6514824014139,51.690176989930535,752.0804677476066,5386.527122522548,0.0,5386.527122522548,True
S3,173,12,72,8614.879318773854,0.0,0.0,0.0,0.0,0.0,0.0,0.0,True
S3,173,18,108,10366.178894122115,115.76057205655331,31.8331315383665,24.36591650770039,63.98459439211619,222.06792561164076,7.930793799459934e-13,222.06792561163996,True
S3,174,6,36,9956.046668914136,29.86140508081553,647.8460783628201,6.285154146325399,702.8372932132795,2697.1185320848745,2.446860492000269e-12,2697.118532084872,True
S3,174,12,72,6402.66496683501,0.0,163.01511152697503,0.0,193.03925467319783,463.99371964539,0.0,463.99371964539,True
S3,174,18,108,10784.893617283951,0.0,230.76416068784565,0.0,304.67344065039924,819.8977010098915,0.0,819.8977010098915,True
S3,175,6,36,10128.783796296297,131.29108572673226,1765.7411034516506,27.634863720784594,1865.8334047017615,10727.36702426212,2.3792381398379804e-12,10727.367024262117,True
S3,175,12,72,8220.013143075195,111.98603338009889,536.1491872391427,23.571431022602816,669.9527467852846,3738.470377009937,0.0,3738.470377009937,True
S3,175,18,108,10614.980909304511,164.52735334760308,4.547473508864641e-13,34.63061458388616,9.20113052416127e-13,0.0,0.0,0.0,True
S3,176,6,36,10106.175,338.46292405319923,1359.8100381637246,71.24152206507333,906.9639683938783,7617.15037801474,2.2206222638487816e-11,7617.150378014719,True
S3,176,12,72,7705.084002295179,0.0,1152.1221271638578,0.0,1070.3829847391125,5504.078231937442,0.0,5504.078231937442,True
S3,176,18,108,10777.00390358321,106.32353597948588,5.684341886080801e-13,22.38311920118593,5.190429419599241e-13,0.0,0.0,0.0,True
S3,177,6,36,3161.0900176599357,75.31509340566464,0.0,15.852133223805428,0.0,0.0,0.0,0.0,True
S3,177,12,72,10800.0,461.3747598088141,0.0,97.1090099987908,0.0,0.0,0.0,0.0,True
S3,177,18,108,10800.0,0.0,6.821210263296962e-13,0.0,4.1796965888352137e-13,0.0,0.0,0.0,True
S3,178,6,36,2463.8980717143677,0.0,288.1361648211745,0.0,297.3189978527556,821.507608188222,0.0,821.507608188222,True
S3,178,12,72,10480.324339373172,0.0,156.95056463488874,0.0,238.8336009165144,787.3498240511655,0.0,787.3498240511655,True
S3,178,18,108,10800.0,504.3369927594955,0.0,106.16698967178286,0.0,0.0,0.0,0.0,True
S3,179,6,36,9875.499160881041,0.0,4059.200282390979,0.0,4513.876934261021,25241.120131844473,0.0,25241.120131844473,True
S3,179,12,72,7010.269864349162,0.0,1844.1070768663462,0.0,1620.1613887586072,10389.804584991545,0.0,10389.804584991545,True
S3,179,18,108,10800.0,473.05930109062837,0.0,99.58269220461757,0.0,0.0,0.0,0.0,True
S3,180,6,36,10087.868518518519,145.29288445553607,401.4227346098253,30.58088434506255,564.6299278802162,2800.324996605363,3.9653968997299674e-12,2800.324996605359,True
S3,180,12,72,6806.98673122054,0.0,30.511726287141187,0.0,19.405457918621796,0.0,0.0,0.0,True
S3,180,18,108,10800.0,161.18015407423496,3.410605131648481e-13,33.97125111279556,2.1676100914191922e-13,0.0,0.0,0.0,True
S3,181,6,36,6212.136567109993,0.0,15882.718944162501,0.0,18139.564748232067,82496.59381472354,0.0,82496.59381472354,True
S3,181,12,72,7756.045815251733,0.0,860.5635962999719,0.0,992.3771793286893,4501.888780713544,9.516952559351921e-12,4501.888780713535,True
S3,181,18,108,9659.281664640861,0.0,1760.887965492726,0.0,3085.4769311130053,9987.822447662269,0.0,9987.822447662269,True
S3,182,6,36,4253.923922390582,0.0,15645.871455979306,0.0,16541.45030143481,78062.708326086,8.535785411822872e-13,78062.708326086,True
S3,182,12,72,6887.758878901216,0.0,336.7941120878571,0.0,477.60559322353794,1574.0959150597153,0.0,1574.0959150597153,True
S3,182,18,108,10311.681502965366,0.0,577.312428685416,0.0,1086.9734193377938,3681.791429985872,0.0,3681.791429985872,True
S3,183,6,36,5815.502822008979,0.0,17284.082023188785,0.0,20086.4204031243,87143.95960960777,2.097308993143088e-12,87143.95960960777,True
S3,183,12,72,8978.02168342478,11.958674302412419,53.13330402049496,2.517031973934084,97.39260551539161,370.65792884694827,0.0,370.65792884694827,True
S3,183,18,108,10456.013959901955,0.0,1734.6460880140771,0.0,2591.576152341499,7762.201955231147,0.0,7762.201955231147,True
S3,184,6,36,1200.0,0.0,6364.854771609938,0.0,8520.077631471477,30714.900421383645,5.551555659621954e-12,30714.900421383638,True
S3,184,12,72,10800.0,2.4957565720408184,0.0,0.5253204539122622,0.0,0.0,0.0,0.0,True
S3,184,18,108,10558.538324414874,0.0,1836.3651971594543,0.0,2597.532397339122,7986.241680676122,0.0,7986.241680676122,True
S3,185,6,36,1200.0,0.0,5663.9988331913155,0.0,7531.750126882166,25473.019718560765,0.0,25473.019718560765,True
S3,185,12,72,10800.0,0.0,887.1219335728035,0.0,1213.9426229159224,4792.198858072439,0.0,4792.198858072439,True
S3,185,18,108,10027.628492302636,0.0,1976.7454713532072,0.0,3099.294274042074,9982.067749669772,0.0,9982.067749669772,True
S3,186,6,36,4717.624183536855,0.0,22714.555645511296,0.0,24398.308713519546,113695.22589182027,0.0,113695.22589182027,True
S3,186,12,72,8101.333947849034,0.0,197.1754803987643,0.0,253.1500257483024,1210.3960826110208,0.0,1210.3960826110208,True
S3,186,18,108,10766.333596761258,0.0,223.04685141479558,0.0,303.18253521506585,835.7695761480043,0.0,835.7695761480043,True
S3,187,6,36,5176.594103813141,0.0,10903.372741175368,0.0,11123.150400804756,53665.97599604195,0.0,53665.97599604195,True
S3,187,12,72,6379.529195107603,0.0,2779.9353763971512,0.0,3243.886617352167,17177.18621402472,0.0,17177.18621402472,True
S3,187,18,108,10800.0,0.0,110.84766402780872,0.0,145.45442928191216,388.6932841640395,0.0,388.6932841640395,True
S3,188,6,36,7846.976267325101,0.0,4685.595853354448,0.0,6122.45667266952,23954.808055893354,0.0,23954.808055893354,True
S3,188,12,72,6801.575026821498,262.91736776055313,601.279846046151,55.35250383854861,663.6507287150025,3904.430339734121,0.0,3904.430339734121,True
S3,188,18,108,9929.065307541208,0.0,1475.341513267318,0.0,2332.2956330014836,7119.928388686926,0.0,7119.928388686926,True
S3,189,6,36,7912.302067220811,0.0,4607.325629667224,0.0,5173.389188000166,23302.07405706399,0.0,23302.07405706399,True
S3,189,12,72,7750.913210677245,0.0,1786.3635699505699,0.0,2563.3202695838536,9812.568775263935,0.0,9812.568775263935,True
S3,189,18,108,10686.741942003531,67.03945327441238,14.965247297082897,14.113034417072003,30.080147067136625,104.39756514445504,4.758476279675961e-12,104.39756514445028,True
S3,190,6,36,7523.640503121536,0.0,8671.09056039601,0.0,9568.847534596918,46402.9991429482,0.0,46402.9991429482,True
S3,190,12,72,6588.951050167636,0.0,368.11182939614196,0.0,484.3676807543481,1298.2522000413353,0.0,1298.2522000413353,True
S3,190,18,108,10324.490467786138,0.0,410.8699814171031,0.0,815.9341656495905,2814.6181902364333,0.0,2814.6181902364333,True
S3,191,6,36,1200.0,0.0,3871.932838633215,0.0,5143.675394260695,16573.99843050614,0.0,16573.99843050614,True
S3,191,12,72,8929.446225000002,46.651545704912905,2.2737367544323206e-13,9.82164048233275,1.4488250599242747e-13,0.0,0.0,0.0,True
S3,191,18,108,10784.811523507597,0.0,26.208356092093823,0.0,16.672445727985483,0.0,0.0,0.0,True
S3,192,6,36,1200.0,0.0,4092.1075065803743,0.0,5503.240141995049,20337.715899202027,0.0,20337.715899202027,True
S3,192,12,72,9923.189278186053,0.0,594.8460069986104,0.0,756.0324608724646,3324.2656864831993,0.0,3324.2656864831993,True
S3,192,18,108,10670.573229170495,0.0,486.4253665548057,0.0,713.513406415148,2286.0476711027336,0.0,2286.0476711027336,True
S3,193,6,36,8459.064197463817,0.0,1446.706616546673,0.0,1798.8545943761983,6176.384857793037,3.9653968997299674e-12,6176.384857793033,True
S3,193,12,72,5137.056699998457,0.0,917.9024755949836,0.0,1234.390027098952,3396.17974258042,0.0,3396.17974258042,True
S3,193,18,108,10794.084862554464,0.0,176.81896324527577,0.0,263.7343429957733,808.5763632382933,0.0,808.5763632382933,True
S3,194,6,36,8676.909874191922,0.0,4085.49674138772,0.0,4395.422206813986,22101.583564885863,0.0,22101.583564885863,True
S3,194,12,72,6928.287456067946,0.0,1183.8411607917697,0.0,1660.808878536298,7129.931981491673,0.0,7129.931981491673,True
S3,194,18,108,10464.986946876437,0.0,1465.2116084882537,0.0,2218.306565011582,6698.033409821026,0.0,6698.033409821026,True
S3,195,6,36,10036.193055555555,441.8423921407061,4.547473508864641e-13,93.021936570109,9.217501428793184e-13,0.0,0.0,0.0,True
S3,195,12,72,9213.019460143098,0.0,192.43735115059792,0.0,122.41902093445286,0.0,0.0,0.0,True
S3,195,18,108,10712.570839595961,180.02033124438833,3.183231456205249e-12,38.17331124037254,4.593880476022605e-12,0.0,0.0,0.0,True
S3,196,6,36,9930.30357295174,0.0,309.22709959825124,0.0,405.03134994994673,1080.1980522072865,3.9653968997299674e-12,1080.1980522072827,True
S3,196,12,72,7599.880583336138,337.78091628232187,0.0,71.1112970693665,0.0,0.0,0.0,0.0,True
S3,196,18,108,10800.0,0.0,435.5296012145353,0.0,341.77902023959956,343.76384651878675,0.0,343.76384651878675,True
S3,197,6,36,9986.626491383278,69.43504239804781,2932.6872149116653,14.632665623361119,2972.695129403396,18028.06768048807,0.0,18028.06768048807,True
S3,197,12,72,6835.273669579132,381.6018791363701,3.490185918053612e-11,80.41836666042957,6.020190426170301e-11,0.0,0.0,0.0,True
S3,197,18,108,10440.735829911484,0.0,129.12443647901625,0.0,158.36778108647474,386.65623438988194,0.0,386.65623438988194,True
S3,198,6,36,3185.9663389450075,194.39644271699672,9.094947017729282e-13,40.92666046882275,5.959009286016226e-13,0.0,0.0,0.0,True
S3,198,12,72,9418.715301352413,3.24282786299716,2.6147972675971687e-12,0.6827188453285409,1.6771309674368238e-12,0.0,0.0,0.0,True
S3,198,18,108,10651.56821976431,18.179699076810152,0.0,3.8274073390589773,0.0,0.0,0.0,0.0,True
S3,199,6,36,2241.2555087878836,228.7339101306257,0.0,48.15579414305819,0.0,0.0,0.0,0.0,True
S3,199,12,72,10800.0,0.0,132.21369435825198,0.0,84.107741666002,0.0,0.0,0.0,True
S3,199,18,108,10793.47328731762,0.0,32.771020670391295,0.0,20.11734402434347,0.0,0.0,0.0,True
S3,200,6,36,10059.50925925926,413.84912651324055,5.684341886080801e-13,87.12846001397304,3.6338292375148737e-13,0.0,0.0,0.0,True
S3,200,12,72,8422.645059438837,0.0,173.3493210798988,0.0,170.37935279728708,858.4719141640815,0.0,858.4719141640815,True
S3,200,18,108,10341.49783936014,0.0,939.6615787036569,0.0,1321.4283289729967,3740.2854390635134,0.0,3740.2854390635134,True
S3,201,6,36,9993.979388327722,160.45565758469297,1.745092959026806e-10,33.81425147483828,1.1254490459577938e-10,0.0,0.0,0.0,True
S3,201,12,72,8285.105140143096,81.75961166060472,1.5916157281026244e-12,17.22993199985545,3.215706101400428e-12,0.0,0.0,0.0,True
S3,201,18,108,10524.122441638609,0.0,195.92086610244394,0.0,317.4265834642395,987.4746291843118,0.0,987.4746291843118,True
S3,202,6,36,9859.397831986538,0.0,10764.237529768314,0.0,10220.766790680913,61606.637482161306,0.0,61606.637482161306,True
S3,202,12,72,8328.687228231844,0.0,200.07826600034628,0.0,266.8168003537189,726.4456601958773,0.0,726.4456601958773,True
S3,202,18,108,10800.0,374.9043279097601,1.5916157281026244e-12,79.00693196967957,3.2198840926866976e-12,0.0,0.0,0.0,True
S3,203,6,36,10045.068055555555,370.9349783322199,4.547473508864641e-13,78.17043553928418,9.14042175281793e-13,0.0,0.0,0.0,True
S3,203,12,72,9730.813348249158,1.3642420526593924e-12,328.7854256752072,9.171117199002765e-13,230.38826164799755,136.04774637332508,0.0,136.04774637332508,True
S3,203,18,108,10796.072591737035,279.55863753253186,1.7053025658242404e-12,58.91657620024045,2.5249562440876616e-12,0.0,0.0,0.0,True
S3,204,6,36,9812.776198002244,0.0,345.5229225109248,0.0,459.5306248919006,1247.3233553869352,0.0,1247.3233553869352,True
S3,204,12,72,9699.805086621773,386.09930002057115,9.094947017729282e-13,81.36614826598786,1.8394928247289496e-12,0.0,0.0,0.0,True
S3,204,18,108,10715.209540965208,0.0,65.59431772633388,0.0,41.79669925521995,0.0,0.0,0.0,True
S3,205,6,36,2398.9568358249176,126.91050365865726,86.58334119333838,26.744982072361445,104.31134526717548,347.70448422391826,8.624567726656097e-14,347.70448422391814,True
S3,205,12,72,10800.0,78.57735021926317,0.0,16.559305670713336,0.0,0.0,0.0,0.0,True
S3,205,18,108,10726.17257444725,84.27568469469463,7.958078640513122e-13,17.760166505665303,1.1139718480990269e-12,0.0,0.0,0.0,True
S3,206,6,36,2852.8803168013505,117.33464162148357,337.0198422897112,24.726975279161387,469.23453539576076,2351.0504198130207,7.137714419513941e-12,2351.0504198130134,True
S3,206,12,72,10800.0,102.59166600511975,0.0,21.62005656726789,0.0,0.0,0.0,0.0,True
S3,206,18,108,10753.682283389451,128.4164696468094,0.0,27.062347713451736,0.0,0.0,0.0,0.0,True
S3,207,6,36,9494.475714433222,0.0,3018.481394921779,0.0,3850.4498470141384,17652.14359425401,0.0,17652.14359425401,True
S3,207,12,72,7990.0533855948415,958.5942402644918,0.0,202.01311185005238,0.0,0.0,0.0,0.0,True
S3,207,18,108,10419.30485709117,0.0,0.0,0.0,0.0,0.0,0.0,0.0,True
S3,208,6,36,10048.331481481482,273.27983775671896,1052.4338606502265,57.53413476360035,1405.6500650527933,7287.4866207227515,0.0,7287.4866207227515,True
S3,208,12,72,6328.598918636364,0.0,77.97028471117926,0.0,49.600796619016684,0.0,0.0,0.0,True
S3,208,18,108,10625.822708617383,0.0,100.61927820590313,0.0,190.24380238708392,680.3060741598705,0.0,680.3060741598705,True
S3,209,6,36,9987.66582790124,0.0,5372.345701812314,0.0,4608.686133282862,28123.911095598087,0.0,28123.911095598087,True
S3,209,12,72,8159.141680346198,200.70051819260038,230.1307109737744,42.25386971686192,227.8294038640364,1300.3673901999443,0.0,1300.3673901999443,True
S3,209,18,108,10800.0,106.38153707873653,9.094947017729282e-13,22.396711520649646,1.7752199710230343e-12,0.0,0.0,0.0,True
S3,210,6,36,9666.321375314259,381.6702271433103,7391.857185876492,80.35377386042545,6199.16827871516,41840.18951623276,0.0,41840.18951623276,True
S3,210,12,72,6693.18713363947,0.0,997.7480168477662,0.0,916.4847036209165,5521.82682999725,1.9826984498649836e-11,5521.82682999723,True
S3,210,18,108,10480.102455495498,0.0,217.52687189083065,0.0,355.93010238732523,1123.4371129508304,0.0,1123.4371129508304,True
S3,211,6,36,10005.097992213803,311.7273007826193,2177.7281603598576,65.62855379285891,1785.3741925934685,12750.769259318757,1.586158759891987e-11,12750.76925931874,True
S3,211,12,72,7341.33489518631,0.0,2969.2460808652263,0.0,3081.1727047976515,15946.084998086484,0.0,15946.084998086484,True
S3,211,18,108,10549.965351616556,126.78295162493396,119.56559969319903,26.69186093051492,240.32685538333007,834.0896234597549,0.0,834.0896234597549,True
S3,212,6,36,1658.876047878789,0.0,923.855500226398,0.0,1210.236135364607,3891.3945622071087,0.0,3891.3945622071087,True
S3,212,12,72,10800.0,146.3419157814849,0.0,30.80765718106838,0.0,0.0,0.0,0.0,True
S3,212,18,108,10754.180666417806,0.0,407.6272828127126,0.0,454.06394609636754,1109.4145943989438,7.930793799459934e-13,1109.414594398943,True
S3,213,6,36,2919.363751655441,253.5317257432407,9.094947017729282e-13,53.4290012591507,1.2731106835417449e-12,0.0,0.0,0.0,True
S3,213,12,72,10800.0,82.9783163016125,0.0,17.486760495808483,0.0,0.0,0.0,0.0,True
S3,213,18,108,10800.0,1.6484591469634324e-12,0.0,1.0353147672503838e-12,0.0,0.0,0.0,0.0,True
S3,214,6,36,6962.49351311448,0.0,3638.6228876661153,0.0,3760.6179530736076,21632.760176649157,9.516952559351921e-12,21632.760176649146,True
S3,214,12,72,5930.251124999999,338.59574609724143,4.547473508864641e-13,71.35530076773821,9.190898708766325e-13,0.0,0.0,0.0,True
S3,214,18,108,10800.0,0.0,38.9657824876889,0.0,24.828996601155364,0.0,0.0,0.0,True
S3,215,6,36,8296.339957665545,202.79172107882948,2325.7439528078553,42.73610763742839,1560.0183418435454,12885.266801145313,3.0930095817893746e-11,12885.266801145282,True
S3,215,12,72,6588.741743106102,0.0,734.5009791476436,0.0,830.7692595551626,1892.080670075035,0.0,1892.080670075035,True
S3,215,18,108,10800.0,85.01589184788486,2.2737367544323206e-13,17.916156959342047,4.585558599501383e-13,0.0,0.0,0.0,True
S3,216,6,36,8593.723216416947,224.76867162323902,2943.943988278576,47.36750638986187,2069.9010218855574,16508.91022245545,0.0,16508.91022245545,True
S3,216,12,72,6313.8572615849,51.12387980517531,0.0,10.773791053072005,0.0,0.0,0.0,0.0,True
S3,216,18,108,10734.334014029182,0.0,47.793423415870734,0.0,30.453969400592833,0.0,0.0,0.0,True
S3,217,6,36,9341.233777777778,0.0,58.6402224199461,0.0,76.75588958353846,204.5512829513629,3.9653968997299674e-12,204.55128295135893,True
S3,217,12,72,7126.609721666669,523.8749063682612,1.0231815394945443e-12,110.40083031002486,6.555865184054709e-13,0.0,0.0,0.0,True
S3,217,18,108,10800.0,0.0,0.0,0.0,0.0,0.0,0.0,0.0,True
S3,218,6,36,10033.251851851852,405.5508704244435,496.2496755940166,85.38141205011705,610.5279154499542,3461.837736943876,7.930793799459935e-12,3461.837736943868,True
S3,218,12,72,10550.303237777778,0.0,395.21062304672193,0.0,432.9081177585457,1675.430754044557,7.930793799459934e-13,1675.4307540445564,True
S3,218,18,108,10792.571889118968,343.1052120937991,1.3642420526593924e-12,72.5398561364756,2.7656255952024365e-12,0.0,0.0,0.0,True
S3,219,6,36,3535.8105237626287,612.6273006120555,0.0,128.9776148969047,0.0,0.0,0.0,0.0,True
S3,219,12,72,10800.0,0.0,157.2406035175716,0.0,100.02860992770317,0.0,0.0,0.0,True
S3,219,18,108,10780.95153030303,0.0,119.12047908661657,0.0,75.77849277095113,0.0,0.0,0.0,True
S3,220,6,36,2911.330132906845,344.74532006596917,0.0,72.57990149076923,0.0,0.0,0.0,0.0,True
S3,220,12,72,10800.0,0.0,29.965584889549064,0.0,19.062606827486636,0.0,0.0,0.0,True
S3,220,18,108,10800.0,0.0,78.15748717897324,0.0,49.71988546890635,0.0,0.0,0.0,True
S3,221,6,36,9336.241296296295,300.9156708389586,9.663381206337363e-12,63.33837144428436,9.987701332647703e-12,0.0,0.0,0.0,True
S3,221,12,72,7805.358390925925,0.0,677.2694126110858,0.0,690.3950772942646,1357.6921230879707,0.0,1357.6921230879707,True
S3,221,18,108,10800.0,479.7653785617703,3.410605131648481e-13,101.05368661960773,6.590141765627778e-13,0.0,0.0,0.0,True
S3,222,6,36,9497.840492338386,459.6316898786664,507.70944983280987,96.74578469088434,569.3985317336563,3541.139621213497,0.0,3541.139621213497,True
S3,222,12,72,6942.481832628784,0.0,494.50784352773115,0.0,489.6512718672908,2293.3322309654277,0.0,2293.3322309654277,True
S3,222,18,108,10770.521979638566,451.25618081284074,3.410605131648481e-13,95.40046203474952,6.9013594838907e-13,0.0,0.0,0.0,True
S3,223,6,36,9994.774832268762,89.67704544207959,1337.2871060646764,18.878662741548037,1719.674986007487,9211.065284494185,5.551555659621954e-12,9211.06528449418,True
S3,223,12,72,8614.54424245395,97.97796472469759,2.7284841053187847e-12,20.626158489304064,3.8482198760902974e-12,0.0,0.0,0.0,True
S3,223,18,108,10724.589309315017,0.0,399.6052543983044,0.0,474.20023385749556,1162.262642913896,3.9653968997299674e-12,1162.262642913892,True
S3,224,6,36,9260.520995703557,0.0,2822.8057408733666,0.0,2115.7579183825187,15864.90182958695,9.516952559351921e-12,15864.901829586941,True
S3,224,12,72,6792.92964524759,0.0,1559.9962723948174,0.0,2001.4863420811023,9029.76123420458,0.0,9029.76123420458,True
S3,224,18,108,10731.504070472914,274.0872343445992,1.1368683772161603e-12,57.691375821850855,1.6833041627251077e-12,0.0,0.0,0.0,True
S3,225,6,36,9224.576481481481,344.32384537256985,3420.2226045295597,72.49116760535482,2331.7490547438656,18858.982287855688,0.0,18858.982287855688,True
S3,225,12,72,6450.78836879019,0.0,59.130367630069145,0.0,37.61578336786849,0.0,0.0,0.0,True
S3,225,18,108,10796.276118011792,0.0,437.8704196621643,0.0,380.6325325899806,537.7872797410748,3.9653968997299674e-12,537.7872797410708,True
S3,226,6,36,2776.81865795618,155.61328523395593,44.01975917543314,32.761567033815545,51.47994011572836,171.5998003857604,0.0,171.5998003857604,True
S3,226,12,72,10800.0,116.02760859038426,0.0,24.427517682004037,0.0,0.0,0.0,0.0,True
S3,226,18,108,10800.0,172.662272510749,0.0,36.46763136253251,0.0,0.0,0.0,0.0,True
S3,227,6,36,2081.9073309877163,0.0,363.5322437031047,0.0,457.9668525364924,1526.5561751216414,0.0,1526.5561751216414,True
S3,227,12,72,10800.0,395.78845620153066,1.8189894035458565e-12,83.30771269691785,1.1590600479394197e-12,0.0,0.0,0.0,True
S3,227,18,108,10800.0,241.26980407575303,0.0,51.04015341296198,0.0,0.0,0.0,0.0,True
S3,228,6,36,10023.10324074074,389.2881696010284,1.4097167877480388e-11,81.93949692387739,2.080303715956689e-11,0.0,0.0,0.0,True
S3,228,12,72,9398.349640381273,63.540279651838375,0.0,13.374304578559604,0.0,0.0,0.0,0.0,True
S3,228,18,108,10355.292528561202,0.0,315.4988061825437,0.0,443.5485776370416,1233.1950263820072,0.0,1233.1950263820072,True
S3,229,6,36,9277.068056070137,0.0,2527.3611387226774,0.0,2072.224742673816,13891.384017637462,0.0,13891.384017637462,True
S3,229,12,72,8308.88653347197,722.2573640702093,6.821210263296962e-13,152.0246688260069,1.379555669700494e-12,0.0,0.0,0.0,True
S3,229,18,108,10800.0,0.0,156.7443666766091,0.0,99.6894172063234,0.0,0.0,0.0,True
S3,230,6,36,9087.547811213708,202.03986804564147,0.0,42.52645325233821,0.0,0.0,0.0,0.0,True
S3,230,12,72,7220.687085843338,217.94924374221165,7.958078640513122e-13,45.875145410864285,6.713605671393453e-13,0.0,0.0,0.0,True
S3,230,18,108,10800.0,285.1662834724664,0.0,60.28807105690935,0.0,0.0,0.0,0.0,True
S3,231,6,36,9953.547186184733,259.65779216971157,1000.6850982446937,54.65212519757497,1213.0093218938302,5683.612139075596,5.551555659621954e-12,5683.612139075591,True
S3,231,12,72,7773.780731160122,465.0454390741161,0.0,97.88160542560692,0.0,0.0,0.0,0.0,True
S3,231,18,108,10452.761453885823,0.0,1315.0725432433505,0.0,1486.9579894169658,3376.0692402383347,0.0,3376.0692402383347,True
S3,232,6,36,9908.45020724651,257.343746098938,445.5098386693229,54.16545315796015,591.9312993345568,3107.8766345570293,1.5861587598919868e-12,3107.876634557028,True
S3,232,12,72,9390.408971228979,133.545145611286,0.0,28.10931053782012,0.0,0.0,0.0,0.0,True
S3,232,18,108,10800.0,302.48498755815086,2.2737367544323206e-12,63.943515729476616,4.5955687255627704e-12,0.0,0.0,0.0,True
S3,233,6,36,2231.209675177136,0.0,389.9912987929027,0.0,473.71752983542217,1515.9899645578146,4.758476279675961e-12,1515.9899645578098,True
S3,233,12,72,10800.0,60.864733480124414,5.684341886080801e-13,12.810657467574426,3.6159235605737195e-13,0.0,0.0,0.0,True
S3,233,18,108,10800.0,110.30864456086073,0.0,23.217488689785586,0.0,0.0,0.0,0.0,True
S3,234,6,36,3013.5769776082257,27.85828174994083,811.8636452896731,5.86354173797487,1184.88037216506,5630.894369344327,5.551555659621954e-12,5630.894369344322,True
S3,234,12,72,10800.0,156.28697334238979,0.0,32.89489278367319,0.0,0.0,0.0,0.0,True
S3,234,18,108,10800.0,10.188417687627293,0.0,2.144432770137024,0.0,0.0,0.0,0.0,True
S3,235,6,36,8273.369759848834,331.6429774851922,5.684341886080801e-13,69.7789877632333,3.6220626498106866e-13,0.0,0.0,0.0,True
S3,235,12,72,6584.994525,0.0,247.15556441097567,0.0,181.0592150129745,330.45213859308944,8.723873179405928e-12,330.45213859308075,True
S3,235,18,108,10785.228584181988,66.2762922784159,4.547473508864641e-13,14.04063251918388,6.392156137735583e-13,0.0,0.0,0.0,True
S3,236,6,36,9955.057809763817,108.22225290435972,11.019970992764001,22.77038795872034,15.219641903557509,76.87531764551454,0.0,76.87531764551454,True
S3,236,12,72,10309.311543093547,236.94817061609535,2.2737367544323206e-13,49.85482769246724,4.592720870277844e-13,0.0,0.0,0.0,True
S3,236,18,108,10800.0,177.20799790947194,5.684341886080801e-13,37.47262841494625,1.0860901511478005e-12,0.0,0.0,0.0,True
S3,237,6,36,8872.63103571492,531.874487118422,66.1872546211348,111.9084854732661,40.83422673851073,373.99505347199386,4.758476279675961e-12,373.9950534719891,True
S3,237,12,72,5972.728728677884,0.0,1507.0924962065462,0.0,1017.1950867806274,5344.315786684878,3.8067810237407686e-11,5344.31578668484,True
S3,237,18,108,10800.0,91.15667438282185,1.4779288903810084e-12,19.17972307005958,2.958017830678727e-12,0.0,0.0,0.0,True
S3,238,6,36,9961.19638821677,186.97949497944205,6750.4369256184555,39.3549782720052,5765.874026477799,38913.84974735806,0.0,38913.84974735806,True
S3,238,12,72,8263.100303196105,0.0,85.30165480507571,0.0,54.25185245602815,0.0,0.0,0.0,True
S3,238,18,108,10800.0,783.4171250000282,0.0,165.4927252008936,0.0,0.0,0.0,0.0,True
S3,239,6,36,9907.41885404337,244.80854509801566,5738.328171141349,51.508681420797075,5682.47127375644,35212.041161123525,1.9826984498649836e-11,35212.0411611235,True
S3,239,12,72,5089.697490214226,0.0,398.3824769261357,0.0,361.2221293780524,1644.2139051361144,0.0,1644.2139051361144,True
S3,239,18,108,10781.771506870411,208.18532228775854,0.0,43.98793156436429,0.0,0.0,0.0,0.0,True
S3,240,6,36,4258.673886165712,200.74283926253975,3.410605131648481e-13,42.10995322362798,2.1742607714259067e-13,0.0,0.0,0.0,True
S3,240,12,72,10800.0,0.0,29.28712393015337,0.0,18.538749447787083,0.0,0.0,0.0,True
S3,240,18,108,10800.0,523.9549214453068,0.0,110.30460457773022,0.0,0.0,0.0,0.0,True
S3,241,6,36,2889.803064344768,138.2954093577,0.0,29.01031608643767,0.0,0.0,0.0,0.0,True
S3,241,12,72,10800.0,53.53722572700934,1.3642420526593924e-12,11.230537932856038,1.9096660253126173e-12,0.0,0.0,0.0,True
S3,241,18,108,10760.212895765027,0.0,252.1176201856381,0.0,215.4924849111292,317.7929014300242,6.344635039567947e-12,317.7929014300178,True
S3,242,6,36,8741.762143469945,137.7646375819678,1964.3916579639867,28.898975753051133,1306.2368915300829,10922.59623693717,0.0,10922.59623693717,True
S3,242,12,72,5037.287824951427,226.58979259736742,0.0,47.5318850838197,0.0,0.0,0.0,0.0,True
S3,242,18,108,10677.10666262216,210.27447336704512,0.0,44.266335462984266,0.0,0.0,0.0,0.0,True
S3,243,6,36,10019.87037037037,1076.402973900598,1.2505552149377763e-12,225.95585444346685,2.3579389107908358e-12,0.0,0.0,0.0,True
S3,243,12,72,10800.0,3.410605131648481e-13,0.0,2.30323848882108e-13,0.0,0.0,0.0,0.0,True
S3,243,18,108,10800.0,4134.383197950116,1.1368683772161603e-13,1067.3054607096096,1.3239969121059404e-13,0.0,0.0,0.0,True
S3,244,6,36,9908.286584450252,724.2803000201427,1781.0921167337629,151.9701596473987,1499.4882230566993,10702.162630726487,9.516952559351921e-12,10702.162630726478,True
S3,244,12,72,7345.211758782335,289.492670054167,6.821210263296962e-13,60.61441649825961,1.3834778656018898e-12,0.0,0.0,0.0,True
S3,244,18,108,10800.0,3219.9217695680654,0.0,808.7656640291249,0.0,0.0,0.0,0.0,True
S3,245,6,36,9954.563161904867,923.480788280218,0.0,192.50044773917853,0.0,0.0,0.0,0.0,True
S3,245,12,72,9149.31377838635,159.12247568391956,1.1368683772161603e-13,33.47712020847877,2.296360435138922e-13,0.0,0.0,0.0,True
S3,245,18,108,10800.0,3344.744743005883,2.2737367544323206e-13,863.7123238425763,1.4450733942794615e-13,0.0,0.0,0.0,True
S3,246,6,36,9249.368351851852,829.703020580313,0.0,174.82678351735987,0.0,0.0,0.0,0.0,True
S3,246,12,72,8121.264452962965,0.0,0.0,0.0,0.0,0.0,0.0,0.0,True
S3,246,18,108,10800.0,3591.575173427462,0.0,960.6948182246782,0.0,0.0,0.0,0.0,True
S3,247,6,36,5941.379160633819,1127.7878722287767,0.0,236.08797071799017,0.0,0.0,0.0,0.0,True
S3,247,12,72,10800.0,0.0,0.0,0.0,0.0,0.0,0.0,0.0,True
S3,247,18,108,10800.0,3601.8964064430666,5.684341886080802e-14,736.2565333480773,3.579430085665081e-14,0.0,0.0,0.0,True
S3,248,6,36,5821.599313862396,790.3075669502316,0.0,165.52185903123723,0.0,0.0,0.0,0.0,True
S3,248,12,72,10800.0,41.29818172469976,0.0,8.668488344014479,0.0,0.0,0.0,0.0,True
S3,248,18,108,10800.0,3386.4188265580124,1.1368683772161603e-13,690.6877779532413,2.296360435138922e-13,0.0,0.0,0.0,True
S3,249,6,36,9260.124685185185,704.6947868074961,2994.3236159781445,147.1950149646217,2049.2551518190085,16536.40157630916,0.0,16536.40157630916,True
S3,249,12,72,7349.99084708493,32.79106881540126,0.0,6.849322508621613,0.0,0.0,0.0,0.0,True
S3,249,18,108,10800.0,3596.0346677735033,0.0,959.1960584005285,0.0,0.0,0.0,0.0,True
S3,250,6,36,9914.288867000998,206.3980136324676,421.5718064989517,43.111939060790284,453.9125367240822,2872.9434283416094,0.0,2872.9434283416094,True
S3,250,12,72,8739.486702631842,354.9902577415554,0.0,74.14954286420492,0.0,0.0,0.0,0.0,True
S3,250,18,108,10800.0,887.5248089745875,0.0,230.17617976031875,0.0,0.0,0.0,0.0,True
S3,251,6,36,8818.685991088667,348.57101185868146,2690.693340038367,73.13797202429218,2831.414546902811,16893.136555194316,3.013701643794775e-11,16893.136555194287,True
S3,251,12,72,7617.23222257015,155.10450891455366,0.0,32.54438506904104,0.0,0.0,0.0,0.0,True
S3,251,18,108,10728.328268777113,687.875324238197,0.0,154.23365837753417,0.0,0.0,0.0,0.0,True
S3,252,6,36,9885.537424242424,423.53448028165946,4.547473508864641e-13,88.8669795144115,4.4687453737424223e-13,0.0,0.0,0.0,True
S3,252,12,72,7486.659194820429,0.0,792.3056972761337,0.0,787.3897920773126,4429.518310002545,1.3482349459081888e-11,4429.5183100025315,True
S3,252,18,108,10800.0,1251.6675961668693,0.0,321.5861229508221,0.0,0.0,0.0,0.0,True
S3,253,6,36,9716.954925895066,40.185962803569055,0.0,8.429835007422504,0.0,0.0,0.0,0.0,True
S3,253,12,72,7228.841764969137,203.78451211382333,3.410605131648481e-13,42.748006874556026,3.054708486160962e-13,0.0,0.0,0.0,True
S3,253,18,108,10800.0,59.48526186574736,0.0,12.551390253672977,0.0,0.0,0.0,0.0,True
S3,254,6,36,2999.6476057407413,0.0,696.1946093003812,0.0,887.4219059726948,2846.563994064185,0.0,2846.563994064185,True
S3,254,12,72,10800.0,159.09829018885898,0.0,33.38236944861907,0.0,0.0,0.0,0.0,True
S3,254,18,108,10698.52478275433,0.0,300.3900734335425,0.0,338.6941823617593,848.0641595966235,0.0,848.0641595966235,True
S3,255,6,36,3399.7952265432095,57.650032914058215,115.80105364342087,12.093284115487815,133.66224443259452,445.5408147753151,5.664446689479519e-14,445.540814775315,True
S3,255,12,72,10800.0,0.0,127.61909131197957,0.0,126.43470407156298,343.721811175101,0.0,343.721811175101,True
S3,255,18,108,10280.516504684241,0.0,402.15559482803855,0.0,733.8519448341572,2710.975708213702,0.0,2710.975708213702,True
S3,256,6,36,9804.161349259255,12.092473267010973,0.0,2.5443039696617475,0.0,0.0,0.0,0.0,True
S3,256,12,72,10531.897477345678,0.0,49.76852365221146,0.0,56.92896619957443,135.1766525189018,0.0,135.1766525189018,True
S3,256,18,108,10758.468586604939,0.0,520.7116535777595,0.0,743.8104062937052,2207.178120817943,1.4275428839027881e-11,2207.178120817929,True
S3,257,6,36,8867.27705151234,146.32192458095858,222.98456386483988,30.786708834452213,245.95702546554892,1329.9738195112066,0.0,1329.9738195112066,True
S3,257,12,72,7090.78443,0.0,881.040388033887,0.0,992.968438044212,4390.2496147240945,0.0,4390.2496147240945,True
S3,257,18,108,10761.671181316926,924.2260703859026,0.0,221.14267287602084,0.0,0.0,0.0,0.0,True
S3,258,6,36,9476.034927037033,0.0,477.3278380598124,0.0,650.464614269599,2572.8560476172224,0.0,2572.8560476172224,True
S3,258,12,72,8150.556223547006,0.0,326.94562269719955,0.0,460.64802302650344,1436.8164370807501,0.0,1436.8164370807501,True
S3,258,18,108,10708.98377206222,312.0743690631518,0.0,65.57226099212448,0.0,0.0,0.0,0.0,True
S3,259,6,36,9791.600965802469,0.0,1352.1067539399983,0.0,1680.975792214025,6382.983893976156,0.0,6382.983893976156,True
S3,259,12,72,6078.644415544332,257.78104118414234,0.0,54.07489316221907,0.0,0.0,0.0,0.0,True
S3,259,18,108,10800.0,397.1800707124014,0.0,113.26398174114124,0.0,0.0,0.0,0.0,True
S3,260,6,36,9275.661565000004,0.0,8031.68699475036,0.0,6460.79852927224,44248.77633540203,1.3088428119090165e-12,44248.77633540203,True
S3,260,12,72,7653.836030874711,0.0,372.5626942601987,0.0,524.8077610759681,1729.3898959795745,0.0,1729.3898959795745,True
S3,260,18,108,10724.74053028001,123.71280851528911,1.1368683772161603e-13,25.975568710718388,7.177618499554228e-14,0.0,0.0,0.0,True
S3,261,6,36,3182.336909999999,0.0,813.4849780331763,0.0,1022.5755672345699,4191.820866299138,0.0,4191.820866299138,True
S3,261,12,72,10800.0,123.40698383791982,0.0,25.893537398340257,0.0,0.0,0.0,0.0,True
S3,261,18,108,10658.814857742791,133.6540425455794,0.0,28.20100297711725,0.0,0.0,0.0,0.0,True
S3,262,6,36,3327.3293537654326,234.78202705296263,228.55001041393353,49.262505320918436,270.1703960388768,900.5679867962572,1.4949250726203902e-12,900.5679867962557,True
S3,262,12,72,10800.0,0.0,414.4836422240484,0.0,389.0877734014212,749.3256890203004,3.1723175197839737e-12,749.3256890202972,True
S3,262,18,108,10486.520909682771,56.70049304156339,0.0,11.905453816187144,0.0,0.0,0.0,0.0,True
S3,263,6,36,9711.099665555552,0.0,1983.0310571737136,0.0,1684.587007570804,10822.459858625458,2.299930201843381e-11,10822.459858625434,True
S3,263,12,72,8084.818260061116,5.4081702061136525,0.0,1.134475308018456,0.0,0.0,0.0,0.0,True
S3,263,18,108,10800.0,618.441753317134,0.0,164.35318644549017,0.0,0.0,0.0,0.0,True
S3,264,6,36,9592.470855925929,130.83604949842737,193.6991174592287,27.45232105493432,200.4495317026828,993.5995608268518,0.0,993.5995608268518,True
S3,264,12,72,7197.963025000005,9.564984987359423,1.2050804798491299e-11,2.0069471660546503,7.74898012423364e-12,0.0,0.0,0.0,True
S3,264,18,108,10800.0,0.0,589.9247775993173,0.0,710.7489006017066,1834.0754657165248,0.0,1834.0754657165248,True
S3,265,6,36,9913.47211111111,87.64689865960679,0.0,18.390274016191512,0.0,0.0,0.0,0.0,True
S3,265,12,72,6382.162273981481,0.0,8.235187952836782,0.0,5.212873974145683,0.0,0.0,0.0,True
S3,265,18,108,10800.0,259.18169180874054,0.0,73.28617822965282,0.0,0.0,0.0,0.0,True
S3,266,6,36,9501.850094999998,43.70377897340927,2422.6029878641757,9.167769545439631,1897.2865365958705,13518.330436342154,1.1136165767311468e-11,13518.330436342143,True
S3,266,12,72,4468.1082686148775,0.0,3851.698097933475,0.0,4140.937120824669,21289.781236553044,0.0,21289.781236553044,True
S3,266,18,108,10797.853688401832,615.9790346302095,0.0,162.6989856186952,0.0,0.0,0.0,0.0,True
S3,267,6,36,9687.172696851849,261.8276852552118,2525.378442719186,54.923760265885164,1988.8930076134363,13777.71909704899,9.516952559351921e-12,13777.719097048981,True
S3,267,12,72,7636.49258871445,0.0,235.86641706503485,0.0,193.65693794504534,860.1429656832003,0.0,860.1429656832003,True
S3,267,18,108,10678.234782133255,0.0,101.17901115370125,0.0,116.8203895592886,267.3579888750896,3.9653968997299674e-12,267.3579888750856,True
S3,268,6,36,4192.816724444443,35.81452709801846,5.684341886080802e-14,7.5128361557718595,1.1496297247504117e-13,0.0,0.0,0.0,True
S3,268,12,72,10585.912977222224,5.684341886080802e-14,18.70633069139558,3.8320990825013725e-14,11.8411073276534,0.0,0.0,0.0,True
S3,268,18,108,10549.57751851852,1207.3149511325933,7.958078640513122e-13,254.71759712781605,5.070887709734961e-13,0.0,0.0,0.0,True
S3,269,6,36,3562.309205555557,0.0,2721.618567702949,0.0,3450.671886090187,14695.676236367877,0.0,14695.676236367877,True
S3,269,12,72,10800.0,282.68296982790594,0.0,59.0461640316195,0.0,0.0,0.0,0.0,True
S3,269,18,108,10800.0,844.8592118867033,0.0,177.4424953642953,0.0,0.0,0.0,0.0,True
S3,270,6,36,9759.503521455665,136.70027178522145,7397.373929266658,28.61136688464695,6469.498030157241,41654.804161926906,2.4585460778325796e-11,41654.804161926884,True
S3,270,12,72,7001.3046515954165,0.0,8.952486641778137,0.0,5.621266362372492,0.0,0.0,0.0,True
S3,270,18,108,10538.656148148148,0.0,558.8327793259411,0.0,824.0690631892463,2441.8542092427247,0.0,2441.8542092427247,True
S3,271,6,36,9771.103347962964,0.0,375.4888127476343,0.0,524.8731275436456,1559.6108171751753,0.0,1559.6108171751753,True
S3,271,12,72,6404.47306,225.12288674136198,4.547473508864641e-13,47.02314718815385,2.876674898288911e-13,0.0,0.0,0.0,True
S3,271,18,108,10800.0,540.2778399834381,0.0,155.6577245415089,0.0,0.0,0.0,0.0,True
S3,272,6,36,9484.214790858769,0.0,1918.2189643483985,0.0,2201.9887136240573,9939.143475806279,1.1962313362090526e-12,9939.143475806277,True
S3,272,12,72,4503.493307751544,51.63550885046982,1555.291737592148,10.807312002403545,1398.8314009759185,8678.225003119143,0.0,8678.225003119143,True
S3,272,18,108,10725.029926548425,360.5085779291659,0.0,75.45444536057443,0.0,0.0,0.0,0.0,True
S3,273,6,36,9865.428944444446,83.04351795108357,310.37508726926353,17.381008307161796,371.02641845318493,2116.5458392558635,0.0,2116.5458392558635,True
S3,273,12,72,9002.384496388895,170.63330778935932,1.8189894035458565e-12,35.71355132031291,2.5462213670834898e-12,0.0,0.0,0.0,True
S3,273,18,108,10800.0,1213.1630987510503,0.0,315.1173646844269,0.0,0.0,0.0,0.0,True
S3,274,6,36,9676.400359444446,0.0,502.62972390425625,0.0,702.5977989505406,2098.6457348456734,0.0,2098.6457348456734,True
S3,274,12,72,9381.696312685184,45.906089272559825,1.4779288903810084e-12,9.58875760675683,1.410370487064938e-12,0.0,0.0,0.0,True
S3,274,18,108,10800.0,1669.4063434656864,0.0,444.5853558503918,0.0,0.0,0.0,0.0,True
S3,275,6,36,3789.202831790124,1.174032220456752,255.56007397065216,0.24633814278217747,309.1382113978782,1236.4947099107235,0.0,1236.4947099107235,True
S3,275,12,72,10800.0,0.0,501.4103417865042,0.0,677.4355705039553,2751.0619046076326,1.5861587598919868e-12,2751.0619046076313,True
S3,275,18,108,10436.80980125799,1117.9658262785713,5.684341886080802e-14,235.02522290364038,1.0710152764659142e-13,0.0,0.0,0.0,True
S3,276,6,36,4630.604446296294,0.0,187.65885871991014,0.0,252.21280249684887,771.3970980734305,0.0,771.3970980734305,True
S3,276,12,72,10800.0,133.81687356238086,9.663381206337363e-13,28.15559688201272,6.145910447230562e-13,0.0,0.0,0.0,True
S3,276,18,108,10800.0,2101.228249954224,0.0,445.0283659574415,0.0,0.0,0.0,0.0,True
S3,277,6,36,9720.286256296295,16.694325759737012,118.44990434157853,3.512551846378605,146.29198107403045,826.306532686863,5.551555659621954e-12,826.3065326868574,True
S3,277,12,72,9843.245417345684,234.041940070289,5.684341886080801e-13,49.243345347113014,7.990195172169478e-13,0.0,0.0,0.0,True
S3,277,18,108,10800.0,1404.1644493474373,0.0,385.28612470915687,0.0,0.0,0.0,0.0,True
S3,278,6,36,9909.165313888892,157.7481731453458,1930.950265123997,33.1908365045111,1429.3977101997334,10628.82612057828,0.0,10628.82612057828,True
S3,278,12,72,5113.600730213757,0.0,2762.351759333762,0.0,2856.7184640785517,13659.813530124364,0.0,13659.813530124364,True
S3,278,18,108,10800.0,2158.658827706905,0.0,572.0689916881024,0.0,0.0,0.0,0.0,True
S3,279,6,36,9876.707833333332,0.0,1053.186175873688,0.0,1230.0219604031684,5889.993618525171,5.355786925065332e-13,5889.99361852517,True
S3,279,12,72,5712.005859588305,62.79769260723822,975.153307000625,13.217501888967911,1053.66775736021,6457.251818132436,2.1413143258541823e-11,6457.251818132414,True
S3,279,18,108,10800.0,1556.6962515091452,0.0,415.9900049558539,0.0,0.0,0.0,0.0,True
S3,280,6,36,9743.941449074073,8.022639585503384,458.8468324462825,1.688870658076182,521.369039722576,2371.5975377727636,0.0,2371.5975377727636,True
S3,280,12,72,4837.155022499999,0.0,1322.8363587302483,0.0,1008.7462448988218,7317.758367649405,7.930793799459934e-13,7317.758367649404,True
S3,280,18,108,10485.815066482182,37.392954796338586,249.49231718397567,7.8703759666146835,480.49449717257966,1740.4584046753976,0.0,1740.4584046753976,True
S3,281,6,36,9913.13942259259,94.89147504483418,0.0,19.973275158880767,0.0,0.0,0.0,0.0,True
S3,281,12,72,8506.13501129629,122.39758150431823,0.0,25.762910451252267,0.0,0.0,0.0,0.0,True
S3,281,18,108,10588.227012345678,0.0,668.604602397681,0.0,856.0769772898817,2380.5681324205866,3.9653968997299674e-12,2380.5681324205825,True
S3,282,6,36,4188.058082805838,0.0,172.3371648497387,0.0,208.1636423346394,720.7699285247098,3.822322014457313e-12,720.769928524706,True
S3,282,12,72,10800.0,1.7053025658242404e-13,17.85148978420517,1.0508642844797578e-13,20.354325241530084,56.48288520752193,0.0,56.48288520752193,True
S3,282,18,108,9970.385167739918,0.0,397.68240882908145,0.0,650.7102049210422,2052.0586368307427,0.0,2052.0586368307427,True
S3,283,6,36,5153.993302833895,214.45541080732488,1.2050804798491299e-11,45.134119622147594,1.6974334471342446e-11,0.0,0.0,0.0,True
S3,283,12,72,10800.0,5.684341886080802e-14,30.134566071025517,3.8340886021615005e-14,19.170104206082883,0.0,0.0,0.0,True
S3,283,18,108,10111.188589786756,3.979039320256561e-13,5.145070737677827,2.499035645087133e-13,3.2730367497737496,0.0,0.0,0.0,True
S3,284,6,36,9924.815715488216,111.8472143243743,399.65062785380326,23.547411161742325,360.7779203412768,2500.7203961432406,3.9653968997299674e-12,2500.7203961432365,True
S3,284,12,72,6606.631453265996,0.0,903.1756676986126,0.0,1163.6808528409347,3988.377788737093,1.5861587598919868e-12,3988.3777887370916,True
S3,284,18,108,10332.961652896727,853.5574889684078,1.1368683772161603e-13,180.15449729322447,7.232188181660604e-14,0.0,0.0,0.0,True
S3,285,6,36,9884.588261503928,0.0,955.7760547914904,0.0,1117.001873094977,4899.3103170547265,0.0,4899.3103170547265,True
S3,285,12,72,7337.496368409093,1.7870834050382882,4.547473508864641e-13,0.3762381385442639,6.392156137735583e-13,0.0,0.0,0.0,True
S3,285,18,108,10663.55171948415,457.49096151527306,4.547473508864641e-13,96.53861084143016,2.913338903454132e-13,0.0,0.0,0.0,True
S3,286,6,36,9818.296687777785,0.0,1136.7818332848358,0.0,1402.7172641608242,5707.395612868521,0.0,5707.395612868521,True
S3,286,12,72,7149.086473863636,0.0,52.66091257378031,0.0,72.32108148585276,216.4697974740754,0.0,216.4697974740754,True
S3,286,18,108,10765.056566182777,687.8456632844553,6.821210263296962e-13,162.9286668681407,1.285218331759097e-12,0.0,0.0,0.0,True
S3,287,6,36,9688.290517133093,4.268537594307986,179.8828032144856,0.8986635062809044,218.3417465417426,890.1272006020131,0.0,890.1272006020131,True
S3,287,12,72,7181.037563409091,196.78344663090343,0.0,41.429201036730525,0.0,0.0,0.0,0.0,True
S3,287,18,108,10646.450652076319,0.0,163.51262768430718,0.0,181.6002883574061,420.62443957257136,3.1723175197839737e-12,420.6244395725682,True
S3,288,6,36,9659.676591885522,0.0,1678.4571299606403,0.0,2131.832832934654,8317.929311219956,0.0,8317.929311219956,True
S3,288,12,72,6558.841636253739,27.133766400111085,6.821210263296962e-13,5.712155460189591,9.548330126563087e-13,0.0,0.0,0.0,True
S3,288,18,108,10689.921576343413,330.22467789382085,0.0,69.69227292475959,0.0,0.0,0.0,0.0,True
S3,289,6,36,4368.5302319023585,40.84544373496743,950.6558811275515,8.575837585325862,1206.0281453794591,5272.159416956301,4.769361794387806e-12,5272.159416956297,True
S3,289,12,72,10800.0,2.8421709430404007e-13,339.90924010924175,1.8140724478143965e-13,396.1076351416762,1148.7607753821644,0.0,1148.7607753821644,True
S3,289,18,108,9712.861114378806,547.4816467942668,0.0,115.3730461715527,0.0,0.0,0.0,0.0,True
S3,290,6,36,4390.473277396185,49.76034135401119,284.54494048133347,10.470176992472059,313.07658830755037,1062.2317870826585,1.5582202195218996e-12,1062.2317870826569,True
S3,290,12,72,10800.0,81.43510227849737,0.0,17.134929364531054,0.0,0.0,0.0,0.0,True
S3,290,18,108,9774.237484848487,0.0,317.86812828392453,0.0,384.23753683257206,943.8464904959419,0.0,943.8464904959419,True
S3,291,6,36,9714.012802446689,0.0,1037.2844256152603,0.0,1165.478574747305,5085.85034570688,0.0,5085.85034570688,True
S3,291,12,72,6586.451748204334,196.7264277476009,0.0,41.41719674053732,0.0,0.0,0.0,0.0,True
S3,291,18,108,10675.182658220556,96.59890455291213,0.0,20.451363539218377,0.0,0.0,0.0,0.0,True
S3,292,6,36,9925.515710472233,109.75433696179209,0.0,23.101691389902285,0.0,0.0,0.0,0.0,True
S3,292,12,72,7152.1983179241315,0.0,261.1470822597169,0.0,277.21805049191124,622.320338026218,0.0,622.320338026218,True
S3,292,18,108,10747.351605694603,507.37465238204476,0.0,110.8118835716974,0.0,0.0,0.0,0.0,True
S3,293,6,36,9818.950477616941,0.0,1988.4461460925754,0.0,2511.8215116575866,9338.186942197168,3.1723175197839737e-12,9338.186942197164,True
S3,293,12,72,6271.939154601215,236.5298689225607,1.9326762412674725e-12,49.78609672841794,2.629303708090447e-12,0.0,0.0,0.0,True
S3,293,18,108,10690.601641027502,444.1743818267564,0.0,93.8919327903695,0.0,0.0,0.0,0.0,True
S3,294,6,36,9869.069112674799,0.0,437.2997534775609,0.0,498.15302517652833,1760.967351023828,0.0,1760.967351023828,True
S3,294,12,72,5468.338541737035,0.0,1555.6395929282285,0.0,1405.8620182735258,8460.299305675237,0.0,8460.299305675237,True
S3,294,18,108,10637.629210446712,94.10757593659474,64.3197084716804,19.80827579957825,124.275324723557,448.69428629843077,0.0,448.69428629843077,True
S3,295,6,36,9925.198148148149,37.92213208809119,96.35654369717645,7.982057170562779,121.45879558139475,672.1832488314855,1.1103111319243908e-11,672.1832488314743,True
S3,295,12,72,10800.0,126.29188642548979,1.4779288903810084e-12,26.582604988684338,1.945323901964002e-12,0.0,0.0,0.0,True
S3,295,18,108,10216.621511403693,0.0,827.0717074865427,0.0,1305.6071377276296,4218.229770651578,3.9653968997299674e-12,4218.229770651575,True
S3,296,6,36,5037.572057166233,0.0,1402.4738331031185,0.0,1707.6382801836633,6637.737728831184,0.0,6637.737728831184,True
S3,296,12,72,10800.0,232.73313750414337,0.0,48.97732468203672,0.0,0.0,0.0,0.0,True
S3,296,18,108,9986.527980638039,110.91375507740412,0.0,23.519261764163538,0.0,0.0,0.0,0.0,True
S3,297,6,36,4966.714899854095,0.0,224.17874976521938,0.0,274.5184670871578,998.0545203169061,1.6412950998301312e-11,998.0545203168897,True
S3,297,12,72,10650.11955,1.7053025658242404e-13,186.74270997104122,1.1213501238671598e-13,235.1989064514576,777.6387934958179,0.0,777.6387934958179,True
S3,297,18,108,9552.629249393136,65.72544847186077,170.84906049703352,13.829428409950278,313.32009204550974,1044.400306818352,0.0,1044.400306818352,True
S3,298,6,36,9740.450093013469,76.51072642634881,35.28778297105009,16.104394950097326,47.79905222620242,246.1675740060248,0.0,246.1675740060248,True
S3,298,12,72,9337.510143434352,72.46531417886837,0.0,15.252894518558485,0.0,0.0,0.0,0.0,True
S3,298,18,108,10310.889227532836,0.0,1125.326519085576,0.0,1673.864835108302,5232.0792207945315,0.0,5232.0792207945315,True
S3,299,6,36,9815.547007356903,0.0,5217.035478559193,0.0,4611.127296329955,29541.688056821353,5.551555659621954e-12,29541.688056821346,True
S3,299,12,72,7496.0337750507,97.9062408893331,1.9326762412674725e-12,20.61239096072314,2.716666358537623e-12,0.0,0.0,0.0,True
S3,299,18,108,10590.029025571666,0.0,114.99216618323396,0.0,215.31737709552982,765.2344223708382,7.930793799459935e-12,765.2344223708302,True
S3,300,6,36,9838.925092199783,262.1506232497484,2149.320198860364,55.19107962820067,1997.3759913352392,12933.373184103493,1.1896190699189901e-11,12933.37318410348,True
S3,300,12,72,6233.296801931165,0.0,1087.7953320909335,0.0,913.7922724258282,6017.5308720250505,9.516952559351921e-12,6017.530872025041,True
S3,300,18,108,9933.217257404163,0.0,905.7378611129604,0.0,1518.926425382522,5073.542349346118,0.0,5073.542349346118,True
S3,301,6,36,9930.905555555555,0.0,644.060152574026,0.0,845.5349514726739,3320.8553699938166,0.0,3320.8553699938166,True
S3,301,12,72,6686.461125522214,0.0,349.6183159355636,0.0,478.3457885367361,1656.4105518536708,0.0,1656.4105518536708,True
S3,301,18,108,10571.699126300284,33.12038614601363,176.67702221757656,6.972448711237823,341.36650847769056,1232.4989069898006,0.0,1232.4989069898006,True
S3,302,6,36,9921.635185185185,144.10665084860926,1330.7718214206593,30.368879504412487,1440.6213393092116,8536.62187886991,4.758476279675961e-12,8536.621878869904,True
S3,302,12,72,5578.930785221668,10.47529831523235,1572.7009366790885,2.207553020174878,1351.9970532084774,8771.033261084462,0.0,8771.033261084462,True
S3,302,18,108,10061.26896401239,0.0,1003.0739147259543,0.0,1635.7790727747513,5369.961173487951,7.930793799459934e-13,5369.96117348795,True
S3,303,6,36,5441.94337947812,0.0,121.38979418320305,0.0,133.6805670188211,598.7670916489385,0.0,598.7670916489385,True
S3,303,12,72,8860.343550000001,126.88136466608739,0.0,26.72885796040935,0.0,0.0,0.0,0.0,True
S3,303,18,108,9763.713582551392,20.45254488367965,0.0,4.344120533293558,0.0,0.0,0.0,0.0,True
S3,304,6,36,5269.498546010102,0.0,361.9974410027053,0.0,399.0640433613945,1649.476220578475,4.821965049472965e-12,1649.4762205784702,True
S3,304,12,72,9746.51613,0.0,216.16359185044857,0.0,282.01984855136453,1031.8819626873885,0.0,1031.8819626873885,True
S3,304,18,108,9698.387870904835,297.762090002912,0.0,62.87324115032187,0.0,0.0,0.0,0.0,True
S3,305,6,36,9726.74876767115,0.0,4512.891181153753,0.0,4151.175010607821,24112.013116791837,0.0,24112.013116791837,True
S3,305,12,72,6793.932077857864,0.0,97.76676343502015,0.0,132.76922538600917,402.1624748092863,4.758476279675961e-12,402.16247480928155,True
S3,305,18,108,10788.577918409692,456.4760171186761,0.0,104.77824163079504,0.0,0.0,0.0,0.0,True
S3,306,6,36,9574.935643692485,0.0,224.8941093036177,0.0,300.2340330746845,1169.9964786788144,0.0,1169.9964786788144,True
S3,306,12,72,7049.372949326609,202.6896785257985,0.0,42.6726515033852,0.0,0.0,0.0,0.0,True
S3,306,18,108,10551.229349130834,0.0,747.553677394117,0.0,997.1912152753932,2855.7267633341257,0.0,2855.7267633341257,True
S3,307,6,36,9872.657743546577,0.0,2474.08262457674,0.0,2568.25881983452,14147.103103127938,2.0099211184287926e-12,14147.103103127936,True
S3,307,12,72,7233.108976868539,445.6308868676922,0.0,93.91177039390753,0.0,0.0,0.0,0.0,True
S3,307,18,108,10472.180489541091,0.0,903.288413841451,0.0,1072.984423561716,2713.7098795345455,0.0,2713.7098795345455,True
S3,308,6,36,9685.834763585863,5.084418936154066,9.208633855450898e-12,1.0714849391679901,6.033496902091428e-12,0.0,0.0,0.0,True
S3,308,12,72,6856.78408275814,180.1637044623024,0.0,37.967503926215876,0.0,0.0,0.0,0.0,True
S3,308,18,108,10686.290651032548,0.0,141.4681752191341,0.0,140.6063617729256,273.0937461186573,3.9653968997299674e-12,273.0937461186533,True
S3,309,6,36,9730.036347771078,0.0,2938.3441707156817,0.0,3461.6721698934057,15804.281529464015,0.0,15804.281529464015,True
S3,309,12,72,6421.3567342227925,50.27947879501369,43.333219154278424,10.595842898844376,47.45546528662016,302.29253682024273,6.344635039567947e-12,302.29253682023636,True
S3,309,18,108,10692.185858541092,197.12191534996464,0.0,41.64310567265101,0.0,0.0,0.0,0.0,True
S3,310,6,36,6291.337508216955,188.53136433310442,1.7053025658242404e-13,39.712702431073524,2.5628139610489595e-13,0.0,0.0,0.0,True
S3,310,12,72,7947.694012777777,1.1368683772161603e-13,105.5640220290309,7.328821993723977e-14,93.42074368388967,293.86129817799576,0.0,293.86129817799576,True
S3,310,18,108,9242.319512141132,0.0,1167.066927547902,0.0,1735.9690475101638,5349.848137730565,0.0,5349.848137730565,True
S3,311,6,36,6116.34513892642,112.27605899647835,1.7053025658242404e-13,23.59147993045773,3.4548577332316203e-13,0.0,0.0,0.0,True
S3,311,12,72,8484.75094614864,1.7053025658242404e-13,262.69907995568894,1.15161924441054e-13,259.64582328901537,695.9447826251169,0.0,695.9447826251169,True
S3,311,18,108,9678.834570111083,63.552308699258106,30.267186343577066,13.353630583522964,44.81510945961738,149.38369819873066,6.0318399164316365e-12,149.38369819872463,True
S3,312,6,36,9849.155692167267,24.325943259200812,40.129314243706744,5.12642293273652,49.57948497935854,279.94209616405857,0.0,279.94209616405857,True
S3,312,12,72,7047.355740895101,0.0,328.3714230483714,0.0,400.97947181438934,2022.0724291600154,3.1723175197839737e-12,2022.0724291600122,True
S3,312,18,108,10534.171314238905,0.0,466.5741777094543,0.0,771.4661056518428,2585.3489139716226,0.0,2585.3489139716226,True
S3,313,6,36,9809.232547123265,0.0,3439.8999484937076,0.0,3317.166645866726,17819.04797255087,2.2371295926859603e-12,17819.047972550867,True
S3,313,12,72,6930.869407624235,0.0,502.91018958990696,0.0,697.9797975612754,2300.6881936291784,0.0,2300.6881936291784,True
S3,313,18,108,10696.868388483632,202.45482008560515,0.0,42.73641495372711,0.0,0.0,0.0,0.0,True
S3,314,6,36,9907.114093285083,154.90420326724444,0.0,32.64434400527481,0.0,0.0,0.0,0.0,True
S3,314,12,72,8332.480822347508,0.0,656.7597548269571,0.0,793.1278680981371,2225.6166712604195,3.9653968997299674e-12,2225.6166712604154,True
S3,314,18,108,10697.641713361503,146.5604696742434,0.0,30.91524113143209,0.0,0.0,0.0,0.0,True
S3,315,6,36,9944.507407407407,175.91447349654374,2659.499986195416,37.173400983533014,2925.1888621370463,15724.050054348032,7.930793799459935e-12,15724.050054348025,True
S3,315,12,72,7119.114901938201,0.0,304.2127383383036,0.0,288.58889955353914,647.629137078869,0.0,647.629137078869,True
S3,315,18,108,10624.686421670998,81.16376341970118,88.59123322724395,17.151136361684472,170.66941500029495,618.012442993203,0.0,618.012442993203,True
S3,316,6,36,9807.474781489555,109.21173010748896,1148.4547826601747,23.015161705389104,1141.6752558258472,6825.225350221105,1.1896190699189901e-11,6825.225350221093,True
S3,316,12,72,7563.480070484145,0.0,1733.237640826563,0.0,1808.1935066651838,9235.606593872726,0.0,9235.606593872726,True
S3,316,18,108,9971.200316296983,0.0,828.5833454065107,0.0,1559.3997200307003,5521.104983032227,0.0,5521.104983032227,True
S3,317,6,36,6192.916401351312,47.78964469285943,0.3150970461903171,10.093674626024608,0.32607817825004964,1.7261016190348386,3.152806016260001e-12,1.7261016190316858,True
S3,317,12,72,7571.949089999999,80.42834390507937,0.0,16.987310521032597,0.0,0.0,0.0,0.0,True
S3,317,18,108,9530.343461831015,0.0,317.4606733747886,0.0,483.038079752877,1435.2529631720747,0.0,1435.2529631720747,True
S3,318,6,36,7094.8649506260135,0.0,221.7332172608057,0.0,260.75191055226804,717.9649152907816,0.0,717.9649152907816,True
S3,318,12,72,7713.185667107497,136.76239356221708,4.490630090003833e-12,28.787781439804284,3.0289925234683324e-12,0.0,0.0,0.0,True
S3,318,18,108,9766.937008364961,193.75916306122355,0.0,41.345608405801194,0.0,0.0,0.0,0.0,True
S3,319,6,36,9875.073173217235,0.0,3912.82500332945,0.0,4597.0252130955,22233.666055589976,0.0,22233.666055589976,True
S3,319,12,72,7152.1805476193185,0.0,358.8705779153995,0.0,496.10665937631876,1544.3391714893216,3.1723175197839737e-12,1544.3391714893185,True
S3,319,18,108,10628.006212740955,0.0,254.10195038365043,0.0,434.1620659652497,1480.158632940856,0.0,1480.158632940856,True
S3,320,6,36,9845.65666636706,196.8463094294052,6454.913883538371,41.596615941278266,6172.362557134285,36496.17685584413,1.5068508218973876e-11,36496.17685584412,True
S3,320,12,72,7023.841536572703,0.0,26.748151680982403,0.0,17.136203374421374,0.0,0.0,0.0,True
S3,320,18,108,10620.191207869366,0.0,298.1302947614702,0.0,379.9618919784787,1026.954306253621,3.1723175197839737e-12,1026.954306253618,True
S3,321,6,36,9862.813379743548,220.98809015186356,149.67484218137582,46.698141002944666,189.84387925274078,722.2819842322031,4.885180260316702e-12,722.2819842321982,True
S3,321,12,72,5921.6255763211375,0.0,1829.6309864986051,0.0,1786.5654730921424,9033.083989549043,0.0,9033.083989549043,True
S3,321,18,108,10490.106676674843,41.5966076707856,243.88010696493677,8.789995193495159,471.2129486722468,1701.30762618709,0.0,1701.30762618709,True
S3,322,6,36,9570.514587968491,0.0,7331.367204774804,0.0,8002.256223802082,39249.051035328455,0.0,39249.051035328455,True
S3,322,12,72,7480.570348603393,0.0,100.09444721333972,0.0,126.40393910561149,651.8513499722714,0.0,651.8513499722714,True
S3,322,18,108,10785.995337051752,348.8926694403365,1.9326762412674725e-12,84.0346917497471,3.641451939984108e-12,0.0,0.0,0.0,True
S3,323,6,36,9812.686659878196,0.0,2377.8450218143244,0.0,2640.694961507398,14340.116050516142,1.1222027751500717e-13,14340.116050516142,True
S3,323,12,72,6741.555447673491,32.566479681412034,1148.0600362502062,6.8817919512361545,1221.1484536683085,6767.584107115631,0.0,6767.584107115631,True
S3,323,18,108,10538.701300626431,0.0,275.84861772237343,0.0,486.06238298580155,1673.2428391872668,0.0,1673.2428391872668,True
S3,324,6,36,6331.330647383284,0.0,923.4064860678966,0.0,1054.3110163542408,4948.423700287767,3.1273543754650743e-12,4948.423700287764,True
S3,324,12,72,7469.569099222016,258.1528181409702,5.684341886080802e-14,54.52458512407976,1.0424514584883581e-13,0.0,0.0,0.0,True
S3,324,18,108,9795.611424763641,0.0,257.19008942711525,0.0,240.6175488177327,394.97705268283994,0.0,394.97705268283994,True
S3,325,6,36,7970.692317028744,0.0,425.6842470603749,0.0,523.7558579470808,1608.8271982410206,0.0,1608.8271982410206,True
S3,325,12,72,7250.897410547265,108.79200983661667,0.0,22.978014510448205,0.0,0.0,0.0,0.0,True
S3,325,18,108,9690.25384984245,0.0,133.58328620822493,0.0,217.884339012934,677.7922611182249,2.4323867364728356e-12,677.7922611182225,True
S3,326,6,36,9776.762166931278,0.0,5420.405412566459,0.0,6257.403031471372,28787.144688265565,6.344635039567947e-12,28787.14468826556,True
S3,326,12,72,6980.128564759457,116.77554439152709,0.0,24.676446744003282,0.0,0.0,0.0,0.0,True
S3,326,18,108,10775.12516257434,161.32719465612257,0.0,37.712257372211205,0.0,0.0,0.0,0.0,True
S3,327,6,36,9814.676830486733,0.0,2299.7694087886284,0.0,2481.1483547933935,13235.078426302825,2.299930201843381e-11,13235.078426302802,True
S3,327,12,72,6614.302422685509,100.9138893698871,0.0,21.324638045933202,0.0,0.0,0.0,0.0,True
S3,327,18,108,10273.181600323856,115.46359681179933,291.9491072550017,24.39921228750023,564.0894675827516,2036.636972210886,0.0,2036.636972210886,True
S3,328,6,36,10372.8153353858,109.85750249360655,0.0,23.214559382599933,0.0,0.0,0.0,0.0,True
S3,328,12,72,7755.449087716049,0.0,503.70606200262426,0.0,615.2285387402776,1746.3346352548374,0.0,1746.3346352548374,True
S3,328,18,108,10789.3386087742,412.27660984850195,4.547473508864641e-13,101.30772635467704,2.9167495085857807e-13,0.0,0.0,0.0,True
S3,329,6,36,9888.762092592593,35.17234258480801,1598.3043358328723,7.43245037458248,1933.4506602021288,8378.1900344352,0.0,8378.1900344352,True
S3,329,12,72,7044.067356990207,0.0,145.48669131042743,0.0,175.9459454946659,552.8652550459989,0.0,552.8652550459989,True
S3,329,18,108,10800.0,468.0104406486273,0.0,119.22355210308868,0.0,0.0,0.0,0.0,True
S3,330,6,36,9880.288305555554,0.0,3496.5338593042347,0.0,3936.3508978313503,19494.278344821396,0.0,19494.278344821396,True
S3,330,12,72,7989.566721595741,79.07892819067621,91.09382623307238,16.665007669102607,105.27215219285242,635.4705318019446,4.7584762796759606e-11,635.470531801897,True
S3,330,18,108,10562.356925802773,115.37122219707169,48.41699726832965,24.313206396424484,93.54890127200314,337.75697294385793,0.0,337.75697294385793,True
S3,331,6,36,7260.480239598766,0.0,1191.4856181368,0.0,1136.045873276397,6270.267099583138,0.0,6270.267099583138,True
S3,331,12,72,6191.251290264224,13.826163055925356,5.354650056688115e-11,2.9126227435519993,3.4351367617091455e-11,0.0,0.0,0.0,True
S3,331,18,108,9797.281970161517,31.131681361053495,4.025949755250167,6.558207277784272,7.38318925615301,24.6106308538401,0.0,24.6106308538401,True
S3,332,6,36,10308.20925925926,55.184615992385886,0.0,11.59540842714495,0.0,0.0,0.0,0.0,True
S3,332,12,72,9022.465427175923,0.0,0.0,0.0,0.0,0.0,0.0,0.0,True
S3,332,18,108,9829.394858024692,291.8331002120077,5.684341886080802e-14,61.801249595317216,3.724380803760141e-14,0.0,0.0,0.0,True
S3,333,6,36,9919.478056342594,0.0,3748.513393956421,0.0,4301.933427236987,22055.723176442225,0.0,22055.723176442225,True
S3,333,12,72,6520.06606,72.27164650265343,0.0,15.230448499773642,0.0,0.0,0.0,0.0,True
S3,333,18,108,10800.0,223.4026147208686,0.0,59.95050134572905,0.0,0.0,0.0,0.0,True
S3,334,6,36,8174.60890958333,0.0,11621.260801198865,0.0,14947.316462579724,58653.57621017083,1.3982059954287252e-13,58653.57621017083,True
S3,334,12,72,6420.891389793132,125.09878370667047,0.0,26.33558828052006,0.0,0.0,0.0,0.0,True
S3,334,18,108,10800.0,2834.1272264602894,7.958078640513122e-13,755.2099031863119,5.104311640025116e-13,0.0,0.0,0.0,True
S3,335,6,36,8241.928547824074,0.0,10454.231524762603,0.0,13942.286939908321,51238.508731457376,0.0,51238.508731457376,True
S3,335,12,72,6510.398189124677,192.84425276518886,0.0,40.59725196846787,0.0,0.0,0.0,0.0,True
S3,335,18,108,10800.0,2307.095507102629,0.0,621.412603298077,0.0,0.0,0.0,0.0,True
S3,336,6,36,7577.468540046298,0.0,17417.333879033627,0.0,20447.034470196188,91482.883230279,0.0,91482.883230279,True
S3,336,12,72,6539.625114478063,17.10439131291855,385.94315836072485,3.6007880656681284,458.0681258378328,2427.5414536909375,0.0,2427.5414536909375,True
S3,336,18,108,10800.0,2468.6354024637462,0.0,654.6528267585511,0.0,0.0,0.0,0.0,True
S3,337,6,36,7343.715844722229,0.0,9898.149118265232,0.0,13290.132782146342,46324.23615037222,3.101064294241951e-12,46324.23615037222,True
S3,337,12,72,5855.00759447705,35.13851445481339,0.0,7.3977796628951875,0.0,0.0,0.0,0.0,True
S3,337,18,108,10800.0,2167.258071894469,0.0,574.8207494648598,0.0,0.0,0.0,0.0,True
S3,338,6,36,7305.897354166666,0.0,11578.28210461454,0.0,11630.003145110002,60499.28503629887,9.539995460272623e-13,60499.28503629887,True
S3,338,12,72,7048.0347713079445,0.0,520.8609076033736,0.0,641.5179826176958,3018.079007240752,0.0,3018.079007240752,True
S3,338,18,108,10734.449548299493,2202.9936697499115,0.0,466.91548007219956,0.0,0.0,0.0,0.0,True
S3,339,6,36,7261.45850837963,0.0,10429.913684916031,0.0,11163.260135308356,53020.57413033579,4.983127244173602e-12,53020.574130335786,True
S3,339,12,72,6022.870293431076,0.0,914.8870732539617,0.0,1047.710595548535,4961.523677678276,0.0,4961.523677678276,True
S3,339,18,108,10800.0,2637.9469905771116,1.7053025658242404e-13,559.1116672274204,3.183885155522148e-13,0.0,0.0,0.0,True
S3,340,6,36,8328.376191712963,0.0,7535.484745795796,0.0,10168.678804343317,35244.12622952814,0.0,35244.12622952814,True
S3,340,12,72,6480.19724625,0.0,432.62878413327815,0.0,510.60338150269297,2516.324265047581,0.0,2516.324265047581,True
S3,340,18,108,10800.0,2619.145117784095,0.0,658.1452469003822,0.0,0.0,0.0,0.0,True
S3,341,6,36,8954.491876620365,0.0,10720.61387774545,0.0,13170.569975010974,56025.1435504289,7.930793799459934e-13,56025.1435504289,True
S3,341,12,72,7398.7865275366385,271.19421990431454,0.0,57.09504558830436,0.0,0.0,0.0,0.0,True
S3,341,18,108,10800.0,1987.636128522853,0.0,540.1238932429218,0.0,0.0,0.0,0.0,True
S3,342,6,36,9555.054549127466,0.0,4584.912451079796,0.0,6028.5537540514015,22919.121089300777,8.389235972572352e-13,22919.121089300777,True
S3,342,12,72,6674.3158939649065,101.10634838036299,3.410605131648481e-13,21.28611580320767,2.185004177590599e-13,0.0,0.0,0.0,True
S3,342,18,108,10800.0,971.6879915992977,0.0,251.29728813961165,0.0,0.0,0.0,0.0,True
S3,343,6,36,8580.215921583234,0.0,10169.908348747493,0.0,12012.557641037716,52532.54988547203,1.0076234957523411e-11,52532.54988547202,True
S3,343,12,72,6444.557441947456,244.81396587386092,4.547473508864641e-12,51.59182998730061,3.264290171500761e-12,0.0,0.0,0.0,True
S3,343,18,108,10800.0,1166.5383436542995,1.1368683772161603e-13,307.29364353182865,7.448761607520282e-14,0.0,0.0,0.0,True
S3,344,6,36,9982.808020128003,0.0,2855.4002003204255,0.0,3940.0110077477393,13469.504345724421,0.0,13469.504345724421,True
S3,344,12,72,6665.463554903656,0.0,237.56296012108885,0.0,326.4654250465612,1192.2262790253537,3.9653968997299674e-12,1192.2262790253499,True
S3,344,18,108,10800.0,1165.0386533752762,0.0,296.1363650485542,0.0,0.0,0.0,0.0,True
S3,345,6,36,9091.96930016531,0.0,8214.461514275798,0.0,7629.861040780025,43305.480113793965,3.4116220959390377e-13,43305.480113793965,True
S3,345,12,72,7392.756772832052,4.547473508864641e-13,999.2730312452416,2.946393351521692e-13,1212.6476716247253,5621.850185935453,0.0,5621.850185935453,True
S3,345,18,108,10313.124074074074,2004.5614569736385,0.0,424.7145319259527,0.0,0.0,0.0,0.0,True
S3,346,6,36,9334.134059927052,0.0,5710.959745124901,0.0,5970.696848147336,31043.496276038084,0.0,31043.496276038084,True
S3,346,12,72,6922.497456818182,185.7180035431996,1.6484591469634324e-12,39.083265307128954,1.101454927265877e-12,0.0,0.0,0.0,True
S3,346,18,108,10309.905555555555,1035.6804640361324,0.0,219.96025388394375,0.0,0.0,0.0,0.0,True
S3,347,6,36,9551.093923619528,2.1600499167107046e-12,7173.014010059718,1.0334758826502366e-12,8171.850296513418,37950.72908613938,0.0,37950.72908613938,True
S3,347,12,72,6401.110010172683,0.0,697.2774053211863,0.0,849.2129423176619,3985.0524908310513,0.0,3985.0524908310513,True
S3,347,18,108,10800.0,753.006353497696,0.0,191.47571625676446,0.0,0.0,0.0,0.0,True
S3,348,6,36,10800.0,303.4378905135966,4158.29462151382,63.88336815661277,4198.489291712387,22549.44482541011,2.6171619538217783e-11,22549.444825410086,True
S3,348,12,72,6400.814158566828,0.0,414.90103917662464,0.0,407.6016362506901,1684.3493669817215,0.0,1684.3493669817215,True
S3,348,18,108,10218.705852029068,0.0,967.7145299839794,0.0,1501.2435639645005,4813.164939457949,1.0175199349760079e-11,4813.164939457939,True
S3,349,6,36,10782.696945566779,13.068170236572087,43.46980997064395,2.7512672492595898,56.145745648942594,190.02235872732962,3.3556943890289407e-12,190.02235872732626,True
S3,349,12,72,6404.323865314875,0.0,1347.9903845842289,0.0,1776.986661100388,6295.752830306489,5.319577667250996e-12,6295.752830306484,True
S3,349,18,108,10800.0,971.3882385345972,0.0,247.03188046065708,0.0,0.0,0.0,0.0,True
S3,350,6,36,10647.859159528623,0.0,679.2554305468367,0.0,934.5781648228957,3189.216237141539,0.0,3189.216237141539,True
S3,350,12,72,7743.219731955673,326.5374401624873,7.275957614183426e-12,68.7465611875632,4.656243390854797e-12,0.0,0.0,0.0,True
S3,350,18,108,10800.0,156.94572991396853,9.094947017729282e-13,53.86178266366614,5.745505404775032e-13,0.0,0.0,0.0,True
S3,351,6,36,10502.525008945006,0.0,3487.339140213218,0.0,4047.4262186221376,19816.75164885378,3.1723175197839737e-12,19816.751648853777,True
S3,351,12,72,6808.82865079582,0.0,26.098418012795435,0.0,36.19680635187708,117.7157005668326,0.0,117.7157005668326,True
S3,351,18,108,10800.0,611.9179079450053,0.0,155.59951011020075,0.0,0.0,0.0,0.0,True
S3,352,6,36,10163.08265993266,68.30405375639918,3277.819189615607,14.375218239134337,2351.994564816587,17789.11263622097,0.0,17789.11263622097,True
S3,352,12,72,6922.036729809077,138.1091749752133,0.0,29.066349973553475,0.0,0.0,0.0,0.0,True
S3,352,18,108,9658.980783619529,5.684341886080802e-14,572.1636172376968,3.965396899729967e-14,702.9402683302195,1762.6710378145874,0.0,1762.6710378145874,True
S3,353,6,36,10210.13412483165,140.89577303892992,1.8189894035458565e-12,29.652815243292906,2.5121323687926633e-12,0.0,0.0,0.0,True
S3,353,12,72,6591.336448782271,1.1368683772161603e-13,0.0,7.675566848774907e-14,0.0,0.0,0.0,0.0,True
S3,353,18,108,9758.081888888888,0.0,447.19936928553466,0.0,540.0548361040844,1339.0045139399422,0.0,1339.0045139399422,True
S3,354,6,36,10662.0845593771,0.0,695.32384618124,0.0,896.190323783663,3701.7623673295516,0.0,3701.7623673295516,True
S3,354,12,72,6409.798389972309,112.82063166766966,876.5121248145789,23.75234660473064,996.3781712213382,5373.647584958155,2.4585460778325796e-11,5373.64758495813,True
S3,354,18,108,10800.0,644.8754363355717,0.0,168.91587810805044,0.0,0.0,0.0,0.0,True
S3,355,6,36,10401.747778445573,0.0,1426.0724494518395,0.0,1488.3233258002144,7386.037486781204,0.0,7386.037486781204,True
S3,355,12,72,6648.721942817168,141.68787324708768,236.84930126522033,29.823236257035802,180.30183363859743,1338.3311877572285,3.410241333767772e-11,1338.3311877571944,True
S3,355,18,108,10384.462413427753,0.0,447.4977691476963,0.0,730.7370581613038,2403.239793923282,0.0,2403.239793923282,True
S3,356,6,36,10800.0,274.1406139862775,1.0231815394945443e-12,57.70261145993787,1.8764126252790446e-12,0.0,0.0,0.0,True
S3,356,12,72,7960.704134814816,0.0,0.0,0.0,0.0,0.0,0.0,0.0,True
S3,356,18,108,10586.58788519641,0.0,542.8675480401703,0.0,648.4835662349997,1648.890275459441,3.9653968997299674e-12,1648.8902754594371,True
S3,357,6,36,10800.0,277.0839256645516,4.376943252282217e-12,58.33501677574746,6.538249408549745e-12,0.0,0.0,0.0,True
S3,357,12,72,6878.601954102135,0.0,200.44769628697424,0.0,126.57049722085866,0.0,0.0,0.0,True
S3,357,18,108,10697.231139315378,0.0,260.6278990182268,0.0,346.8695732745096,1014.0630980533431,0.0,1014.0630980533431,True
S3,358,6,36,10675.321794629628,53.87418086230258,747.8404320129983,11.342235883389494,575.8242068879418,4140.693513690427,2.6171619538217783e-11,4140.6935136904,True
S3,358,12,72,6037.697270312127,115.44276516886936,2052.2570248970114,24.30438946110857,2260.3455949517574,12486.351453092924,0.0,12486.351453092924,True
S3,358,18,108,10657.302585397816,0.0,430.15083998969567,0.0,534.1774560046724,1429.64644087576,3.9653968997299674e-12,1429.646440875756,True
S3,359,6,36,10089.423160639728,96.47060591138961,587.345503216829,20.303128985342678,424.4824441105743,2892.8708189739905,0.0,2892.8708189739905,True
S3,359,12,72,5505.724748295211,0.0,1415.0108990059066,0.0,1250.380698754701,7061.153250828678,1.0424514584883581e-12,7061.153250828677,True
S3,359,18,108,9492.60527000636,104.07802056293059,266.5453117143319,21.904179579521625,488.81744715284447,1629.391490508815,0.0,1629.391490508815,True
S3,360,6,36,10228.674074074073,108.6872739914212,3.979039320256561e-13,22.874239485340304,7.676760560570983e-13,0.0,0.0,0.0,True
S3,360,12,72,5933.814144492148,129.16526273448238,289.85350621818975,27.184021132125757,246.16401341410634,1479.6734120196973,5.907224931434029e-12,1479.6734120196913,True
S3,360,18,108,9082.829946227694,3.979039320256561e-13,1518.4648602747698,2.6579698442219525e-13,2204.5759525983653,6744.755419188117,0.0,6744.755419188117,True
S3,361,6,36,10572.139387132433,270.1439615163748,16.22612398282763,56.929845831711056,19.447009593418915,64.82336531140865,1.2262830750842114e-11,64.82336531139639,True
S3,361,12,72,6042.381143857272,0.0,46.565526985856536,0.0,29.671553795387783,0.0,0.0,0.0,True
S3,361,18,108,10580.329280030865,0.0,714.5166089161063,0.0,921.9625809040995,2561.2212423317787,9.516952559351921e-12,2561.221242331769,True
S3,362,6,36,10800.0,222.41381435248388,1769.5540252801345,46.871246319390195,1543.7533975736108,9750.242188145294,7.92621790424164e-12,9750.242188145286,True
S3,362,12,72,6484.016763459889,224.83695670721482,0.0,47.38189671449344,0.0,0.0,0.0,0.0,True
S3,362,18,108,10604.040172879824,0.0,247.65971000425344,0.0,175.30307648606504,94.24325377579245,0.0,94.24325377579245,True
S3,363,6,36,10788.464527025815,0.0,1598.8300617683813,0.0,1997.1578396504046,8756.83570774234,0.0,8756.83570774234,True
S3,363,12,72,6247.284521167856,155.7167758738551,0.0,32.815584676218435,0.0,0.0,0.0,0.0,True
S3,363,18,108,10800.0,397.37052263819675,0.0,107.81765231083361,0.0,0.0,0.0,0.0,True
S3,364,6,36,10742.734526975306,205.42483004657106,0.0,43.24848826282839,0.0,0.0,0.0,0.0,True
S3,364,12,72,6819.380334298543,0.0,421.49770225622694,0.0,455.3730254910814,2209.243403214297,7.137714419513941e-12,2209.2434032142896,True
S3,364,18,108,10649.859082165942,0.0,252.13444615068397,0.0,334.9234044082017,944.5335215593169,0.0,944.5335215593169,True
S3E,0,6,36,1200.0,0.0,52090.95185156855,0.0,55483.831370209446,207239.33903170924,0.0,207239.33903170924,True
S3E,0,12,72,3984.5009613662974,0.0,34826.52165920524,0.0,44136.55825976943,160540.1378618064,0.0,160540.1378618064,True
S3E,0,18,108,10800.0,5307.886647950727,2.2737367544323206e-13,1364.1813314567207,1.4897523215040565e-13,0.0,0.0,0.0,False
S3E,1,6,36,10585.513144074079,26.74741906100121,50.88123391398403,5.436212318505609,59.24743671033444,354.94748778393677,0.0,354.94748778393677,True
S3E,1,12,72,7734.344527839514,0.0,666.3302333529587,0.0,826.4159184663871,3524.591075984208,0.0,3524.591075984208,True
S3E,1,18,108,10650.505239506276,168.40586358421956,6.220016393178639,34.227228729516156,12.018004674080018,43.39083435881419,1.5861587598919868e-12,43.390834358812604,False
S3E,2,6,36,10800.0,4511.7103748678865,3.410605131648481e-13,1137.841876961203,4.2929286792059424e-13,0.0,0.0,0.0,False
S3E,2,12,72,10800.0,17563.42656135039,6.821210263296962e-13,3712.7926579328887,1.3788820751869936e-12,0.0,0.0,0.0,False
S3E,2,18,108,10800.0,18104.920835735957,6.821210263296962e-13,4543.23925482807,1.3788820751869936e-12,0.0,0.0,0.0,False
S3E,3,6,36,10146.291089999999,201.91413694319158,431.77368436701363,41.14691299107074,446.82099726720423,2085.603876999947,1.1558611845430276e-12,2085.6038769999454,True
S3E,3,12,72,5626.414945745128,1.0800249583553523e-12,65.89229976748629,3.068521436944138e-13,38.141757720409444,0.0,0.0,0.0,False
S3E,3,18,108,9880.764018522907,1.7621459846850485e-12,122.05489602081678,4.522917151916772e-13,77.96059977160006,25.918294333699787,0.0,25.918294333699787,False
S3E,4,6,36,3600.63866740741,0.0,27756.519608139497,0.0,32603.782389299125,132652.181814107,0.0,132652.181814107,True
S3E,4,12,72,4749.471368621407,0.0,19763.31426760943,0.0,25222.677873580764,98778.16835676506,0.0,98778.16835676506,True
S3E,4,18,108,9845.267906931416,0.0,2503.775608901247,0.0,4015.8141175715664,12457.831207446838,0.0,12457.831207446838,True
S3E,5,6,36,10637.668500740741,0.0,786.2085701943593,0.0,1111.650325412166,3767.5932790139523,3.9653968997299674e-12,3767.593279013948,True
S3E,5,12,72,6659.8680315828615,129.4226094440013,0.0,26.304174699922545,0.0,0.0,0.0,0.0,False
S3E,5,18,108,10774.053930491682,276.29444324999565,0.0,56.05210266169124,0.0,0.0,0.0,0.0,False
S3E,6,6,36,10769.311286049648,49.52785159656082,4102.723924664861,10.066164378124512,4402.731092879576,24368.202686928882,0.0,24368.202686928882,True
S3E,6,12,72,6402.693113894438,0.0,202.79721018357327,0.0,189.14032959029726,1155.1552667544086,0.0,1155.1552667544086,True
S3E,6,18,108,10444.50855371723,0.0,564.6381596543625,0.0,928.1864736948158,3092.6722464039135,0.0,3092.6722464039135,True
S3E,7,6,36,10338.03242185185,0.0,726.6126046749422,0.0,996.8492422137969,3317.02630987285,4.322032509662676e-12,3317.0263098728456,True
S3E,7,12,72,6872.144241675374,256.5151745101912,3.410605131648481e-13,52.13478535538754,5.049912488175324e-13,0.0,0.0,0.0,False
S3E,7,18,108,10800.0,1055.598550530694,0.0,250.551097090491,0.0,0.0,0.0,0.0,False
S3E,8,6,36,10606.446736481486,29.16150899209333,715.6974930107057,5.926857991329296,878.4335455806922,4590.726541904753,0.0,4590.726541904753,True
S3E,8,12,72,6410.271287129636,0.0,1399.3141090768518,0.0,1684.400481025686,7954.956009352017,0.0,7954.956009352017,True
S3E,8,18,108,10800.0,643.6632129329608,0.0,152.77637893313334,0.0,0.0,0.0,0.0,False
S3E,9,6,36,10066.629323333333,91.40596132533005,0.0,18.62709166608133,0.0,0.0,0.0,0.0,False
S3E,9,12,72,8683.852194506171,277.31015195596825,2.2737367544323206e-13,56.511430387279766,2.2509993868879974e-13,0.0,0.0,0.0,False
S3E,9,18,108,9957.753048580247,65.34056758824204,0.0,13.008626390065869,0.0,0.0,0.0,0.0,False
S3E,10,6,36,10065.239314074075,71.68883989034322,1000.8094407175518,14.60905364062147,1044.8531137894333,6002.360953982916,1.0424514584883581e-12,6002.360953982915,True
S3E,10,12,72,6021.88440101852,129.66246207675454,0.0,26.42316246920606,0.0,0.0,0.0,0.0,False
S3E,10,18,108,10121.51648148148,21.395874819756273,2.6716406864579767e-12,4.128334046472134,1.9119426042379927e-12,0.0,0.0,0.0,False
S3E,11,6,36,10800.0,76.66311316068231,2360.700333770688,15.581202776564579,2905.01884944256,11919.084393859057,1.1185647963429802e-12,11919.084393859055,True
S3E,11,12,72,7676.288234430642,377.3477956039101,6.821210263296962e-13,76.69310934802708,1.2509417501860297e-12,0.0,0.0,0.0,False
S3E,11,18,108,10622.180231358025,0.0,270.5068539621284,0.0,401.94277528450795,1252.6968245374035,3.9653968997299674e-12,1252.6968245373996,True
S3E,12,6,36,10673.285223703706,0.0,171.76302074952577,0.0,140.7279997409107,906.8280663371779,0.0,906.8280663371779,True
S3E,12,12,72,7232.226256080254,63.93387642451671,0.0,12.994080879209877,0.0,0.0,0.0,0.0,False
S3E,12,18,108,10767.978784779118,357.3230631110459,0.0,73.13789183150203,0.0,0.0,0.0,0.0,False
S3E,13,6,36,10309.882925370372,5.684341886080802e-14,1147.020478047884,2.7196733753953594e-14,1374.336225047617,6484.318209882038,5.592823981714901e-13,6484.318209882037,True
S3E,13,12,72,6466.57295,214.6643522740601,0.0,43.62891961706065,0.0,0.0,0.0,0.0,False
S3E,13,18,108,10750.527274662538,581.7814027991652,0.0,120.20463763954156,0.0,0.0,0.0,0.0,False
S3E,14,6,36,10800.0,259.2148508132598,3637.2733193065415,52.683474316413964,3961.213105412694,22134.456373470384,0.0,22134.456373470384,True
S3E,14,12,72,6759.012906867725,0.0,457.83139701089056,0.0,433.8077924028965,956.6938385387054,0.0,956.6938385387054,True
S3E,14,18,108,10280.713397898491,0.0,883.31335397415,0.0,1471.7738209218205,4937.022600215363,0.0,4937.022600215363,True
S3E,15,6,36,10770.353055555555,0.0,3700.8304399147064,0.0,4481.640020070862,20944.162829849738,0.0,20944.162829849738,True
S3E,15,12,72,6630.096649196454,460.0765774960339,0.0,93.50711380173766,0.0,0.0,0.0,0.0,False
S3E,15,18,108,10788.33536061364,457.1600733572915,0.0,104.22819406632624,0.0,0.0,0.0,0.0,False
S3E,16,6,36,10147.814463095929,0.0,75.64879783697785,0.0,94.24592196403894,292.2450794145209,0.0,292.2450794145209,True
S3E,16,12,72,6357.641153836668,156.2249957465782,3.410605131648481e-13,31.83618742269354,5.049912488175324e-13,0.0,0.0,0.0,False
S3E,16,18,108,10074.26383996215,1160.3229102985028,0.0,229.47013698787984,0.0,0.0,0.0,0.0,False
S3E,17,6,36,10168.93312962963,0.0,139.0343397368735,0.0,172.56423012481892,721.984560345886,0.0,721.984560345886,True
S3E,17,12,72,7796.069985648148,166.6355265724597,1.7053025658242404e-13,33.95768922820565,2.7816042802442096e-13,0.0,0.0,0.0,False
S3E,17,18,108,10157.623345813165,163.42956654430697,0.0,32.47648852976841,0.0,0.0,0.0,0.0,False
S3E,18,6,36,10800.0,279.6731534894809,1181.4072142981133,56.84147089808586,1143.1137414173104,6644.13485315436,0.0,6644.13485315436,True
S3E,18,12,72,6331.308872964865,0.0,3469.9145984266497,0.0,3942.4773293839403,18756.16999374015,0.0,18756.16999374015,True
S3E,18,18,108,10800.0,805.0813738757901,0.0,191.08971054411617,0.0,0.0,0.0,0.0,False
S3E,19,6,36,10753.642296296297,64.58480140687197,989.5965424224216,13.126376499936784,1106.7808631190487,5942.130926032071,1.7447746358811856e-11,5942.130926032054,True
S3E,19,12,72,6064.028348620135,0.0,924.8903540354627,0.0,962.0382382537653,4892.980756107011,0.0,4892.980756107011,True
S3E,19,18,108,10739.200211686102,185.3529548653371,0.0,37.1051232025518,0.0,0.0,0.0,0.0,False
S3E,20,6,36,10613.40601990741,0.0,758.9998794183433,0.0,1041.332461702236,3568.516569475353,0.0,3568.516569475353,True
S3E,20,12,72,7224.407638702219,646.3463112477109,0.0,131.3650401637629,0.0,0.0,0.0,0.0,False
S3E,20,18,108,10768.386129350674,638.8731460240444,0.0,140.3442163107997,0.0,0.0,0.0,0.0,False
S3E,21,6,36,10709.057089814814,37.34672908918651,364.98101751792143,7.590442586909107,522.1967565734559,1816.681233911025,0.0,1816.681233911025,True
S3E,21,12,72,6486.9290225,295.2898632391664,0.0,60.01545002938617,0.0,0.0,0.0,0.0,False
S3E,21,18,108,10760.945083395061,0.0,57.994113969303896,0.0,73.34605957598393,201.45172530551233,2.3792381398379804e-12,201.45172530550994,True
S3E,22,6,36,10800.0,25.906981477754925,1397.1691881730305,5.265399685226638,1971.7733712274671,6751.7854796951115,0.0,6751.7854796951115,True
S3E,22,12,72,5901.856887062588,229.72316652489292,825.0636777175158,46.68951067020525,813.9115541245419,4905.84724278797,2.2206222638487816e-11,4905.847242787948,True
S3E,22,18,108,10141.02800527801,0.0,918.713761789548,0.0,1401.931507321449,4419.498236219777,0.0,4419.498236219777,True
S3E,23,6,36,9533.710913407851,279.2596570144279,4.904450179310516e-10,56.9087087366392,6.893477916491974e-10,0.0,0.0,0.0,False
S3E,23,12,72,5164.320375,272.2729988885688,1130.7412993912874,55.484938126139475,793.9254916482724,6082.866105917956,1.9806577711278804e-11,6082.866105917936,True
S3E,23,18,108,9802.078929930989,405.16170043277253,0.0,79.77086045835486,0.0,0.0,0.0,0.0,False
S3E,24,6,36,9739.671017654317,51.22803845043444,3656.471003859003,10.439465372401063,2647.6399267214565,20342.99172692407,2.0849029169767162e-11,20342.991726924047,True
S3E,24,12,72,6148.552164643527,88.37581895882875,0.0,18.009596496141754,0.0,0.0,0.0,0.0,False
S3E,24,18,108,10103.789026633991,842.8869983025891,7.389644451905042e-13,166.59682198567998,1.2526044201877086e-12,0.0,0.0,0.0,False
S3E,25,6,36,10750.150185185184,0.0,787.380362800777,0.0,1101.4262005135104,3831.0476711866318,0.0,3831.0476711866318,True
S3E,25,12,72,7561.821226699736,457.0961199925712,0.0,92.90135816759015,0.0,0.0,0.0,0.0,False
S3E,25,18,108,10800.0,728.698530015027,0.0,172.9598965929843,0.0,0.0,0.0,0.0,False
S3E,26,6,36,10726.343479567899,12.952753956754805,3228.9318964095537,2.632550096056711,3517.3513054659297,19605.671032456154,1.0310031939297915e-11,19605.671032456143,True
S3E,26,12,72,7361.675338238381,537.9359840480909,0.0,109.33145423789334,0.0,0.0,0.0,0.0,False
S3E,26,18,108,10660.175781163494,57.26854831670903,72.3331646204717,11.63940293125786,139.75852402144415,504.5961563924132,0.0,504.5961563924132,True
S3E,27,6,36,10601.700006815752,121.93172326606668,518.0374743419404,24.781708265960116,682.2360912950934,2950.0369952927276,0.0,2950.0369952927276,True
S3E,27,12,72,6509.1996475,0.0,568.6203378245889,0.0,693.7499788099578,2060.8696660127857,0.0,2060.8696660127857,True
S3E,27,18,108,10672.665199939654,237.95095856128887,0.0,47.92492332072549,0.0,0.0,0.0,0.0,False
S3E,28,6,36,9843.016296296297,106.50190272356326,3619.129927237616,21.6457129642949,4001.470543799708,21130.93815891486,7.930793799459935e-12,21130.938158914854,True
S3E,28,12,72,6971.7414477790735,0.0,100.52470341635262,0.0,81.90175997584522,199.96870881760316,1.824082573875785e-11,199.9687088175849,True
S3E,28,18,108,10770.446685555553,729.2911998394393,0.0,163.36046247343808,0.0,0.0,0.0,0.0,False
S3E,29,6,36,10765.52347685185,55.22621493301631,4175.460436243972,11.22431398852357,4358.103403887319,24737.48222429445,1.20548065751791e-10,24737.48222429433,True
S3E,29,12,72,6980.160840045968,36.44181352902706,0.0,7.4065252861732995,0.0,0.0,0.0,0.0,False
S3E,29,18,108,10604.078962962962,32.52988579565658,109.45878457808408,6.611455313823754,211.4907906225448,763.5844812167185,6.344635039567947e-12,763.5844812167121,True
S3E,30,6,36,9603.900307870372,294.68985221819423,1943.1628224014291,60.0531388844014,1297.4244382903466,10418.564937637242,0.0,10418.564937637242,True
S3E,30,12,72,5192.100219280706,107.55418551615475,0.0,21.917844784210697,0.0,0.0,0.0,0.0,False
S3E,30,18,108,9549.625924259257,3.410605131648481e-13,573.8640992863664,2.2417907530325465e-13,740.5401790015195,1953.2622681082125,0.0,1953.2622681082125,True
S3E,31,6,36,9642.039444444445,673.9130604185324,1.1368683772161603e-13,137.33284098076402,2.211521632489166e-13,0.0,0.0,0.0,False
S3E,31,12,72,7124.128017037038,888.3286655337854,2.2737367544323206e-13,181.02735579369812,4.584194357448723e-13,0.0,0.0,0.0,False
S3E,31,18,108,10137.418881172838,1309.7306972699907,1.1368683772161603e-13,259.22116299960186,2.1420305529318284e-13,0.0,0.0,0.0,False
S3E,32,6,36,10731.87053032302,787.2627024396679,0.0,160.0052398005942,0.0,0.0,0.0,0.0,False
S3E,32,12,72,7852.255137784106,863.9875225798041,4.547473508864641e-13,175.5989840579258,6.185473466757685e-13,0.0,0.0,0.0,False
S3E,32,18,108,10800.0,1453.0233538245532,0.0,345.20008538818803,0.0,0.0,0.0,0.0,False
S3E,33,6,36,10800.0,638.4074494044078,0.0,129.75152603557535,0.0,0.0,0.0,0.0,False
S3E,33,12,72,7862.158675524695,626.8448853132161,0.0,127.40152160327133,0.0,0.0,0.0,0.0,False
S3E,33,18,108,10706.299205339505,425.4897894598146,0.0,84.90693830447168,0.0,0.0,0.0,0.0,False
S3E,34,6,36,10800.0,1094.0685774875856,0.0,222.3612328600206,0.0,0.0,0.0,0.0,False
S3E,34,12,72,7584.293307538834,788.4669349519488,0.0,160.2499910269715,0.0,0.0,0.0,0.0,False
S3E,34,18,108,10800.0,806.2600700440719,0.0,191.36947941832673,0.0,0.0,0.0,0.0,False
S3E,35,6,36,10800.0,689.7368407949166,0.0,140.18383986526084,0.0,0.0,0.0,0.0,False
S3E,35,12,72,6593.417784062461,974.2626321711871,0.0,198.01157301905255,0.0,0.0,0.0,0.0,False
S3E,35,18,108,10765.61988122386,779.8661689878763,0.0,172.77770594200675,0.0,0.0,0.0,0.0,False
S3E,36,6,36,10800.0,892.825853911534,0.0,181.460158613615,0.0,0.0,0.0,0.0,False
S3E,36,12,72,7743.473750640051,613.8497558873019,0.0,124.76035901092492,0.0,0.0,0.0,0.0,False
S3E,36,18,108,10721.594841455675,536.36505891365,0.0,106.79820418206401,0.0,0.0,0.0,0.0,False
S3E,37,6,36,9733.330237199456,787.755817518291,0.0,160.53219736047748,0.0,0.0,0.0,0.0,False
S3E,37,12,72,7205.58959219946,625.0752061042151,5.684341886080801e-13,127.38045739552177,9.241205134458142e-13,0.0,0.0,0.0,False
S3E,37,18,108,9858.623404675169,870.813219102403,0.0,172.40758084709694,0.0,0.0,0.0,0.0,False
S3E,38,6,36,8014.791048411248,497.04317815021733,5.684341886080802e-14,101.28955165683308,1.1530403298820604e-13,0.0,0.0,0.0,False
S3E,38,12,72,7175.9637050779165,547.7473826361498,1.1368683772161603e-13,111.62226793836363,2.299088919244241e-13,0.0,0.0,0.0,False
S3E,38,18,108,9247.030687765633,163.72540707323077,399.2469674777651,33.364652823518334,732.1790136574728,2440.5967121915555,0.0,2440.5967121915555,True
S3E,39,6,36,10800.0,530.8469674465034,129.23131642523913,107.89066478124592,133.51927080619947,774.6480975639007,1.5861587598919868e-12,774.6480975638991,True
S3E,39,12,72,8868.230905800689,6.821210263296962e-13,463.02294327307214,1.4583747542928904e-13,328.6398133901367,606.758132790736,7.137714419513941e-12,606.7581327907288,True
S3E,39,18,108,10711.277940442078,494.7352275688859,0.0,96.94228734433341,0.0,0.0,0.0,0.0,False
S3E,40,6,36,9876.344350623242,239.17548508956224,0.0,48.610623528315365,0.0,0.0,0.0,0.0,False
S3E,40,12,72,8913.421879797206,489.38978656146173,7.958078640513122e-13,99.46480369521791,1.4594320418837014e-12,0.0,0.0,0.0,False
S3E,40,18,108,10738.38674792175,857.5070689007779,0.0,181.71773540083325,0.0,0.0,0.0,0.0,False
S3E,41,6,36,9922.781959522852,619.2743324005212,0.0,125.86286350291294,0.0,0.0,0.0,0.0,False
S3E,41,12,72,6791.2698997844,316.8791130069376,0.0,64.40330312531253,0.0,0.0,0.0,0.0,False
S3E,41,18,108,10800.0,1012.9448341987261,1.1368683772161603e-13,229.07230524419128,1.591388354427181e-13,0.0,0.0,0.0,False
S3E,42,6,36,10108.18751501884,588.9987930102145,0.0,119.70958718837856,0.0,0.0,0.0,0.0,False
S3E,42,12,72,8454.532639508077,477.48585330223295,0.0,97.04541853979555,0.0,0.0,0.0,0.0,False
S3E,42,18,108,10719.117810082915,496.35653614379885,2.2737367544323206e-13,98.87000275294977,1.4897523215040565e-13,0.0,0.0,0.0,False
S3E,43,6,36,9911.625750994059,332.84710233334954,0.0,67.6486771959858,0.0,0.0,0.0,0.0,False
S3E,43,12,72,8380.612659881204,593.6951838873754,0.0,120.6640934112299,0.0,0.0,0.0,0.0,False
S3E,43,18,108,10747.725591296969,995.0887546234343,1.4779288903810084e-12,217.54320682736866,2.7846397188113767e-12,0.0,0.0,0.0,False
S3E,44,6,36,8060.725484867536,215.6125329184597,176.1198564830048,44.38708610060697,202.07343113139217,1076.6206826805962,0.0,1076.6206826805962,True
S3E,44,12,72,6858.545600978646,76.33608411075335,5.115907697472721e-13,15.546002766814318,1.0248186299577356e-12,0.0,0.0,0.0,False
S3E,44,18,108,9287.83331148503,5.684341886080802e-14,732.5957700930077,3.8320990825013725e-14,1053.0396950522118,3043.2529979184624,0.0,3043.2529979184624,True
S3E,45,6,36,6940.325178094145,109.18148113181951,5.684341886080802e-14,22.596216685457097,1.1530403298820604e-13,0.0,0.0,0.0,False
S3E,45,12,72,6749.687298649702,178.28035829143732,4.547473508864641e-13,36.6683471598032,9.010733492686996e-13,0.0,0.0,0.0,False
S3E,45,18,108,9638.14548577045,0.0,186.73993336529026,0.0,327.66796280961256,1084.5801904790685,0.0,1084.5801904790685,True
S3E,46,6,36,9874.074074074075,135.79164088065124,1.0231815394945443e-12,27.598632571685783,1.8277262370247627e-12,0.0,0.0,0.0,False
S3E,46,12,72,7504.205520525889,506.6515217145968,0.0,102.97312190207893,0.0,0.0,0.0,0.0,False
S3E,46,18,108,10642.361506902564,0.0,237.72454109807813,0.0,402.9016973333437,1376.092444866828,0.0,1376.092444866828,True
S3E,47,6,36,9874.347268015905,435.87522757733836,0.0,88.58837094088717,0.0,0.0,0.0,0.0,False
S3E,47,12,72,9907.476552012577,343.04498958849786,0.0,69.72132129644028,0.0,0.0,0.0,0.0,False
S3E,47,18,108,10682.922830450641,411.76077873012264,0.0,82.30560256014581,0.0,0.0,0.0,0.0,False
S3E,48,6,36,9849.573208843907,0.0,2422.052489911219,0.0,2314.4888714591525,12578.54936747274,0.0,12578.54936747274,True
S3E,48,12,72,8060.784282649312,206.1017227416762,0.0,41.888629384325135,0.0,0.0,0.0,0.0,False
S3E,48,18,108,10037.453525664623,14.943420662461904,674.9049403573109,3.037138173990035,1307.3030771163053,4708.13686393095,0.0,4708.13686393095,True
S3E,49,6,36,9782.892914927052,221.37392932561966,0.0,44.992590830962286,0.0,0.0,0.0,0.0,False
S3E,49,12,72,6168.200860454545,0.0,2387.223968763661,0.0,2530.1765464294594,13434.766283841596,0.0,13434.766283841596,True
S3E,49,18,108,10648.015393339181,280.0677528816341,0.0,56.41997321007843,0.0,0.0,0.0,0.0,False
S3E,50,6,36,9885.33002244669,37.86570469860385,931.7592756899094,7.695920487222774,1140.834749755722,6451.021557643927,7.930793799459935e-12,6451.021557643919,True
S3E,50,12,72,7420.6013444276105,0.0,259.13418851369556,0.0,330.7109222927919,1002.9998029919059,0.0,1002.9998029919059,True
S3E,50,18,108,10569.397387820278,96.72127823208939,133.8407369487819,19.65787439111042,258.60037989558856,933.6729809546947,0.0,933.6729809546947,True
S3E,51,6,36,6550.910598338947,14.031872837533456,4.66689056035878,2.913768508545386,5.014979966227122,24.66126065887543,8.012097651999283e-12,24.66126065886742,True
S3E,51,12,72,7712.112581993155,1.7053025658242404e-13,140.19340104933212,1.0861072041734587e-13,176.55944481275455,733.7148770396223,0.0,733.7148770396223,True
S3E,51,18,108,9454.240571685348,1.7053025658242404e-13,487.5708086814028,1.119190073950449e-13,793.1577391564701,2517.025735037651,0.0,2517.025735037651,True
S3E,52,6,36,5917.2267842760975,78.62517714361911,215.33988384519327,16.326798838076595,252.54607362208105,1295.1998159419502,1.4553567240227494e-12,1295.1998159419488,True
S3E,52,12,72,7053.338159999998,1.1368683772161603e-13,206.57622924817633,7.664198165002745e-14,203.64310032108364,474.4393424681713,0.0,474.4393424681713,True
S3E,52,18,108,9460.42621418176,0.0,729.1540020602221,0.0,1156.2940229645503,3629.7453825947287,0.0,3629.7453825947287,True
S3E,53,6,36,9724.441267272727,0.0,1123.1644620670688,0.0,1386.573283649712,6620.7593461489905,2.3792381398379804e-12,6620.759346148988,True
S3E,53,12,72,6743.124640341241,128.5219994077197,0.0,26.121132464623503,0.0,0.0,0.0,0.0,False
S3E,53,18,108,10646.040635577263,152.96288727092337,22.00570788002298,31.088559616160836,42.51832848038529,153.51181817102068,0.0,153.51181817102068,True
S3E,54,6,36,9915.653310886644,456.60219454520234,0.0,92.80097152485325,0.0,0.0,0.0,0.0,False
S3E,54,12,72,7226.531384542653,101.07459779019905,0.0,20.542653941374546,0.0,0.0,0.0,0.0,False
S3E,54,18,108,10511.23929489338,0.0,743.3155884946873,0.0,1159.6888087494256,3761.685529063596,0.0,3761.685529063596,True
S3E,55,6,36,9830.527987654323,32.028283701728014,489.18056884864654,6.509508450249633,578.2056425240189,3080.3875233883805,0.0,3080.3875233883805,True
S3E,55,12,72,9375.412297732888,129.15442733195437,0.0,26.249668697013785,0.0,0.0,0.0,0.0,False
S3E,55,18,108,10585.994413400438,15.082745364122047,156.7064237914231,3.0654548746667,302.78031672859817,1093.1840123689688,0.0,1093.1840123689688,True
S3E,56,6,36,9869.11363804714,80.06887573174868,1315.007141398696,16.27339847591034,1062.322092006551,7485.723135264044,4.917092155665159e-11,7485.723135263995,True
S3E,56,12,72,6512.997565550096,5.055208089852158,1660.4144808791384,1.0274331302019861,1604.8510175940037,9658.269052430456,0.0,9658.269052430456,True
S3E,56,18,108,10265.914432047306,0.0,591.4403974613047,0.0,1015.5166270104173,3456.555926444512,0.0,3456.555926444512,True
S3E,57,6,36,9874.074074074075,297.4570974630385,92.09141542697171,60.45592413113167,94.08705706776698,642.4297140185118,0.0,642.4297140185118,True
S3E,57,12,72,6754.007993181818,30.028638160259106,0.0,6.103095491286454,0.0,0.0,0.0,0.0,False
S3E,57,18,108,9807.766252272957,0.0,1290.6252140138126,0.0,2054.6565904690697,6581.112452999344,0.0,6581.112452999344,True
S3E,58,6,36,5694.065490804915,69.62850999734928,94.40332135884796,14.458608774199558,97.69327710820406,549.362454009537,0.0,549.362454009537,True
S3E,58,12,72,8951.558610000002,1.7053025658242404e-13,432.88577148944,1.1252438980591251e-13,473.8428960577533,1205.6911945041406,0.0,1205.6911945041406,True
S3E,58,18,108,9779.81748884802,645.9976474275986,0.0,128.20194336812295,0.0,0.0,0.0,0.0,False
S3E,59,6,36,8585.897528939058,1023.5000790428627,0.0,208.92073803949893,0.0,0.0,0.0,0.0,False
S3E,59,12,72,10190.107498383502,621.3152572022655,0.0,126.96182163504585,0.0,0.0,0.0,0.0,False
S3E,59,18,108,9716.40641470258,383.2908086541254,0.0,76.31236820965097,0.0,0.0,0.0,0.0,False
S3E,60,6,36,9968.343490460156,1035.9976170521495,1.1368683772161603e-13,210.55874568372147,1.5980390344338958e-13,0.0,0.0,0.0,False
S3E,60,12,72,7576.511060830527,1024.5481436105506,0.0,208.23172607776732,0.0,0.0,0.0,0.0,False
S3E,60,18,108,10532.013219416387,0.0,594.4693716760504,0.0,946.5374145666416,3106.619719215918,0.0,3106.619719215918,True
S3E,61,6,36,9916.275925925926,999.1312681907801,0.0,203.06593677526473,0.0,0.0,0.0,0.0,False
S3E,61,12,72,8822.418161666668,848.5696602500145,0.0,172.4654191733636,0.0,0.0,0.0,0.0,False
S3E,61,18,108,9870.11109624018,55.11617301699266,794.9014895194288,11.201948794750116,1542.8544977224235,5529.849218083954,0.0,5529.849218083954,True
S3E,62,6,36,9966.329573512907,887.818533522352,0.0,180.44245829941664,0.0,0.0,0.0,0.0,False
S3E,62,12,72,7263.332465384397,995.2731352776202,0.0,202.28180019666172,0.0,0.0,0.0,0.0,False
S3E,62,18,108,10264.726687109991,272.9552472060061,273.75408323003575,55.4761068302667,528.9339519129102,1909.7084846126904,0.0,1909.7084846126904,True
S3E,63,6,36,9890.536700336701,709.6320810735026,0.0,144.22739823758133,0.0,0.0,0.0,0.0,False
S3E,63,12,72,9552.446399129383,941.9473151691932,0.0,191.4437272032747,0.0,0.0,0.0,0.0,False
S3E,63,18,108,10566.706015151512,103.8553777227362,130.82678853891497,21.10782660681345,252.77697947546457,912.6476768474981,2.537854015827179e-11,912.6476768474728,True
S3E,64,6,36,9945.84758698092,726.7379283177282,0.0,154.89513008666262,0.0,0.0,0.0,0.0,False
S3E,64,12,72,7759.369388532551,1019.1128420538978,0.0,217.19084377677405,0.0,0.0,0.0,0.0,False
S3E,64,18,108,10482.168580322676,0.0,659.8779094432512,0.0,1059.3846972282317,3502.39560705516,2.3792381398379804e-12,3502.3956070551576,True
S3E,65,6,36,6613.982963707943,962.3024037642905,1.1368683772161603e-13,197.89294409072943,2.297554146934999e-13,0.0,0.0,0.0,False
S3E,65,12,72,10800.0,1060.7530816027831,0.0,217.94263000141066,0.0,0.0,0.0,0.0,False
S3E,65,18,108,9738.399935962403,68.4208279285906,1.9326762412674725e-12,13.913435877757525,1.408400862601411e-12,0.0,0.0,0.0,False
S3E,66,6,36,5138.021884281705,300.08573358789846,1.7053025658242404e-13,61.94820727320376,2.9133389034541326e-13,0.0,0.0,0.0,False
S3E,66,12,72,10209.617289096519,311.32879499054866,1.1368683772161603e-13,64.23788018096585,1.6833041627251078e-13,0.0,0.0,0.0,False
S3E,66,18,108,9729.709443765434,50.55822892182999,19.20572453054416,10.498596800721328,28.436956026147396,94.78985342048797,4.103053896642451e-12,94.78985342048387,True
S3E,67,6,36,9932.409259259259,576.1771937603767,0.0,117.10369330284337,0.0,0.0,0.0,0.0,False
S3E,67,12,72,7979.0967957603825,319.46203962299444,0.0,64.92826358807662,0.0,0.0,0.0,0.0,False
S3E,67,18,108,10642.942925373178,120.69967298254437,49.378216351440955,24.53130328615478,95.40612072343649,344.4624372676507,0.0,344.4624372676507,True
S3E,68,6,36,9907.431481481482,135.76285295694078,772.6789410792742,28.95305931045753,956.289447384909,3652.905089985868,0.0,3652.905089985868,True
S3E,68,12,72,6552.359379346573,174.3629993900962,0.0,37.18500424038567,0.0,0.0,0.0,0.0,False
S3E,68,18,108,10506.756619248037,0.0,412.27736309480235,0.0,613.8178669773238,1891.8720958599251,2.3792381398379804e-12,1891.8720958599229,True
S3E,69,6,36,9935.664814814814,465.36812299549484,5641.736234410111,99.24534269000708,4446.9412409420875,31337.10919667648,2.284345512748587e-11,31337.109196676458,True
S3E,69,12,72,6653.321132533785,0.0,59.21153312698817,0.0,38.79539650480265,0.0,0.0,0.0,False
S3E,69,18,108,10582.316892640292,0.0,814.7193426248894,0.0,884.973828346724,1985.210235567278,0.0,1985.210235567278,True
S3E,70,6,36,9923.561391694726,374.6024215159649,0.0,76.13513265495848,0.0,0.0,0.0,0.0,False
S3E,70,12,72,8421.974823762626,319.3491160166793,0.0,64.90531271201995,0.0,0.0,0.0,0.0,False
S3E,70,18,108,10646.191826599326,0.0,402.706048673983,0.0,626.9287878991198,2030.9876574154546,0.0,2030.9876574154546,True
S3E,71,6,36,9878.47037037037,285.7026645892695,0.0,58.066923807784626,0.0,0.0,0.0,0.0,False
S3E,71,12,72,8171.203483437149,174.17311625989828,372.5469462886475,35.399379581452195,382.63689253471915,2210.512918385453,0.0,2210.512918385453,True
S3E,71,18,108,10573.727587081932,0.0,376.15871183714705,0.0,495.67873196043064,1415.5867687791913,0.0,1415.5867687791913,True
S3E,72,6,36,4942.729520465775,122.86742306101763,135.409210330952,25.97769146527468,161.76250780648076,668.3121575884226,6.172115263325395e-12,668.3121575884164,True
S3E,72,12,72,10800.0,141.1396294570216,1.1368683772161603e-13,29.840959110348823,1.6833041627251078e-13,0.0,0.0,0.0,False
S3E,72,18,108,9381.818740179575,0.0,1015.7830657323016,0.0,1399.6671976574723,4042.331887932472,0.0,4042.331887932472,True
S3E,73,6,36,4375.81798125702,14.312236757002438,541.4762509319237,2.9719870777228334,707.3223138471301,3145.9586309534593,0.0,3145.9586309534593,True
S3E,73,12,72,8249.557424999999,239.7720937925397,0.0,49.78953160492736,0.0,0.0,0.0,0.0,False
S3E,73,18,108,9716.430954619316,5.684341886080802e-14,287.4264891805892,3.821298832917819e-14,387.8783953532036,1157.3270962338383,0.0,1157.3270962338383,True
S3E,74,6,36,9842.04043335578,32.55347921584598,1923.5273661153913,6.6162504995265845,1451.8839405183073,10780.034695541688,1.8197765738747762e-11,10780.03469554167,True
S3E,74,12,72,6941.788393945967,0.0,130.17063741020354,0.0,156.87704598949938,471.3978539483607,0.0,471.3978539483607,True
S3E,74,18,108,10675.027078393985,14.359014440450323,101.53406044179033,2.9183619924132436,196.17903488260444,708.3016056419173,1.1103111319243908e-11,708.3016056419061,True
S3E,75,6,36,9927.218518518519,175.82475688645957,1.4779288903810084e-12,35.73506315149662,1.849980435508769e-12,0.0,0.0,0.0,False
S3E,75,12,72,7206.333347766564,0.0,879.6747862890654,0.0,1120.8302669902378,5495.64750725488,3.1723175197839737e-12,5495.647507254877,True
S3E,75,18,108,10693.610214026075,78.09055465215056,36.245804731595825,15.871319553889846,70.03233161215257,252.85073380761824,3.1723175197839737e-12,252.85073380761506,True
S3E,76,6,36,9927.711111111112,290.80539950346815,0.0,59.10401640858409,0.0,0.0,0.0,0.0,False
S3E,76,12,72,9643.899747289564,34.862985069409774,0.0,7.08564024296937,0.0,0.0,0.0,0.0,False
S3E,76,18,108,10678.411333047137,0.0,261.1401775544215,0.0,415.78479767943963,1374.933138746136,0.0,1374.933138746136,True
S3E,77,6,36,9885.061111111112,186.31135704368137,4560.825758223705,37.86638598395386,3923.806761404693,25972.563170496855,5.733053143330835e-12,25972.563170496847,True
S3E,77,12,72,5380.597316596056,0.0,1562.5945119036678,0.0,1389.2956035097818,7409.229009526292,0.0,7409.229009526292,True
S3E,77,18,108,10724.331447227825,0.0,139.61490314748949,0.0,228.85346728500463,763.3501534270988,0.0,763.3501534270988,True
S3E,78,6,36,9752.554568097645,57.116725211800826,515.2649003218175,11.60854602386662,586.759472716931,2599.591329189807,0.0,2599.591329189807,True
S3E,78,12,72,6147.210244090908,0.0,154.44405478605108,0.0,168.48867938479688,400.07714055677053,0.0,400.07714055677053,True
S3E,78,18,108,10800.0,579.6832501096867,0.0,137.59044497261294,0.0,0.0,0.0,0.0,False
S3E,79,6,36,3419.214936812566,0.0,528.2677989739088,0.0,625.8695563032207,1999.556465283304,2.314543223747023e-12,1999.5564652833018,True
S3E,79,12,72,10800.0,2.2737367544323206e-13,554.8774365865204,1.4676402315672022e-13,700.3458752933061,2269.60440946208,1.7374190974805968e-12,2269.6044094620784,True
S3E,79,18,108,9980.902410909554,980.6378132264215,0.0,194.03136025954404,0.0,0.0,0.0,0.0,False
S3E,80,6,36,4062.519847093156,0.0,287.9901177107213,0.0,350.9976316391776,1041.6291432827986,6.949676389922387e-12,1041.6291432827916,True
S3E,80,12,72,10800.0,216.87276509070978,0.0,44.195245218669605,0.0,0.0,0.0,0.0,False
S3E,80,18,108,9986.509881292715,505.37347853589256,0.0,99.96946714191408,0.0,0.0,0.0,0.0,False
S3E,81,6,36,9715.357232721664,0.0,203.81075446058765,0.0,277.93164341707944,860.87979276267,0.0,860.87979276267,True
S3E,81,12,72,8074.316063888893,355.6233975098794,0.0,72.27778836840169,0.0,0.0,0.0,0.0,False
S3E,81,18,108,10610.623426776707,0.0,384.2909305166032,0.0,618.3043939250676,2050.2397461476303,0.0,2050.2397461476303,True
S3E,82,6,36,9776.812514590349,0.0,1168.1135696220824,0.0,1408.5744266831152,6909.795547968941,0.0,6909.795547968941,True
S3E,82,12,72,7884.689788033113,104.41390047444906,28.37522231177485,21.22134216717823,33.307615727798066,197.9455508469362,0.0,197.9455508469362,True
S3E,82,18,108,10689.055908191678,0.0,94.32385180673555,0.0,125.90004131422036,367.5412263049791,0.0,367.5412263049791,True
S3E,83,6,36,9676.269125384399,0.0,260.09922461173164,0.0,353.9815135773818,1073.8061391505871,0.0,1073.8061391505871,True
S3E,83,12,72,8206.547935300227,152.77882228551152,0.0,31.051149788363084,0.0,0.0,0.0,0.0,False
S3E,83,18,108,10769.58657148963,14.67174720612718,16.25077985647615,2.9819225815414523,31.2994454310835,113.36544027876796,2.3792381398379804e-12,113.36544027876559,True
S3E,84,6,36,9847.258433739504,0.0,1013.6758935958603,0.0,1179.8102396003567,5018.320017763082,2.41229258790554e-12,5018.32001776308,True
S3E,84,12,72,6435.15630282086,105.08478602169873,1.1254996934439987e-10,21.357694623018467,1.6664711210978566e-10,0.0,0.0,0.0,False
S3E,84,18,108,10788.451381113273,0.0,66.03712431866472,0.0,94.96010859465865,292.248294635051,0.0,292.248294635051,True
S3E,85,6,36,9741.4937986083,118.31549678959902,532.163488616148,24.04673735627008,659.7142736997093,3712.3724965860574,0.0,3712.3724965860574,True
S3E,85,12,72,8077.180554859705,0.0,521.8759950231752,0.0,629.8306330834143,1751.8388696232048,0.0,1751.8388696232048,True
S3E,85,18,108,10800.0,442.1980894269458,0.0,93.4855880526134,0.0,0.0,0.0,0.0,False
S3E,86,6,36,4302.398103215488,136.79579681804603,1.7053025658242404e-13,28.40613576568449,3.174932317051571e-13,0.0,0.0,0.0,False
S3E,86,12,72,10800.0,154.86692171853497,0.0,32.15866939100279,0.0,0.0,0.0,0.0,False
S3E,86,18,108,9850.111122334456,221.16551309803805,0.0,44.21572279759091,0.0,0.0,0.0,0.0,False
S3E,87,6,36,3719.09933875421,180.56585309653042,47.05780102024664,37.49514427354131,59.52393056749123,232.2537769354325,1.1222027751500719e-12,232.2537769354314,True
S3E,87,12,72,10800.0,0.0,574.2184105018646,0.0,649.7840904533163,2147.7006292207916,0.0,2147.7006292207916,True
S3E,87,18,108,9740.77817401313,41.89599010412525,109.9207455163002,8.699851973657717,162.75415184870988,542.5138394956895,0.0,542.5138394956895,True
S3E,88,6,36,9714.268986010104,0.0,130.81867571888347,0.0,180.61721584558805,550.4205416858181,3.1723175197839737e-12,550.4205416858149,True
S3E,88,12,72,8062.867106054999,0.0,500.8396889389347,0.0,684.6655956339622,2051.0051368439554,0.0,2051.0051368439554,True
S3E,88,18,108,10800.0,1088.665212159991,0.0,236.67446018194784,0.0,0.0,0.0,0.0,False
S3E,89,6,36,9030.580295308646,0.0,8874.79687399575,0.0,7681.060521917221,50571.51406767542,1.0338396805309457e-13,50571.51406767542,True
S3E,89,12,72,7845.201013768297,43.33492235026483,1.1368683772161603e-13,8.80749795577373,1.3239969121059404e-13,0.0,0.0,0.0,False
S3E,89,18,108,10800.0,246.49360075040568,5.684341886080801e-13,49.18552882897879,1.0710152764659142e-12,0.0,0.0,0.0,False
S3E,90,6,36,9253.973826060606,0.0,1649.5797979466272,0.0,1978.4656879167023,9242.763634850771,7.930793799459934e-13,9242.763634850771,True
S3E,90,12,72,8741.540008139731,472.6386601798256,0.0,96.06026289159834,0.0,0.0,0.0,0.0,False
S3E,90,18,108,10718.361616828488,173.67659271270054,0.0,35.29846489441108,0.0,0.0,0.0,0.0,False
S3E,91,6,36,9372.273836217733,0.0,3804.858926384275,0.0,4189.809486913312,21480.672709633483,1.4506387202573024e-12,21480.672709633483,True
S3E,91,12,72,7762.5025357605155,570.5194096441401,0.0,115.95379111459913,0.0,0.0,0.0,0.0,False
S3E,91,18,108,10800.0,837.3609719183036,1.1368683772161603e-13,171.79669448705164,2.122590103681432e-13,0.0,0.0,0.0,False
S3E,92,6,36,9675.359129943885,0.0,241.1560472732316,0.0,318.61097924079365,918.9870757114037,0.0,918.9870757114037,True
S3E,92,12,72,9249.001261986537,201.65564550357794,8.526512829121202e-14,40.98499753126099,9.277698609366779e-14,0.0,0.0,0.0,False
S3E,92,18,108,10759.68133698092,0.0,128.60666053391566,0.0,196.0101721891848,627.12950483965,0.0,627.12950483965,True
S3E,93,6,36,3353.6146385802467,58.32820491064126,0.0,12.112060064714665,0.0,0.0,0.0,0.0,False
S3E,93,12,72,10800.0,0.0,123.13072359987422,0.0,157.48308713962712,500.7809191067999,0.0,500.7809191067999,True
S3E,93,18,108,9895.95415822943,0.0,102.98475763087811,0.0,133.75857836042775,403.8768167269451,1.4027534689375898e-13,403.876816726945,True
S3E,94,6,36,2696.3861753535516,15.470855921141492,426.8256848398295,3.2125784850818513,520.5661671680278,1735.2205572267585,8.882494739737012e-14,1735.2205572267585,True
S3E,94,12,72,10800.0,135.51709224343142,0.0,28.140608193963804,0.0,0.0,0.0,0.0,False
S3E,94,18,108,9574.390634499401,1.1368683772161603e-13,908.1898455972065,7.797211765137036e-14,1281.581066366456,3859.4804424038775,0.0,3859.4804424038775,True
S3E,95,6,36,9728.984091313572,0.0,316.40140962174644,0.0,445.41730253214064,2046.2148988198055,0.0,2046.2148988198055,True
S3E,95,12,72,8167.911458346432,133.9733532797311,292.18029138538,27.229079253958773,370.1049274895645,2038.2497127044282,1.6654666978865863e-11,2038.2497127044116,True
S3E,95,18,108,10800.0,353.00611275810456,0.0,70.00855210247515,0.0,0.0,0.0,0.0,False
S3E,96,6,36,9047.505493534762,43.4860236564557,3053.944459525732,8.838208163057514,3075.670604557469,19174.79029682678,0.0,19174.79029682678,True
S3E,96,12,72,6701.383237258192,283.4141552217627,0.0,57.60180144259879,0.0,0.0,0.0,0.0,False
S3E,96,18,108,10790.432770731499,289.2752616332534,0.0,57.9812627552339,0.0,0.0,0.0,0.0,False
S3E,97,6,36,9928.954157779714,68.8451279186761,187.70722343510124,13.99225591103775,266.54365904716525,1309.4455906832711,3.9653968997299674e-12,1309.4455906832673,True
S3E,97,12,72,7912.759684936416,243.85643296220542,0.0,49.5619910763221,0.0,0.0,0.0,0.0,False
S3E,97,18,108,10735.282654179096,0.0,393.50432057935694,0.0,519.8153731434953,1496.7915115559101,0.0,1496.7915115559101,True
S3E,98,6,36,9925.939026028016,355.62182681303113,2.2737367544323206e-12,72.27746913604751,3.1960780688677914e-12,0.0,0.0,0.0,False
S3E,98,12,72,5341.500955236688,145.80211670817982,803.2830505232441,29.633186705065974,612.2365905754946,4538.999073964653,2.2206222638487816e-11,4538.999073964631,True
S3E,98,18,108,10616.152914197159,0.0,475.3794558395118,0.0,632.7737149008774,1821.1875931777897,0.0,1821.1875931777897,True
S3E,99,6,36,9836.991445520041,67.29356008632413,1260.1511646540857,13.676911385884974,866.5133047266829,7051.21110295038,0.0,7051.21110295038,True
S3E,99,12,72,6384.749978112634,62.19454568587241,2.2737367544323206e-12,12.640574951541623,3.3306776003882986e-12,0.0,0.0,0.0,False
S3E,99,18,108,10779.346909149801,0.0,110.945251464658,0.0,96.21931285121073,152.80997239416402,0.0,152.80997239416402,True
S3E,100,6,36,2264.7762552161553,0.0,1801.984570070476,0.0,2291.3252130798905,7765.411633377615,4.558948774047167e-12,7765.41163337761,True
S3E,100,12,72,10800.0,335.30187272023795,0.0,69.6266313770458,0.0,0.0,0.0,0.0,False
S3E,100,18,108,9967.143783023888,99.79345949100656,0.0,20.72246826852006,0.0,0.0,0.0,0.0,False
S3E,101,6,36,2768.3584926572066,8.474352996682,0.0,1.7597296653074475,0.0,0.0,0.0,0.0,False
S3E,101,12,72,10800.0,0.0,191.89630227316184,0.0,223.08279211575461,606.7325758411979,0.0,606.7325758411979,True
S3E,101,18,108,9905.055518518519,0.0,191.2803505071443,0.0,244.67396901642158,729.1575443706432,0.0,729.1575443706432,True
S3E,102,6,36,9873.187549958391,178.28575106564676,0.0,36.23524176095951,0.0,0.0,0.0,0.0,False
S3E,102,12,72,5496.961660212765,110.98815395989027,18.214838294640458,22.55750988119299,19.718473195862977,127.06671194343087,3.64816514775157e-11,127.0667119433944,True
S3E,102,18,108,10194.327964673621,0.0,873.8343748858554,0.0,1397.638138220211,4573.030509247137,0.0,4573.030509247137,True
S3E,103,6,36,9410.528901457066,0.0,355.7560297472771,0.0,449.38741011722107,1272.6609450605192,5.0875996748800395e-12,1272.6609450605142,True
S3E,103,12,72,7360.491583805557,474.04742584825874,0.0,96.34658394796472,0.0,0.0,0.0,0.0,False
S3E,103,18,108,10800.0,173.80968594260776,3.410605131648481e-13,35.325515095190454,6.426091658795485e-13,0.0,0.0,0.0,False
S3E,104,6,36,8936.958761237041,184.4838546314047,2915.4779623001605,37.494959824924834,2750.4029843372523,18030.177891798507,2.4585460778325796e-11,18030.17789179848,True
S3E,104,12,72,7881.419088423954,9.094947017729282e-13,72.76445725146414,1.9444996723905205e-13,42.11970608001002,0.0,0.0,0.0,False
S3E,104,18,108,10485.508086546759,0.0,567.656632164745,0.0,825.9724964426015,2549.9218504425216,0.0,2549.9218504425216,True
S3E,105,6,36,9673.51369178962,92.31842877640372,2014.9087788021068,18.763028260588495,2384.8707133550265,13155.373824416838,0.0,13155.373824416838,True
S3E,105,12,72,6432.898123342113,81.3375397109337,0.0,16.531244914699233,0.0,0.0,0.0,0.0,False
S3E,105,18,108,10800.0,90.48091282261225,1.1368683772161603e-13,18.389566924349563,2.1420305529318284e-13,0.0,0.0,0.0,False
S3E,106,6,36,7654.275170120937,116.93098285039707,4646.2838264431475,23.765345281971733,3368.853545074082,25408.833286383022,0.0,25408.833286383022,True
S3E,106,12,72,6472.828400679306,135.7117785232963,0.0,27.582401146523054,0.0,0.0,0.0,0.0,False
S3E,106,18,108,10784.627483036986,0.0,26.2646737575036,0.0,15.203306404531144,0.0,0.0,0.0,False
S3E,107,6,36,2275.805953705206,36.83247649090731,431.71938848403465,7.648395287895822,537.4248744787428,1791.4162482624747,0.0,1791.4162482624747,True
S3E,107,12,72,10800.0,88.94829809175093,0.0,18.470431771245323,0.0,0.0,0.0,0.0,False
S3E,107,18,108,10023.428534555858,70.44897007170715,0.0,14.628980238854604,0.0,0.0,0.0,0.0,False
S3E,108,6,36,2719.272934853801,45.37970666866022,1.1368683772161603e-13,9.42325816012826,1.949246097865398e-13,0.0,0.0,0.0,False
S3E,108,12,72,10800.0,0.0,700.8817715808864,0.0,962.4007001672501,3456.451097287596,0.0,3456.451097287596,True
S3E,108,18,108,10024.576329393376,151.05550873968218,0.0,31.367215873754795,0.0,0.0,0.0,0.0,False
S3E,109,6,36,9146.319023748445,0.0,2066.2346719837515,0.0,1682.2380383560835,11492.80938029039,4.2826286517083646e-11,11492.809380290346,True
S3E,109,12,72,5722.4151844411945,85.28986023818015,376.83276881516264,17.334524419638143,455.664753724741,2628.785395254581,6.344635039567947e-12,2628.7853952545747,True
S3E,109,18,108,10784.81566750383,370.3158412883772,0.0,74.58464996091024,0.0,0.0,0.0,0.0,False
S3E,110,6,36,9423.070555707012,0.0,415.55755862370097,0.0,528.8669774425197,1495.7275865953989,0.0,1495.7275865953989,True
S3E,110,12,72,7135.458884497747,141.4562357221085,2.2737367544323206e-13,28.749918988751364,3.0611886359110945e-13,0.0,0.0,0.0,False
S3E,110,18,108,10790.321642897914,174.43702686120105,0.0,35.45301743183766,0.0,0.0,0.0,0.0,False
S3E,111,6,36,9020.877993706286,0.0,5007.882780470589,0.0,4558.05337029414,29575.1846588022,0.0,29575.1846588022,True
S3E,111,12,72,6627.208359802914,0.0,48.76001002854582,0.0,63.9138593833432,182.94750303998393,0.0,182.94750303998393,True
S3E,111,18,108,10800.0,258.47079883544984,1.1368683772161603e-13,52.532251332313926,2.1420305529318284e-13,0.0,0.0,0.0,False
S3E,112,6,36,6999.584297592583,0.0,5111.320735127423,0.0,4616.148786312141,28775.19019518174,4.494378202934968e-13,28775.19019518174,True
S3E,112,12,72,6232.995239444792,43.376712370479254,0.0,8.815991463957205,0.0,0.0,0.0,0.0,False
S3E,112,18,108,10800.0,75.9401214992663,4.547473508864641e-13,15.434260143814635,8.568122211727314e-13,0.0,0.0,0.0,False
S3E,113,6,36,8196.47314651234,83.66696237979704,135.74263275532883,17.004682601477587,164.1421913963067,946.9406061006687,0.0,946.9406061006687,True
S3E,113,12,72,5837.920945216046,70.1538383205127,662.0878856377713,14.258241484872945,848.4322263207138,4618.725090209087,0.0,4618.725090209087,True
S3E,113,18,108,10685.257444400397,0.0,566.4419195820752,0.0,715.3286535221595,1974.3886519292248,0.0,1974.3886519292248,True
S3E,114,6,36,2111.5985724845696,44.54782684113411,92.49252273220932,9.250515342943075,114.20878335689201,380.6959445229725,0.0,380.6959445229725,True
S3E,114,12,72,10800.0,0.0,0.0,0.0,0.0,0.0,0.0,0.0,False
S3E,114,18,108,10021.69876044753,0.0,529.7934010075427,0.0,546.9251139091905,1283.7162913432703,0.0,1283.7162913432703,True
S3E,115,6,36,1879.6127747685152,0.0,310.01059514010393,0.0,390.8677045212535,1293.9718874845323,0.0,1293.9718874845323,True
S3E,115,12,72,10800.0,5.684341886080802e-14,399.44071143425947,3.8320990825013725e-14,512.9696464936937,1640.5944601274994,0.0,1640.5944601274994,True
S3E,115,18,108,10116.817161369567,249.0795970451386,0.0,50.78493896903683,0.0,0.0,0.0,0.0,False
S3E,116,6,36,7039.013956990742,161.41142902139063,2434.6359399031044,32.805662362879985,2231.724511576428,13478.39867177722,3.1723175197839737e-12,13478.398671777217,True
S3E,116,12,72,6439.187836697267,169.92464645812265,1.1368683772161603e-13,34.535909957764936,1.5463683666894213e-13,0.0,0.0,0.0,False
S3E,116,18,108,9756.3675831493,0.0,1546.2539513578597,0.0,2590.757862117621,8540.872974591086,0.0,8540.872974591086,True
S3E,117,6,36,9831.093901018521,246.33301204838222,1769.558254633133,50.065337201244674,1273.2704258656354,9827.314610209203,0.0,9827.314610209203,True
S3E,117,12,72,7043.253915808717,0.0,756.0865007476118,0.0,884.6468314104192,2760.588643251448,0.0,2760.588643251448,True
S3E,117,18,108,10759.487966270706,150.11865865471395,0.0,30.5104914816307,0.0,0.0,0.0,0.0,False
S3E,118,6,36,7167.448584691547,97.51452062875956,570.8693298513766,19.819094958891032,751.3455297929645,3982.3844450431707,0.0,3982.3844450431707,True
S3E,118,12,72,7071.075703765622,0.0,952.9348840548046,0.0,1173.670882111446,5532.122844221154,3.9653968997299674e-12,5532.12284422115,True
S3E,118,18,108,10800.0,513.558461931925,0.0,103.71296793734284,0.0,0.0,0.0,0.0,False
S3E,119,6,36,5618.814878333334,344.74748996405356,485.8437578065308,70.06734172901918,562.657495404684,2717.795025464591,0.0,2717.795025464591,True
S3E,119,12,72,4814.981234999998,0.0,2328.0538947796176,0.0,1751.220551007736,10174.539867252204,3.1723175197839737e-12,10174.5398672522,True
S3E,119,18,108,10800.0,291.00681173457906,0.0,59.14495193396558,0.0,0.0,0.0,0.0,False
S3E,120,6,36,7054.229300092593,204.9825263661287,1465.3155660505145,41.66116111496816,1726.3750056625222,7967.559565546361,0.0,7967.559565546361,True
S3E,120,12,72,6712.959825058257,172.27981150781056,0.0,35.01457959037703,0.0,0.0,0.0,0.0,False
S3E,120,18,108,10127.001760324074,0.0,2537.966388642028,0.0,3674.198413044671,11010.83820449243,0.0,11010.83820449243,True
S3E,121,6,36,2625.995747685188,0.0,255.52643389841876,0.0,300.04408480464065,932.2387592899472,0.0,932.2387592899472,True
S3E,121,12,72,10800.0,43.702165636726875,0.0,9.074910773629366,0.0,0.0,0.0,0.0,False
S3E,121,18,108,9629.067013506381,0.0,1831.9971791819432,0.0,2443.7159272096924,7091.376550162655,0.0,7091.376550162655,True
S3E,122,6,36,2391.7029960648224,0.0,155.5626924986164,0.0,175.48420157299486,482.7252294826934,5.749711817770731e-14,482.72522948269335,True
S3E,122,12,72,10800.0,0.0,239.54080848950508,0.0,311.22750805431724,980.1959457795015,0.0,980.1959457795015,True
S3E,122,18,108,9757.428132207475,0.0,1383.6977129715299,0.0,1784.7659463083355,5077.705174012441,0.0,5077.705174012441,True
S3E,123,6,36,9011.212544444448,2.0277011175111284,118.41111255576914,0.41211504723931053,165.52744527977148,826.0359211890709,3.0930095817893746e-11,826.03592118904,True
S3E,123,12,72,7824.121487592596,0.0,86.76642650444501,0.0,88.66251883996709,196.66276955989713,1.1664212706818945e-11,196.66276955988548,True
S3E,123,18,108,10508.031882348207,0.0,2048.1110675380405,0.0,2956.4822255199515,9040.720645130326,0.0,9040.720645130326,True
S3E,124,6,36,9875.366965185185,79.80517214738347,3.410605131648481e-13,16.219802700165154,4.639105100068264e-13,0.0,0.0,0.0,False
S3E,124,12,72,5829.193635308646,0.0,129.76213811045102,0.0,121.14187639329083,231.60401937951184,0.0,231.60401937951184,True
S3E,124,18,108,10284.88473324075,0.0,2001.6028227286047,0.0,3017.1076962581124,9414.401505171405,7.930793799459934e-13,9414.401505171405,True
S3E,125,6,36,5709.184121203708,0.0,5578.336970137609,0.0,5327.089833843922,28684.94102194398,1.5861587598919868e-12,28684.94102194398,True
S3E,125,12,72,5844.980427358603,0.0,763.6089592744456,0.0,1069.0639492925084,5099.269927133051,0.0,5099.269927133051,True
S3E,125,18,108,10237.419588944747,0.0,1578.656604083117,0.0,2466.6433059412248,7842.669316871854,0.0,7842.669316871854,True
S3E,126,6,36,6991.980103935186,0.0,4405.351273229857,0.0,3951.0582678931714,24574.464730599233,8.494794201396872e-12,24574.464730599226,True
S3E,126,12,72,5465.640525260783,126.85004340171628,0.0,27.05229560333994,0.0,0.0,0.0,0.0,False
S3E,126,18,108,10313.862769050143,0.0,2283.5513998331453,0.0,3352.551697952304,10243.834930031735,0.0,10243.834930031735,True
S3E,127,6,36,9811.169742098768,0.0,387.73231599397633,0.0,627.6426483021951,2409.9745190272893,0.0,2409.9745190272893,True
S3E,127,12,72,7423.123579691355,77.64713590348197,250.13379579426203,16.5591845054512,277.2854355675398,1731.2477896679839,0.0,1731.2477896679839,True
S3E,127,18,108,9815.91827395781,0.0,2094.512841581554,0.0,3347.5093095517736,10535.27360919636,0.0,10535.27360919636,True
S3E,128,6,36,2194.3190507870395,172.8851994405951,345.50414011473816,36.552881618993375,433.1890666840544,1459.131745902831,0.0,1459.131745902831,True
S3E,128,12,72,10800.0,0.0,851.6862981932718,0.0,1021.8809017386045,2932.6704944979697,0.0,2932.6704944979697,True
S3E,128,18,108,9747.981456689906,0.0,1102.181186373498,0.0,1516.9171796510886,4449.723949359834,0.0,4449.723949359834,True
S3E,129,6,36,2251.6931292423965,0.0,1095.2253633576008,0.0,1472.004420398915,5459.730041052484,8.14708300822531e-14,5459.730041052484,True
S3E,129,12,72,10800.0,320.44680155902364,0.0,67.75162963904957,0.0,0.0,0.0,0.0,False
S3E,129,18,108,10110.696962962962,1.1368683772161603e-13,575.7963287332317,7.658513823116664e-14,673.309641866627,1761.2147273929954,0.0,1761.2147273929954,True
S3E,130,6,36,9419.822680201989,0.0,2577.9166844724696,0.0,2513.936134161282,15169.120340734524,0.0,15169.120340734524,True
S3E,130,12,72,6472.261180722746,23.311736998775473,238.622809254829,4.971507958582845,387.17900854182085,1664.6327173616646,0.0,1664.6327173616646,True
S3E,130,18,108,10452.151254413644,0.0,1535.7936352181741,0.0,2261.099628139329,6975.073796466356,0.0,6975.073796466356,True
S3E,131,6,36,5383.480446356706,73.25560350080684,7647.207776925177,15.622637465148118,6505.370313508838,44501.285387058495,1.1041834113711956e-13,44501.285387058495,True
S3E,131,12,72,7519.377239506827,0.0,125.05610753934207,0.0,133.7047221616269,299.86445526462416,0.0,299.86445526462416,True
S3E,131,18,108,10384.426742276519,0.0,1594.2732366309829,0.0,2408.5632821602744,7528.233746327067,0.0,7528.233746327067,True
S3E,132,6,36,10007.732608019267,0.0,1338.0599238047103,0.0,1789.7478459131958,8777.36565414364,0.0,8777.36565414364,True
S3E,132,12,72,8977.30834569034,0.0,115.66321626429738,0.0,122.35842859602722,762.4892008490576,1.5861587598919868e-12,762.489200849056,True
S3E,132,18,108,10416.824798759693,0.0,1510.0360970867832,0.0,2260.0041324271574,6993.199827303571,0.0,6993.199827303571,True
S3E,133,6,36,9419.256583823868,0.0,4196.891058504328,0.0,2933.3189321462896,22883.02926688205,2.537854015827179e-11,22883.029266882026,True
S3E,133,12,72,7983.691309364633,13.056094427915923,2.842170943040401e-14,2.784368979445648,3.0767921543883855e-14,0.0,0.0,0.0,False
S3E,133,18,108,10660.333678237334,0.0,1016.660027976365,0.0,1427.2398089544472,4277.065813580841,0.0,4277.065813580841,True
S3E,134,6,36,7296.326522636802,8.459055637612778,5717.348209349853,1.803995233246309,4398.091700763693,32182.733336809393,1.2118519521209237e-11,32182.733336809382,True
S3E,134,12,72,7106.985104839222,0.0,189.0995356747161,0.0,235.66304926101455,642.0843209268048,0.0,642.0843209268048,True
S3E,134,18,108,10800.0,73.95599673319418,0.0,15.772004735495926,0.0,0.0,0.0,0.0,False
S3E,135,6,36,1623.675252872593,0.0,249.53306633051608,0.0,322.0367698572827,1073.5122820400934,0.0,1073.5122820400934,True
S3E,135,12,72,10800.0,2.2737367544323206e-13,0.0,1.531020643597003e-13,0.0,0.0,0.0,0.0,False
S3E,135,18,108,10298.062381871836,2.2737367544323206e-13,0.0,1.531020643597003e-13,0.0,0.0,0.0,0.0,False
S3E,136,6,36,1301.955070415296,0.0,530.9507232935977,0.0,680.8170015581304,2190.8042837936364,0.0,2190.8042837936364,True
S3E,136,12,72,10800.0,0.0,446.12349532114155,0.0,577.3950872022979,1873.1806404617073,0.0,1873.1806404617073,True
S3E,136,18,108,10083.771013741483,83.21415623626274,205.23563496338198,17.581246998620752,376.3816309593462,1254.6054365311563,2.4323867364728356e-12,1254.6054365311538,True
S3E,137,6,36,9522.619676436165,0.0,700.807790723397,0.0,1025.1725204150623,3977.6307180040753,0.0,3977.6307180040753,True
S3E,137,12,72,7928.799197667529,136.41015143045416,7.617018127348274e-12,28.835584543240458,8.8707793111098e-12,0.0,0.0,0.0,False
S3E,137,18,108,10800.0,96.39198102744479,7.958078640513122e-13,20.37618966814499,1.4994213870522799e-12,0.0,0.0,0.0,False
S3E,138,6,36,9082.121212679362,107.22889869491962,496.2064461959062,22.66699319201413,600.5819729300185,3461.536168662636,1.4275428839027881e-11,3461.536168662622,True
S3E,138,12,72,8032.5290297164,0.0,206.46569450975335,0.0,225.60323644952956,1155.0170886211065,0.0,1155.0170886211065,True
S3E,138,18,108,10618.036519780899,0.0,496.00422748501927,0.0,721.7433650149067,2224.8908286657497,0.0,2224.8908286657497,True
S3E,139,6,36,8388.385912849177,215.62930994491091,4043.43629246472,45.581631071548905,3212.506846466881,23420.958571143427,7.930793799459934e-13,23420.958571143427,True
S3E,139,12,72,6950.224963749849,0.0,63.34495658549531,0.0,40.62945515393669,0.0,0.0,0.0,False
S3E,139,18,108,10540.019725611804,0.0,537.5160765384638,0.0,699.0858727378161,1903.2256711999032,7.930793799459934e-13,1903.2256711999025,True
S3E,140,6,36,5179.566520815035,63.66967756865256,7130.754474892965,13.454370227235819,6511.551044879852,41392.41908046854,4.18420853520729e-13,41392.41908046854,True
S3E,140,12,72,6441.704716549508,43.2901466323284,0.0,9.147865706633414,0.0,0.0,0.0,0.0,False
S3E,140,18,108,10760.660251400453,30.07982783247712,0.0,6.356324634961304,0.0,0.0,0.0,0.0,False
S3E,141,6,36,7522.421915107153,55.11241134855868,671.3697589834312,11.646089860959046,623.2444477390155,4300.139200589342,8.723873179405928e-12,4300.139200589333,True
S3E,141,12,72,5742.466348440489,0.0,864.4592428100368,0.0,667.8562663530017,4222.870464128098,2.299930201843381e-11,4222.870464128076,True
S3E,141,18,108,10766.729097974094,265.8785025679786,1.3642420526593924e-12,56.18416718312265,1.917646841320675e-12,0.0,0.0,0.0,False
S3E,142,6,36,1641.8722764610873,24.521736143621297,226.10593407299365,5.161699515780112,295.0857897525765,1014.2567012528953,1.1817224532251203e-11,1014.2567012528834,True
S3E,142,12,72,10800.0,0.12930483314841013,676.3822547082274,0.027218003275045578,948.3156489327498,4161.328705703319,1.111948222387582e-11,4161.3287057033085,True
S3E,142,18,108,10131.751300613236,5.115907697472721e-13,260.2119830756781,3.445620677666739e-13,356.25504657668375,1003.8908230193779,0.0,1003.8908230193779,True
S3E,143,6,36,1332.5738308418981,134.466856775157,324.1068205080294,28.400811702937748,430.8430011569909,1436.1433371899693,1.8944695812095345e-13,1436.143337189969,True
S3E,143,12,72,10800.0,0.0,40.53253896522199,0.0,25.967171088069463,0.0,0.0,0.0,False
S3E,143,18,108,10478.298148148147,2.2737367544323206e-13,0.0,4.8169113142648714e-14,0.0,0.0,0.0,0.0,False
S3E,144,6,36,9160.282276980783,0.0,1486.550132344781,0.0,1640.1954047367626,9106.887892170698,0.0,9106.887892170698,True
S3E,144,12,72,8750.681741135591,0.0,137.93354375015429,0.0,183.03546983936798,528.4767801791061,7.930793799459935e-12,528.4767801790981,True
S3E,144,18,108,10655.919284382691,2.136723024310072,141.2823697829341,0.4515220390458496,282.31501535008005,985.5858116057316,0.0,985.5858116057316,True
S3E,145,6,36,6973.691020110247,0.0,6633.269342629514,0.0,5361.247281840129,35752.68094099636,0.0,35752.68094099636,True
S3E,145,12,72,6173.242650820106,253.70042383140157,79.65432113722154,53.61075412002576,78.85777792585307,555.6685442531499,0.0,555.6685442531499,True
S3E,145,18,108,10632.314535242107,0.0,108.83438222307228,0.0,80.26023301580207,54.883794341776714,4.758476279675961e-12,54.88379434177195,False
S3E,146,6,36,4962.191207560943,41.02190878494616,7459.788716311821,8.668552587284012,6481.262057156632,43202.11116471764,5.302968730802604e-12,43202.11116471763,True
S3E,146,12,72,6994.302763827632,32.70904355504592,0.0,6.911917863828821,0.0,0.0,0.0,0.0,False
S3E,146,18,108,10766.54788194676,198.44084271916472,0.0,41.933565051780064,0.0,0.0,0.0,0.0,False
S3E,147,6,36,9380.101084358053,94.0046250673272,896.6158160415104,19.86460552377443,1052.1421414025021,6036.016702909198,1.3482349459081888e-11,6036.0167029091845,True
S3E,147,12,72,5442.799148798733,0.0,173.7611516410352,0.0,176.31612157947626,593.2459033478932,0.0,593.2459033478932,True
S3E,147,18,108,10733.537106083266,8.946044871582444,43.038646577562986,1.8909723576057411,83.15712098483833,300.23759852508016,2.3792381398379804e-12,300.2375985250778,True
S3E,148,6,36,9128.438633432463,0.0,7803.725951938127,0.0,6450.026573800231,44009.66440502867,0.0,44009.66440502867,True
S3E,148,12,72,8145.4526855013355,113.06713781120487,0.0,23.892804090385933,0.0,0.0,0.0,0.0,False
S3E,148,18,108,10684.454787402174,0.0,282.34680322324584,0.0,445.61411042559706,1384.5598805932373,0.0,1384.5598805932373,True
S3E,149,6,36,1890.8285034886285,26.578562577190837,457.468449303165,5.613671422034546,623.9269402218353,2688.8508715045486,8.882494739737012e-13,2688.8508715045477,True
S3E,149,12,72,10800.0,9.06768811690631,0.0,1.9151909174160173,0.0,0.0,0.0,0.0,False
S3E,149,18,108,10354.780832440072,55.89879432319594,0.0,11.806412152914037,0.0,0.0,0.0,0.0,False
S3E,150,6,36,2333.214754272275,0.0,2.8421709430404007e-13,0.0,5.530637281481176e-13,0.0,0.0,0.0,False
S3E,150,12,72,10800.0,5.684341886080802e-14,0.0,3.474838194961194e-14,0.0,0.0,0.0,0.0,False
S3E,150,18,108,10446.5375,228.4181780997671,0.0,48.24431701104589,0.0,0.0,0.0,0.0,False
S3E,151,6,36,8348.815006817067,0.0,2216.8495804342847,0.0,2647.5216549445086,10320.732604464654,0.0,10320.732604464654,True
S3E,151,12,72,7421.167368110874,0.0,645.7396722379198,0.0,852.2536740295129,2358.2017642616634,0.0,2358.2017642616634,True
S3E,151,18,108,10317.824764956244,0.0,2550.2949325637524,0.0,3824.561791771988,11528.97083609025,0.0,11528.97083609025,True
S3E,152,6,36,8189.047336958383,0.0,959.3069168296237,0.0,1256.896794602479,4508.823960977745,0.0,4508.823960977745,True
S3E,152,12,72,7408.734615269695,0.0,108.09857605035276,0.0,150.30884602638577,444.38112385239964,1.0310031939297915e-11,444.38112385238935,True
S3E,152,18,108,9154.03291139098,0.0,4468.844446286795,0.0,7127.549698153195,21882.02751649039,3.9653968997299674e-12,21882.027516490387,True
S3E,153,6,36,8246.19235640302,0.0,7330.765709458556,0.0,8514.749774675905,40168.95068216699,9.787441968001077e-13,40168.95068216699,True
S3E,153,12,72,8730.54057167946,126.17862086380035,0.0,26.590717196756668,0.0,0.0,0.0,0.0,False
S3E,153,18,108,10407.308319080266,0.0,3740.2409600251085,0.0,5391.325098036096,15772.35336980813,0.0,15772.35336980813,True
S3E,154,6,36,7671.732308855469,0.0,1200.3242913304134,0.0,1681.4983717111572,5011.358769990591,7.930793799459934e-13,5011.35876999059,True
S3E,154,12,72,8744.635946818618,173.4550311007455,0.0,36.653683438082176,0.0,0.0,0.0,0.0,False
S3E,154,18,108,10213.088754537333,0.0,2417.762678103005,0.0,3682.3977262052726,11168.204884859664,0.0,11168.204884859664,True
S3E,155,6,36,7877.492677225214,0.0,6922.674031835637,0.0,8229.341549691037,37080.22073984472,2.3792381398379804e-12,37080.22073984472,True
S3E,155,12,72,7828.649670633072,72.66671878927627,76.73135649085964,15.35558173253272,90.39565462639192,535.2779428802329,1.1103111319243908e-11,535.2779428802218,True
S3E,155,18,108,9262.661558301184,0.0,3879.2660676050814,0.0,6184.870410478073,18968.09287814205,0.0,18968.09287814205,True
S3E,156,6,36,1200.0,0.0,1780.1184904840006,0.0,2293.1417638748358,7361.622564747993,2.6625457394402475e-13,7361.622564747993,True
S3E,156,12,72,8742.427060957254,295.824780034177,1.1482370609883219e-11,62.48129893347711,1.6140194247782348e-11,0.0,0.0,0.0,False
S3E,156,18,108,8878.448992322661,0.0,5113.394822653732,0.0,7619.526599109593,23890.08138094922,1.5861587598919868e-12,23890.08138094922,True
S3E,157,6,36,3496.883154160235,0.0,1109.4584538739912,0.0,1499.135162410061,4637.220935146349,0.0,4637.220935146349,True
S3E,157,12,72,7635.228439900975,179.5634926877753,349.9572447333163,37.944494179539774,485.71777220226284,2441.3017392596234,2.3792381398379804e-12,2441.301739259621,True
S3E,157,18,108,9271.768437907895,0.0,4506.740626526759,0.0,6525.026835544456,20191.67946206928,0.0,20191.67946206928,True
S3E,158,6,36,9278.478866895766,37.96250255814357,2106.060073231913,8.024849620861426,2201.760234567502,13117.849854569846,0.0,13117.849854569846,True
S3E,158,12,72,9344.773313295196,0.0,84.48651048928889,0.0,87.37984861268237,355.1127671715776,1.0310031939297915e-11,355.1127671715673,True
S3E,158,18,108,9689.172288345411,0.0,3969.9719527990137,0.0,6131.593085158343,18579.445279989526,0.0,18579.445279989526,True
S3E,159,6,36,8746.062643216737,0.0,492.4461391841666,0.0,646.3265019822592,1758.7431911916622,0.0,1758.7431911916622,True
S3E,159,12,72,7724.246952982391,322.38638231934067,0.0,68.75276885302337,0.0,0.0,0.0,0.0,False
S3E,159,18,108,10613.141159846606,0.0,1999.1126537509554,0.0,2856.4808347168687,8301.415515807877,0.0,8301.415515807877,True
S3E,160,6,36,8874.365272166295,0.0,2492.2364509690105,0.0,2906.400082858275,13537.626382472481,0.0,13537.626382472481,True
S3E,160,12,72,6708.0115550939145,229.43594347029648,1498.2593451914934,48.92997115604984,1377.4620696525012,8643.10965706922,0.0,8643.10965706922,True
S3E,160,18,108,9904.794045637398,0.0,1959.3416671049736,0.0,3042.1151513561126,9198.606439573534,0.0,9198.606439573534,True
S3E,161,6,36,9276.032043622306,108.04154703515064,2141.4024814981162,22.83877798715679,2505.6297441691227,9686.203026839703,0.0,9686.203026839703,True
S3E,161,12,72,5677.527089774079,0.0,159.8379403055652,0.0,101.43215623479347,400.1371142584847,0.0,400.1371142584847,True
S3E,161,18,108,9594.177937489938,0.0,3529.6716306389294,0.0,5541.811974797732,16910.134744200834,0.0,16910.134744200834,True
S3E,162,6,36,9299.300671004206,98.78169023439841,949.4447152703298,21.066382105646873,809.5074888583413,5645.616186065209,1.9826984498649836e-11,5645.616186065189,True
S3E,162,12,72,7103.492758707833,0.0,155.03388369928916,0.0,136.51149492349168,197.5513098589497,7.930793799459935e-12,197.55130985894178,True
S3E,162,18,108,9202.59185358834,0.0,3133.988252120431,0.0,5240.459261799952,16479.859844686493,0.0,16479.859844686493,True
S3E,163,6,36,2362.0878511924234,0.0,1069.2216955578356,0.0,1294.7422396109744,4199.428373721876,4.228505101622205e-12,4199.428373721871,True
S3E,163,12,72,7580.485058484837,0.0,822.669684974649,0.0,1168.5930421681746,4133.746129634093,7.930793799459934e-13,4133.7461296340925,True
S3E,163,18,108,10068.449913527471,0.0,1887.959843027622,0.0,2881.599212896922,9392.021890581898,0.0,9392.021890581898,True
S3E,164,6,36,1799.784933369802,190.75180132446332,577.9017074462445,40.68011313135388,726.6985867527912,2422.3641493983787,0.0,2422.3641493983787,True
S3E,164,12,72,9779.191590000002,80.51881516607693,0.0,17.17160460564681,0.0,0.0,0.0,0.0,False
S3E,164,18,108,10356.503590925928,0.0,2006.3929754481007,0.0,2749.518728509091,8286.250938979118,0.0,8286.250938979118,True
S3E,165,6,36,10106.652981762065,57.57530592658077,4458.452230479038,12.278625640245462,3386.6254593570557,24893.373285092377,1.4275428839027881e-11,24893.373285092362,True
S3E,165,12,72,6808.90336869535,25.56494359370197,223.94744599204165,5.452031332692626,271.21821131900987,1526.6820697705782,8.723873179405928e-12,1526.6820697705696,True
S3E,165,18,108,10700.210260300222,0.0,323.3836976979384,0.0,395.68566247180655,977.6681103899784,0.0,977.6681103899784,True
S3E,166,6,36,9970.955619528619,17.01681491539182,2864.3755658722544,3.4585400054560287,2390.5950442906615,15492.78024089058,2.124617703991305e-12,15492.780240890579,True
S3E,166,12,72,6625.5932506014815,0.0,454.44984689244075,0.0,621.2555688250891,1768.9346095957776,0.0,1768.9346095957776,True
S3E,166,18,108,10761.215504259124,535.5549202153986,3.410605131648481e-13,108.84752087187839,3.7941276787023524e-13,0.0,0.0,0.0,False
S3E,167,6,36,10093.695686868687,166.13310061570655,3977.8432288370814,33.76530670188873,3614.189408818889,23344.287180516836,0.0,23344.287180516836,True
S3E,167,12,72,6769.350303287382,0.0,210.45251954061237,0.0,159.0204282068905,153.2905543010396,0.0,153.2905543010396,False
S3E,167,18,108,10795.037838383838,0.0,0.0,0.0,0.0,0.0,0.0,0.0,False
S3E,168,6,36,10130.678709034792,201.635108524462,3747.3728837459757,40.98082354432939,3546.9499582862286,22417.358629802427,4.314351826906204e-10,22417.358629801995,True
S3E,168,12,72,7590.240376673306,70.68388844060905,0.0,14.365970196401344,0.0,0.0,0.0,0.0,False
S3E,168,18,108,10757.048731200899,0.0,0.0,0.0,0.0,0.0,0.0,0.0,False
S3E,169,6,36,10061.137793490461,0.0,2302.2018506978043,0.0,2616.2438210424916,13793.948554767672,3.9653968997299674e-12,13793.948554767669,True
S3E,169,12,72,8638.699415701461,294.0926129157458,764.0097057480015,59.772117880557786,780.9068697260406,4491.16374443407,1.4275428839027881e-11,4491.163744434056,True
S3E,169,18,108,10602.816204520848,74.49240710588106,0.0,15.14002305121026,0.0,0.0,0.0,0.0,False
S3E,170,6,36,2657.4116612654307,251.0397067093743,0.0,53.53723319251088,0.0,0.0,0.0,0.0,False
S3E,170,12,72,10800.0,0.0,165.46895727976153,0.0,167.5526624951696,367.2865733013358,0.0,367.2865733013358,True
S3E,170,18,108,10800.0,837.2075708708137,0.0,179.18740029288466,0.0,0.0,0.0,0.0,False
S3E,171,6,36,2438.8346472979806,200.82122524447323,0.0,40.815407871749954,0.0,0.0,0.0,0.0,False
S3E,171,12,72,10800.0,0.0,100.00858678741935,0.0,144.05014913152283,474.36118754754153,0.0,474.36118754754153,True
S3E,171,18,108,10800.0,473.7274374565061,0.0,96.28154870725393,0.0,0.0,0.0,0.0,False
S3E,172,6,36,9855.520396372043,142.50148338230315,3393.964480941384,28.962357736327792,3955.4126232449044,21113.557756216105,0.0,21113.557756216105,True
S3E,172,12,72,8109.477723883272,0.0,62.553945729435895,0.0,48.29441558223968,66.04276455537214,0.0,66.04276455537214,True
S3E,172,18,108,10800.0,465.925661631758,3.410605131648481e-13,94.14950033019606,6.426091658795485e-13,0.0,0.0,0.0,False
S3E,173,6,36,10108.193055555555,280.17798742986975,895.6514824014181,56.94407461021539,752.0804677476152,5386.527122522548,0.0,5386.527122522548,True
S3E,173,12,72,8614.879318773854,4.547473508864641e-13,0.0,9.722498361952602e-14,0.0,0.0,0.0,0.0,False
S3E,173,18,108,10366.178894122117,132.0713885414275,31.833131538365706,26.842519185631037,63.984594392114786,222.06792561163203,0.0,222.06792561163203,True
S3E,174,6,36,10045.378005331087,34.442220394925585,555.2432754604044,7.000122978632582,599.769170745183,2301.3619284049773,6.501657878743572e-12,2301.361928404971,True
S3E,174,12,72,6402.67989055359,0.0,167.59592684108964,0.0,195.18416117012222,463.99371964355686,0.0,463.99371964355686,True
S3E,174,18,108,10784.893617283951,0.0,230.76416068784667,0.0,304.67344065039987,819.8977010098915,0.0,819.8977010098915,True
S3E,175,6,36,10128.783796296297,149.7901719638253,1765.7411034516763,30.44372902537669,1865.833404701798,10727.36702426212,4.83778421767056e-11,10727.36702426207,True
S3E,175,12,72,8220.013143075195,127.76501241343817,536.1491872391512,25.967280535435076,669.9527467852961,3738.4703770099936,0.0,3738.4703770099936,True
S3E,175,18,108,10614.980909304511,187.70947330039075,1.1368683772161603e-13,38.15054262725229,2.3792381398379803e-13,0.0,0.0,0.0,False
S3E,176,6,36,10106.175,386.15279412800123,1359.8100381637473,78.48265926056028,906.9639683939066,7617.15037801474,0.0,7617.15037801474,True
S3E,176,12,72,7705.084002295179,0.0,1199.8119972386467,0.0,1091.9130893031704,5504.078231937442,5.551555659621954e-12,5504.078231937437,True
S3E,176,18,108,10777.003903583207,123.99246178365513,1.1368683772161603e-13,24.99605490145113,2.3002826310403177e-13,0.0,0.0,0.0,False
S3E,177,6,36,3182.9602021851592,86.8686198450564,0.0,17.655395468858874,0.0,0.0,0.0,0.0,False
S3E,177,12,72,10800.0,619.0194385403436,0.0,125.81105823753579,0.0,0.0,0.0,0.0,False
S3E,177,18,108,10800.0,524.7271215887415,3.410605131648481e-13,106.64685200949978,2.2346284822560847e-13,0.0,0.0,0.0,False
S3E,178,6,36,2498.3469507631926,0.0,257.1321736772318,0.0,259.6863534022383,696.065460019831,0.0,696.065460019831,True
S3E,178,12,72,10480.324339373172,0.0,156.9505646348881,0.0,238.83360091651426,787.3498240511655,0.0,787.3498240511655,True
S3E,178,18,108,10800.0,582.5243371010235,0.0,118.2652074908559,0.0,0.0,0.0,0.0,False
S3E,179,6,36,9890.15558598382,0.0,4042.9153656101116,0.0,4501.602178237444,25152.260424910084,0.0,25152.260424910084,True
S3E,179,12,72,7010.269864349162,0.0,1844.1070768663462,0.0,1620.161388758607,10389.804584991545,0.0,10389.804584991545,True
S3E,179,18,108,10800.0,546.3927653482929,6.821210263296962e-13,110.93047351087537,1.3710632629226896e-12,0.0,0.0,0.0,False
S3E,180,6,36,10018.148750625704,167.58118161547952,401.42273460512513,34.05961830448434,564.629927873578,2800.324996605363,5.551555659621954e-12,2800.3249966053577,True
S3E,180,12,72,6737.266963327725,0.0,37.06315624331728,0.0,21.454007991444254,0.0,0.0,0.0,False
S3E,180,18,108,10800.0,150.71329616836647,4.547473508864641e-13,30.63134709649935,8.726374289835803e-13,0.0,0.0,0.0,False
S3E,181,6,36,6067.723078496076,0.0,16012.691083915028,0.0,18322.813661140968,82993.3473328577,0.0,82993.3473328577,True
S3E,181,12,72,7751.687292252191,0.0,860.5635962999713,0.0,992.3771793286891,4501.888780713544,9.516952559351921e-12,4501.888780713535,True
S3E,181,18,108,9659.281664640861,0.0,1760.8879654927268,0.0,3085.476931113006,9987.822447662269,0.0,9987.822447662269,True
S3E,182,6,36,4462.167107620662,0.0,15835.730699373244,0.0,16527.97175343854,79331.02146238936,8.535785411822872e-13,79331.02146238936,True
S3E,182,12,72,6887.758878901216,0.0,336.7941120878555,0.0,477.6055932235369,1574.0959150597153,0.0,1574.0959150597153,True
S3E,182,18,108,10311.681502965366,0.0,577.3124286854174,0.0,1086.973419337795,3681.791429985872,0.0,3681.791429985872,True
S3E,183,6,36,5610.042859701432,0.0,17512.37087019717,0.0,20348.176395104114,87881.02667838987,2.097308993143088e-12,87881.02667838987,True
S3E,183,12,72,8978.02168342478,13.793165285871169,53.133304020492005,2.8033573956140123,97.39260551538746,370.65792884694827,0.0,370.65792884694827,True
S3E,183,18,108,10456.013959901955,0.0,1736.4805789975396,0.0,2592.4351286065435,7762.201955231165,0.0,7762.201955231165,True
S3E,184,6,36,1200.0,0.0,6364.8547716099365,0.0,8520.077631471477,30714.900421383645,5.551555659621954e-12,30714.900421383638,True
S3E,184,12,72,10800.0,2.8474119475642965,0.0,0.5787151227528385,0.0,0.0,0.0,0.0,False
S3E,184,18,108,10558.538324414874,0.0,1833.8694405874126,0.0,2595.956435977385,7986.241680676122,0.0,7986.241680676122,True
S3E,185,6,36,1200.0,0.0,5663.9988331913155,0.0,7531.750126882166,25473.019718560765,0.0,25473.019718560765,True
S3E,185,12,72,10800.0,0.0,887.1219335728022,0.0,1213.9426229159214,4792.198858072439,0.0,4792.198858072439,True
S3E,185,18,108,10027.628492302636,0.0,1976.7454713532074,0.0,3099.2942740420735,9982.067749669772,0.0,9982.067749669772,True
S3E,186,6,36,5089.74697925132,0.0,22861.97003790211,0.0,24247.394189268613,114527.03960766448,0.0,114527.03960766448,True
S3E,186,12,72,8135.221074847521,0.0,197.175480398765,0.0,253.15002574830336,1210.396082611027,0.0,1210.396082611027,True
S3E,186,18,108,10766.333596761258,0.0,223.04685141479547,0.0,303.18253521506665,835.7695761480043,0.0,835.7695761480043,True
S3E,187,6,36,5046.076991900624,0.0,11021.118894509917,0.0,11274.665917399589,54134.19308331692,0.0,54134.19308331692,True
S3E,187,12,72,6379.529195107603,0.0,2779.9353763971517,0.0,3243.8866173521674,17177.18621402472,0.0,17177.18621402472,True
S3E,187,18,108,10800.0,0.0,110.84766402780826,0.0,145.45442928191122,388.6932841640395,0.0,388.6932841640395,True
S3E,188,6,36,7774.933287868762,0.0,4750.434534865152,0.0,6204.561895066525,24312.49470767872,3.9653968997299674e-12,24312.494707678718,True
S3E,188,12,72,6801.575026821498,296.7464647409324,601.279846046149,60.31149336010995,663.6507287150021,3904.4303397341273,4.758476279675961e-12,3904.4303397341228,True
S3E,188,18,108,9929.065307541208,0.0,1509.1706102477015,0.0,2347.1726015661698,7119.928388686925,0.0,7119.928388686925,True
S3E,189,6,36,7858.155212572683,0.0,4656.057798850541,0.0,5234.309272696229,23569.028879850193,0.0,23569.028879850193,True
S3E,189,12,72,7750.913210677245,0.0,1786.3635699505703,0.0,2563.320269583854,9812.568775263935,0.0,9812.568775263935,True
S3E,189,18,108,10686.741942003531,76.48540019898792,14.965247297082897,15.5450839499428,30.080147067136625,104.39756514445504,4.758476279675961e-12,104.39756514445028,True
S3E,190,6,36,7501.962584256347,0.0,8695.177136912884,0.0,9593.773528305408,46509.875618537364,0.0,46509.875618537364,True
S3E,190,12,72,6588.951050167636,0.0,368.11182939614207,0.0,484.3676807543482,1298.2522000413353,0.0,1298.2522000413353,True
S3E,190,18,108,10324.490467786138,0.0,410.8699814171031,0.0,815.9341656495905,2814.6181902364333,0.0,2814.6181902364333,True
S3E,191,6,36,1200.0,0.0,3871.9328386332145,0.0,5143.675394260692,16573.99843050614,3.1723175197839737e-12,16573.998430506137,True
S3E,191,12,72,8929.446225000002,48.65240206697524,0.0,10.375709201456656,0.0,0.0,0.0,0.0,False
S3E,191,18,108,10784.811523507597,2.0463630789890885e-12,2.2737367544323206e-13,4.3140744310221637e-13,1.4488250599242747e-13,0.0,0.0,0.0,False
S3E,192,6,36,1200.0,0.0,4092.1075065803743,0.0,5503.240141995049,20337.715899202027,0.0,20337.715899202027,True
S3E,192,12,72,9923.189278186053,0.0,594.8460069986122,0.0,756.0324608724679,3324.2656864831993,0.0,3324.2656864831993,True
S3E,192,18,108,10670.573229170495,0.0,486.42536655480404,0.0,713.5134064151448,2286.0476711027222,0.0,2286.0476711027222,True
S3E,193,6,36,8395.954668742095,0.0,1503.505192396223,0.0,1866.7743313770898,6473.510287324349,3.9653968997299674e-12,6473.510287324345,True
S3E,193,12,72,5137.056699998458,0.0,917.9024755949836,0.0,1234.390027098952,3396.17974258042,0.0,3396.17974258042,True
S3E,193,18,108,10794.084862554464,0.0,176.81896324527622,0.0,263.73434299577366,808.5763632382933,0.0,808.5763632382933,True
S3E,194,6,36,8635.52070622335,0.0,4131.484705797246,0.0,4430.085634987666,22353.26488692756,0.0,22353.26488692756,True
S3E,194,12,72,6928.287456067947,0.0,1183.841160791767,0.0,1660.8088785362957,7129.931981491662,0.0,7129.931981491662,True
S3E,194,18,108,10464.986946876437,0.0,1465.2116084882548,0.0,2218.3065650115823,6698.033409821026,0.0,6698.033409821026,True
S3E,195,6,36,10036.193055555555,498.69344485406975,4.547473508864641e-13,101.3557024657543,9.217501428793184e-13,0.0,0.0,0.0,False
S3E,195,12,72,9213.019460143098,160.16628889335607,6.980371836107224e-11,32.55259697040959,9.494701771473047e-11,0.0,0.0,0.0,False
S3E,195,18,108,10712.570839595961,483.54149865979434,1.0231815394945443e-12,98.27618304136335,2.0711070192191986e-12,0.0,0.0,0.0,False
S3E,196,6,36,9930.30357295174,0.0,309.2270995982509,0.0,405.0313499499465,1080.1980522072865,3.9653968997299674e-12,1080.1980522072827,True
S3E,196,12,72,7599.880583336138,383.37863935079974,0.0,77.91883310825887,0.0,0.0,0.0,0.0,False
S3E,196,18,108,10800.0,0.0,97.74868493221436,0.0,128.44512903150064,343.7638465187857,0.0,343.7638465187857,True
S3E,197,6,36,9819.967893828289,77.5377357787213,3117.863434417025,15.758963264334236,3106.1320955621577,19041.429327527603,7.137714419513941e-12,19041.429327527596,True
S3E,197,12,72,6825.402776274299,426.1327516967047,1.2732925824820995e-11,86.60828578662556,1.7898037185659634e-11,0.0,0.0,0.0,False
S3E,197,18,108,10440.735829911484,336.2025535576381,55.4266391040552,68.33064749134562,111.40754459915095,386.65623438988825,0.0,386.65623438988825,True
S3E,198,6,36,3213.1737528451235,219.40907755836042,1.1368683772161603e-13,44.59324944566343,1.6833041627251078e-13,0.0,0.0,0.0,False
S3E,198,12,72,9445.922715252529,223.06915415348817,0.0,45.33713256304033,0.0,0.0,0.0,0.0,False
S3E,198,18,108,10651.56821976431,243.58800186997792,0.0,49.507434470058996,0.0,0.0,0.0,0.0,False
S3E,199,6,36,2261.1575382660003,258.16468412033214,3.524291969370097e-12,52.47003581232972,4.793741936737206e-12,0.0,0.0,0.0,False
S3E,199,12,72,10800.0,90.03801353787367,0.0,18.299550966471283,0.0,0.0,0.0,0.0,False
S3E,199,18,108,10793.47328731762,52.51178433545397,0.0,10.6726263277985,0.0,0.0,0.0,0.0,False
S3E,200,6,36,10059.50925925926,467.09833692239226,0.0,94.93423374195027,0.0,0.0,0.0,0.0,False
S3E,200,12,72,8422.645059438837,405.73341493600356,123.06076751205364,82.46227358513104,138.38828944510254,858.4719141640633,0.0,858.4719141640633,True
S3E,200,18,108,10341.497839360138,0.0,981.8344206942656,0.0,1339.4208330386568,3740.285439063509,0.0,3740.285439063509,True
S3E,201,6,36,9872.308219416387,179.17996380160866,5.684341886080801e-13,36.41698379294874,1.1513861863932106e-12,0.0,0.0,0.0,False
S3E,201,12,72,8163.433971231764,270.48047933574946,0.0,54.97312882139622,0.0,0.0,0.0,0.0,False
S3E,201,18,108,10524.122441638609,204.13790835474003,141.55312918353184,41.48949883878832,282.7834614995115,987.4746291843229,0.0,987.4746291843229,True
S3E,202,6,36,9667.58744373738,0.0,10947.24583278377,0.0,10414.52765806636,62522.37472828199,0.0,62522.37472828199,True
S3E,202,12,72,8279.523763852401,0.0,200.07826600034537,0.0,266.81680035371824,726.4456601958773,0.0,726.4456601958773,True
S3E,202,18,108,10800.0,418.65363250671214,1.5916157281026244e-12,85.08821090474572,3.2198840926866976e-12,0.0,0.0,0.0,False
S3E,203,6,36,10039.511701604939,414.2210813313476,0.0,84.187328122488,0.0,0.0,0.0,0.0,False
S3E,203,12,72,9725.256994298541,61.65180987796202,19.50225722094649,12.530267969122031,34.845676888280856,136.04774637331082,0.0,136.04774637331082,True
S3E,203,18,108,10796.072591737033,318.94881635200545,2.2737367544323206e-13,64.8239548074227,4.592038749251515e-13,0.0,0.0,0.0,False
S3E,204,6,36,9805.740206604938,0.0,345.5229225109248,0.0,459.5306248919006,1247.3233553869352,0.0,1247.3233553869352,True
S3E,204,12,72,9692.769095224467,431.1549972312348,9.094947017729282e-13,87.62901952476925,1.8394928247289496e-12,0.0,0.0,0.0,False
S3E,204,18,108,10715.209540965208,233.43877195762138,2.0463630789890885e-12,47.44467960959696,4.137336873100139e-12,0.0,0.0,0.0,False
S3E,205,6,36,2306.105908900115,141.7202720924049,170.1491754256612,28.803582400740677,206.73178771234916,689.1059590411617,0.0,689.1059590411617,True
S3E,205,12,72,10800.0,87.74690141726,0.0,17.83389961129741,0.0,0.0,0.0,0.0,False
S3E,205,18,108,10726.17257444725,181.85710208135174,0.0,36.96109206976905,0.0,0.0,0.0,0.0,False
S3E,206,6,36,2708.3922070482636,131.02695881778288,337.0198422897109,26.630246677525154,469.2345353957603,2351.0504198130207,7.137714419513941e-12,2351.0504198130134,True
S3E,206,12,72,10800.0,114.56355779483806,0.0,23.284183895115515,0.0,0.0,0.0,0.0,False
S3E,206,18,108,10753.682283389451,257.965533949847,0.0,52.42956003379991,0.0,0.0,0.0,0.0,False
S3E,207,6,36,9504.346649915826,0.0,3012.203779226919,0.0,3845.099435157409,17617.787678795743,0.0,17617.787678795743,True
S3E,207,12,72,7999.924321077446,1070.4569963869262,0.0,217.56235608816982,0.0,0.0,0.0,0.0,False
S3E,207,18,108,10419.30485709117,918.2630276860859,1.1368683772161603e-13,186.63007340448985,2.2927792997506913e-13,0.0,0.0,0.0,False
S3E,208,6,36,9943.829138888888,308.4422548044239,1052.4338606502265,62.68857497208872,1405.650065052793,7287.4866207227515,0.0,7287.4866207227515,True
S3E,208,12,72,6328.598918636364,2.2737367544323206e-13,94.83054846780715,4.861249180976301e-14,54.892662980590174,0.0,0.0,0.0,False
S3E,208,18,108,10625.822708617383,2.2737367544323206e-13,196.44543420616696,4.861249180976301e-14,245.53523798169581,680.3060741598705,0.0,680.3060741598705,True
S3E,209,6,36,10028.95187037037,0.0,5335.188263590098,0.0,4563.58443476874,27948.737703774335,0.0,27948.737703774335,True
S3E,209,12,72,8159.1416803462,226.5242868990989,230.130710973771,46.03936238009028,227.82940386403553,1300.3673901999443,0.0,1300.3673901999443,True
S3E,209,18,108,10800.0,120.0694549421396,1.1368683772161603e-12,24.40321619607896,2.235276497231098e-12,0.0,0.0,0.0,False
S3E,210,6,36,9695.465877906852,430.7790374077995,7365.627133543159,87.55260851035469,6167.80238213496,41707.11134571959,0.0,41707.11134571959,True
S3E,210,12,72,6693.18713363947,0.0,1014.8008109014827,0.0,921.9194031051256,5521.82682999725,1.9826984498649836e-11,5521.82682999723,True
S3E,210,18,108,10480.102455495498,0.0,229.9677617643473,0.0,359.8949950357501,1123.4371129508304,0.0,1123.4371129508304,True
S3E,211,6,36,10043.608333333334,351.8366825988942,2143.0688533522807,71.50816696310574,1749.507008736677,12518.551902367988,1.586158759891987e-11,12518.551902367972,True
S3E,211,12,72,7342.383648140444,0.0,3008.190181621353,0.0,3097.8183752608275,15939.707688685332,0.0,15939.707688685332,True
S3E,211,18,108,10549.965351616556,143.09588219521606,119.56559969320267,29.08316483706118,240.3268553833343,834.0896234597549,0.0,834.0896234597549,True
S3E,212,6,36,1670.7686617957343,0.0,913.1521477011465,0.0,1196.1735356493061,3844.524581499036,1.1222027751500719e-12,3844.524581499035,True
S3E,212,12,72,10800.0,166.96168372103375,2.6147972675971687e-12,33.93371000367219,4.9266702717432056e-12,0.0,0.0,0.0,False
S3E,212,18,108,10754.180666417806,0.0,261.2853670312273,0.0,361.6409745531603,1109.4145943989447,1.2689270079135895e-11,1109.414594398932,True
S3E,213,6,36,2690.433089483728,283.117505017565,0.0,57.54150951353243,0.0,0.0,0.0,0.0,False
S3E,213,12,72,10800.0,375.77894142362425,0.0,76.37425150229097,0.0,0.0,0.0,0.0,False
S3E,213,18,108,10800.0,299.4919700109484,0.0,60.86949671495072,0.0,0.0,0.0,0.0,False
S3E,214,6,36,6602.408416386082,0.0,3962.699474721674,0.0,4140.74210213063,23442.98502553408,9.516952559351921e-12,23442.985025534068,True
S3E,214,12,72,5930.251124999999,378.1080358428076,6.821210263296962e-13,76.84762247478201,9.588234206603376e-13,0.0,0.0,0.0,False
S3E,214,18,108,10800.0,197.80485789375575,1.5916157281026244e-12,40.202353830471964,3.219594191250507e-12,0.0,0.0,0.0,False
S3E,215,6,36,8423.581428735086,226.45641661507875,2579.259390003315,46.02556825389696,1704.7820962184212,14269.560769586054,3.0930095817893746e-11,14269.560769586024,True
S3E,215,12,72,6588.741743106102,0.0,758.1656746838927,0.0,840.6376414045683,1892.0806700751282,0.0,1892.0806700751282,True
S3E,215,18,108,10800.0,94.93678598312079,0.0,19.295189725175444,0.0,0.0,0.0,0.0,False
S3E,216,6,36,8461.58133551908,250.99795826091054,3399.518904427723,51.013452531850014,2363.4992054088625,19001.649885454244,0.0,19001.649885454244,True
S3E,216,12,72,6313.857261584901,57.08975969372307,3.410605131648481e-13,11.603065484544945,6.918241979292362e-13,0.0,0.0,0.0,False
S3E,216,18,108,10734.334014029182,0.0,0.456468336021544,0.0,0.26422669630617035,0.0,0.0,0.0,False
S3E,217,6,36,9341.233777777778,0.0,58.64022241994735,0.0,76.75588958353927,204.5512829513629,3.9653968997299674e-12,204.55128295135893,True
S3E,217,12,72,7126.609721666669,585.0082706513213,0.0,118.89854344785114,0.0,0.0,0.0,0.0,False
S3E,217,18,108,10800.0,395.6028638296335,3.410605131648481e-13,80.40331505189492,6.870664037705865e-13,0.0,0.0,0.0,False
S3E,218,6,36,9942.432528666222,457.7323593955359,496.2496755940273,93.03066905444723,610.5279154499672,3461.837736943876,7.930793799459935e-12,3461.837736943868,True
S3E,218,12,72,10459.483914592149,1.3642420526593924e-12,429.3591372404925,9.224322639056483e-13,443.79119720527456,1675.430754044546,1.1896190699189901e-11,1675.430754044534,True
S3E,218,18,108,10792.571889118968,406.32726993453946,4.547473508864641e-13,80.05073898360115,9.28059762372868e-13,0.0,0.0,0.0,False
S3E,219,6,36,3565.126611826604,691.452935228052,0.0,140.53262318808734,0.0,0.0,0.0,0.0,False
S3E,219,12,72,10800.0,262.9852030076361,0.0,53.44977012227949,0.0,0.0,0.0,0.0,False
S3E,219,18,108,10780.95153030303,193.57948509897733,0.0,39.343578500229,0.0,0.0,0.0,0.0,False
S3E,220,6,36,2950.7190841359875,389.10307005188656,0.0,79.08228071502093,0.0,0.0,0.0,0.0,False
S3E,220,12,72,10800.0,177.11870229497708,0.0,35.99804785118688,0.0,0.0,0.0,0.0,False
S3E,220,18,108,10800.0,120.19898376639412,2.0179413695586845e-12,24.429541958141364,3.802104231453996e-12,0.0,0.0,0.0,False
S3E,221,6,36,9336.241296296295,343.3150836723937,3.410605131648481e-13,69.77621589329213,4.416733645484783e-13,0.0,0.0,0.0,False
S3E,221,12,72,7805.358390925925,0.0,376.3537417721369,0.0,500.3799629614215,1357.6921230879877,0.0,1357.6921230879877,True
S3E,221,18,108,10800.0,551.6973494562869,4.547473508864641e-13,111.54061548091809,8.894517122826074e-13,0.0,0.0,0.0,False
S3E,222,6,36,9427.466747498553,524.394398036133,507.7094498328053,106.57922844285879,569.3985317336542,3541.139621213497,0.0,3541.139621213497,True
S3E,222,12,72,6872.108087788953,6.821210263296962e-13,529.265697777452,1.4583747542928904e-13,500.75221802678334,2293.332230965427,0.0,2293.332230965427,True
S3E,222,18,108,10770.521979638566,538.4066325775391,3.410605131648481e-13,105.94676020990308,6.900847893120953e-13,0.0,0.0,0.0,False
S3E,223,6,36,9878.257101130721,102.31265880145384,1337.2871060646764,20.794280556485063,1719.674986007489,9211.065284494185,0.0,9211.065284494185,True
S3E,223,12,72,8498.02651131591,111.78318850796438,0.0,22.71909469030128,0.0,0.0,0.0,0.0,False
S3E,223,18,108,10724.589309315019,0.0,314.2629030329846,0.0,418.06861183439776,1162.2626429138975,0.0,1162.2626429138975,True
S3E,224,6,36,9176.001900958598,0.0,2916.7158461455438,0.0,2181.4292549993525,16378.849766866835,9.516952559351921e-12,16378.849766866826,True
S3E,224,12,72,6792.92964524759,0.0,1559.9962723948177,0.0,2001.486342081103,9029.76123420458,0.0,9029.76123420458,True
S3E,224,18,108,10731.504070472914,312.70648527621483,0.0,63.55524783375216,0.0,0.0,0.0,0.0,False
S3E,225,6,36,9133.660730934122,388.62736498032746,3571.5559638547493,78.98559722701435,2459.3084937179087,19650.610304102716,0.0,19650.610304102716,True
S3E,225,12,72,6450.78836879019,6.821210263296962e-13,70.66354936682387,1.4583747542928904e-13,40.903595550986005,0.0,0.0,0.0,False
S3E,225,18,108,10796.276118011792,0.0,541.3043068999898,0.0,437.7316048228281,537.7872797410754,0.0,537.7872797410754,True
S3E,226,6,36,2755.816202067882,175.63576211506506,62.92196947490133,35.696651381671316,74.08320319183248,246.9440106394401,1.8055423822715966e-13,246.94401063943994,True
S3E,226,12,72,10800.0,130.95666883791614,0.0,26.615960766289977,0.0,0.0,0.0,0.0,False
S3E,226,18,108,10800.0,333.97662271436707,0.0,66.9013491673493,0.0,0.0,0.0,0.0,False
S3E,227,6,36,2073.921244986918,0.0,370.7197211038233,0.0,467.2397765050295,1557.4659216834316,0.0,1557.4659216834316,True
S3E,227,12,72,10800.0,451.5555689692294,0.0,91.77528272622861,0.0,0.0,0.0,0.0,False
S3E,227,18,108,10800.0,742.6756722103236,0.0,148.79236516895008,0.0,0.0,0.0,0.0,False
S3E,228,6,36,9912.010579920578,444.13938345804536,2.2737367544323206e-13,90.26799864247957,4.6009063225938e-13,0.0,0.0,0.0,False
S3E,228,12,72,9287.25697956111,516.6325718800642,2.1600499167107046e-12,105.00169549033399,2.9380998967099005e-12,0.0,0.0,0.0,False
S3E,228,18,108,10355.292528561202,347.35618846568957,176.7768099744876,70.59754013423796,355.3213880487201,1233.1950263820295,4.758476279675961e-12,1233.1950263820247,True
S3E,229,6,36,9232.491993337337,0.0,2576.8900973146774,0.0,2108.0861851423533,14160.177675916235,0.0,14160.177675916235,True
S3E,229,12,72,8308.88653347197,824.0243742957318,0.0,167.47677389280028,0.0,0.0,0.0,0.0,False
S3E,229,18,108,10800.0,431.44708061056565,1.3642420526593924e-12,87.14483730417012,2.694480372156249e-12,0.0,0.0,0.0,False
S3E,230,6,36,9061.25712054589,230.50755053692046,5.491074261954054e-11,46.848930840000335,7.718528536315716e-11,0.0,0.0,0.0,False
S3E,230,12,72,7194.3963951755195,479.1661286798056,2.6147972675971687e-12,97.38692190820568,3.665155645649065e-12,0.0,0.0,0.0,False
S3E,230,18,108,10800.0,820.8840168473344,0.0,164.617592457639,0.0,0.0,0.0,0.0,False
S3E,231,6,36,9813.298035460046,299.4899563665326,1126.9093338969035,60.86908745682608,1363.948262886744,6341.871528001915,1.6654666978865863e-11,6341.871528001899,True
S3E,231,12,72,7773.780731160121,536.3845894741082,0.0,109.01614492619181,0.0,0.0,0.0,0.0,False
S3E,231,18,108,10452.761453885822,0.0,889.8592683660621,0.0,1211.9640599179065,3376.069240238371,0.0,3376.069240238371,True
S3E,232,6,36,9788.36882529764,296.21888975544994,445.5098386693014,60.20426770112235,591.931299334527,3107.8766345570293,0.0,3107.8766345570293,True
S3E,232,12,72,9270.32758928011,152.36183184399056,1.0231815394945443e-12,30.966399608552468,1.928970050357748e-12,0.0,0.0,0.0,False
S3E,232,18,108,10800.0,514.4638637882257,2.0463630789890885e-12,102.25517842821748,4.134523123866529e-12,0.0,0.0,0.0,False
S3E,233,6,36,2109.8377876438644,0.0,499.22599757284706,0.0,614.6466764663676,1985.7537866609655,4.758476279675961e-12,1985.7537866609607,True
S3E,233,12,72,10800.0,70.2015380393591,0.0,14.267936094964442,0.0,0.0,0.0,0.0,False
S3E,233,18,108,10800.0,197.43180858245023,0.0,40.12653435581865,0.0,0.0,0.0,0.0,False
S3E,234,6,36,3026.4775926009456,32.13181285051746,811.8636452896731,6.530549973660466,1184.8803721650597,5630.894369344327,5.551555659621954e-12,5630.894369344322,True
S3E,234,12,72,10800.0,180.26179163890333,0.0,36.63685718678065,0.0,0.0,0.0,0.0,False
S3E,234,18,108,10800.0,192.01313985099915,0.0,39.025230575777854,0.0,0.0,0.0,0.0,False
S3E,235,6,36,8482.707314387493,386.7556588748639,0.0,78.60518699887783,0.0,0.0,0.0,0.0,False
S3E,235,12,72,6652.818302350456,142.96590281102954,47.36985931666777,29.05674750207157,54.085410140287095,330.45213859308944,8.723873179405928e-12,330.45213859308075,True
S3E,235,18,108,10785.228584181988,80.87406013242855,2.2737367544323206e-13,16.437046166466043,4.596813596435823e-13,0.0,0.0,0.0,False
S3E,236,6,36,9955.057809763817,126.20670892636724,11.019970992762524,25.650567038968333,15.219641903554663,76.87531764551454,1.6654666978865863e-11,76.87531764549789,True
S3E,236,12,72,10309.311543093547,276.3243972199375,3.410605131648481e-13,56.160861301973476,6.897096227476139e-13,0.0,0.0,0.0,False
S3E,236,18,108,10800.0,491.8419551195758,5.684341886080801e-13,98.31675519535628,1.0860901511478005e-12,0.0,0.0,0.0,False
S3E,237,6,36,8923.013698280594,620.2617925579235,42.86651869357797,126.06355737395445,26.44649870800442,242.21983586916707,0.0,242.21983586916707,True
S3E,237,12,72,6023.1113912435585,0.0,1595.4798016460466,0.0,1056.7213138330276,5344.315786684873,1.5068508218973876e-11,5344.315786684858,True
S3E,237,18,108,10800.0,106.30515963009282,1.1368683772161603e-13,21.60572640612042,1.6833041627251078e-13,0.0,0.0,0.0,False
S3E,238,6,36,9811.305757598933,215.6626239670627,6916.982070749382,43.831810851625704,5886.461038809846,39823.28866503718,8.723873179405928e-12,39823.28866503717,True
S3E,238,12,72,8263.100303196105,1.1368683772161603e-12,103.80085873894132,7.684036518185167e-13,60.637934538120874,0.0,0.0,0.0,False
S3E,238,18,108,10800.0,830.3266167301997,0.0,164.8252531156029,0.0,0.0,0.0,0.0,False
S3E,239,6,36,9899.524641479933,285.49101469156403,5747.0995184340545,58.0239075534502,5688.822167763723,35259.962978489864,1.9826984498649836e-11,35259.96297848984,True
S3E,239,12,72,5089.6974902142265,0.0,426.54849398128385,0.0,372.0477244143872,1644.2139051361144,0.0,1644.2139051361144,True
S3E,239,18,108,10781.771506870411,249.6968047683274,0.0,49.73371611792636,0.0,0.0,0.0,0.0,False
S3E,240,6,36,4143.740313983551,236.72504630016965,1.0231815394945443e-12,48.112590222662234,1.8764126252790446e-12,0.0,0.0,0.0,False
S3E,240,12,72,10800.0,87.3889369450012,0.0,17.761146017044414,0.0,0.0,0.0,0.0,False
S3E,240,18,108,10800.0,828.1883828066127,0.0,165.12462310894395,0.0,0.0,0.0,0.0,False
S3E,241,6,36,2929.5050641373214,163.0842091482216,0.0,33.14564237780747,0.0,0.0,0.0,0.0,False
S3E,241,12,72,10800.0,226.2177300527228,0.0,45.977057000240535,0.0,0.0,0.0,0.0,False
S3E,241,18,108,10760.212895765027,0.0,60.28498510093095,0.0,94.76992285325187,317.79290143003055,0.0,317.79290143003055,True
S3E,242,6,36,8827.514249093443,162.45829903526328,2270.182110003452,33.01843084167529,1488.634407205315,12584.758250079994,0.0,12584.758250079994,True
S3E,242,12,72,5123.039930574925,267.2049441008428,4.888534022029489e-12,54.307400851439674,6.871567848065752e-12,0.0,0.0,0.0,False
S3E,242,18,108,10677.106662622162,522.2319253265282,1.5916157281026244e-12,104.51773060718862,3.2267735150526273e-12,0.0,0.0,0.0,False
S3E,243,6,36,10019.87037037037,1255.2804360356822,9.094947017729282e-13,255.12633402098248,1.5267914932337588e-12,0.0,0.0,0.0,False
S3E,243,12,72,10800.0,960.3126519073215,7.958078640513122e-13,195.17634415527456,1.6094816146505765e-12,0.0,0.0,0.0,False
S3E,243,18,108,10800.0,5570.801742111894,0.0,1367.3375159605619,0.0,0.0,0.0,0.0,False
S3E,244,6,36,9895.289872771746,863.7809183305203,1795.532907487659,175.5569932937908,1509.5866680308989,10781.053320450594,9.516952559351921e-12,10781.053320450585,True
S3E,244,12,72,7345.211758782335,331.7060746816353,0.0,67.41677188348223,0.0,0.0,0.0,0.0,False
S3E,244,18,108,10800.0,3703.0352387197754,0.0,915.1587106151001,0.0,0.0,0.0,0.0,False
S3E,245,6,36,9954.563161904867,1085.2507474092151,7.958078640513122e-13,220.5690750303174,1.61031721290783e-12,0.0,0.0,0.0,False
S3E,245,12,72,9149.31377838635,1262.725516143189,1.1368683772161603e-13,256.63949071473064,2.296360435138922e-13,0.0,0.0,0.0,False
S3E,245,18,108,10800.0,4761.9979904581905,0.0,1159.1286785025218,0.0,0.0,0.0,0.0,False
S3E,246,6,36,9211.863714210189,1000.8480344755935,0.0,203.41485664690586,0.0,0.0,0.0,0.0,False
S3E,246,12,72,8083.759815321302,909.5617061830665,1.1368683772161603e-12,184.86159506891195,2.2851054382044824e-12,0.0,0.0,0.0,False
S3E,246,18,108,10800.0,4883.604536728401,0.0,1205.6981264279596,0.0,0.0,0.0,0.0,False
S3E,247,6,36,4716.28196005421,1345.0064069514308,1.1368683772161603e-13,273.36246466482623,2.3004531612969e-13,0.0,0.0,0.0,False
S3E,247,12,72,10800.0,1117.0284621088813,0.0,227.02765721016408,0.0,0.0,0.0,0.0,False
S3E,247,18,108,10800.0,5180.491540827294,0.0,1064.8710391733089,0.0,0.0,0.0,0.0,False
S3E,248,6,36,4523.934784853686,953.3263775032915,0.0,193.75643627971277,0.0,0.0,0.0,0.0,False
S3E,248,12,72,10800.0,1003.1432432749488,0.0,203.88134062130882,0.0,0.0,0.0,0.0,False
S3E,248,18,108,10800.0,4639.937066705893,1.1368683772161603e-13,952.1028924376561,2.296360435138922e-13,0.0,0.0,0.0,False
S3E,249,6,36,9193.476453110918,850.0540250995136,3068.377207171775,172.76710519628884,2102.4071168982377,16941.67947831797,0.0,16941.67947831797,True
S3E,249,12,72,7349.99084708493,39.554968414236555,0.0,8.03925066792951,0.0,0.0,0.0,0.0,False
S3E,249,18,108,10800.0,3955.0529402010616,0.0,1013.1356386252422,0.0,0.0,0.0,0.0,False
S3E,250,6,36,9835.634627761361,248.97227217549175,421.57180649821385,50.60174702763526,453.91253672337126,2872.9434283416094,1.6242265701293945e-09,2872.943428339985,True
S3E,250,12,72,8660.832463392206,428.21502743085296,0.0,87.03149271261555,0.0,0.0,0.0,0.0,False
S3E,250,18,108,10800.0,1441.0451108327325,0.0,331.01993573176026,0.0,0.0,0.0,0.0,False
S3E,251,6,36,8187.9716619135825,415.70782571101927,3048.2088086755866,84.48949776707182,3051.983715278546,18849.053067028726,0.0,18849.053067028726,True
S3E,251,12,72,6986.5178933950665,184.97854372633662,1.9326762412674725e-12,37.59550167330077,3.280848659414915e-12,0.0,0.0,0.0,False
S3E,251,18,108,10728.328268777117,997.691699125031,1.1368683772161603e-13,206.92319474847602,2.1393020688265094e-13,0.0,0.0,0.0,False
S3E,252,6,36,9885.537424242424,505.10969622141596,0.0,102.65975743428116,0.0,0.0,0.0,0.0,False
S3E,252,12,72,7486.659194820429,402.8595329614092,708.5116884845588,81.87817862790995,734.3481845122492,4429.518310002545,1.4275428839027881e-11,4429.518310002531,True
S3E,252,18,108,10800.0,1422.6744252481203,0.0,342.20782566167986,0.0,0.0,0.0,0.0,False
S3E,253,6,36,9695.848247037042,47.389107079679434,0.0,9.631480595641742,0.0,0.0,0.0,0.0,False
S3E,253,12,72,7207.735086111113,287.70103174221856,0.0,58.47307694386792,0.0,0.0,0.0,0.0,False
S3E,253,18,108,10800.0,361.87507788850655,0.0,72.13954841989845,0.0,0.0,0.0,0.0,False
S3E,254,6,36,3005.987057777784,0.0,690.4891024670434,0.0,880.289451880339,2804.940173476033,5.921663159824675e-14,2804.940173476033,True
S3E,254,12,72,10800.0,189.74155061283182,0.0,38.563547100428465,0.0,0.0,0.0,0.0,False
S3E,254,18,108,10698.52478275433,0.0,141.29178324468307,0.0,238.54707401590184,845.2776966021297,0.0,845.2776966021297,True
S3E,255,6,36,3430.144927592589,67.98352937976847,88.48632269897972,13.817142469972884,100.99928916923179,336.6642972307726,0.0,336.6642972307726,True
S3E,255,12,72,10800.0,0.0,137.95258777768606,0.0,131.60627913501432,343.72181117518244,0.0,343.72181117518244,True
S3E,255,18,108,10280.51650468424,0.0,402.15559482804014,0.0,733.8519448341603,2710.975708213714,0.0,2710.975708213714,True
S3E,256,6,36,9739.153359938271,14.102009640829351,5.684341886080802e-14,2.8661276944263787,5.6274984672199934e-14,0.0,0.0,0.0,False
S3E,256,12,72,10466.889488024693,0.0,37.676050385198494,0.0,49.29605429058726,135.1766525189018,1.1222027751500717e-13,135.17665251890168,True
S3E,256,18,108,10758.468586604939,0.0,520.711653577763,0.0,743.8104062937106,2207.178120817947,0.0,2207.178120817947,True
S3E,257,6,36,8884.162025586416,170.63781291813393,207.78808719813247,34.68085569206029,230.2309515870129,1250.7241936945259,7.930793799459934e-13,1250.7241936945252,True
S3E,257,12,72,7090.78443,0.0,905.3562763710997,0.0,1004.6508786170692,4390.249614724172,0.0,4390.249614724172,True
S3E,257,18,108,10761.671181316926,1083.371991811487,0.0,242.57334388068668,0.0,0.0,0.0,0.0,False
S3E,258,6,36,9490.96159388889,0.0,463.89383789314275,0.0,636.5624391971182,2504.6986477716214,1.672082134973607e-11,2504.6986477716046,True
S3E,258,12,72,8150.556223547006,0.0,326.94562269719853,0.0,460.6480230265055,1436.8164370807654,0.0,1436.8164370807654,True
S3E,258,18,108,10708.98377206222,372.882323830677,4.547473508864641e-13,74.66694638261534,9.14042175281793e-13,0.0,0.0,0.0,False
S3E,259,6,36,9703.108737029412,0.0,1431.7497598357481,0.0,1777.6464727702862,6798.322169722496,1.9547652385654145e-12,6798.322169722494,True
S3E,259,12,72,6078.6444155443305,303.98707686806665,1.1368683772161603e-13,61.78309347035805,1.6833041627251078e-13,0.0,0.0,0.0,False
S3E,259,18,108,10800.0,772.3591672129187,0.0,184.18430958553907,0.0,0.0,0.0,0.0,False
S3E,260,6,36,9256.183108425927,0.0,8049.217605667027,0.0,6482.07718480289,44338.97017780039,1.2411954131152925e-11,44338.97017780037,True
S3E,260,12,72,7653.836030874711,0.0,372.56269426019696,0.0,524.8077610759669,1711.8420126866126,0.0,1711.8420126866126,True
S3E,260,18,108,10724.74053028001,148.1770684889907,0.0,29.923150450250347,0.0,0.0,0.0,0.0,False
S3E,261,6,36,3181.938327073576,0.0,813.8437026669569,0.0,1023.010987195053,4185.927935307379,0.0,4185.927935307379,True
S3E,261,12,72,10800.0,147.17589008696416,0.0,29.912395840999874,0.0,0.0,0.0,0.0,False
S3E,261,18,108,10658.814857742791,312.2411291508289,0.0,61.7088615834133,0.0,0.0,0.0,0.0,False
S3E,262,6,36,3396.1076799382718,280.0024174752091,166.64951685837823,56.90839133370518,195.76754275623773,652.5584758541266,1.0762448710011087e-12,652.5584758541256,True
S3E,262,12,72,10800.0,5.684341886080802e-14,459.70403264629414,3.827267391898204e-14,412.0254314397809,739.1129933087435,3.1723175197839737e-12,739.1129933087403,True
S3E,262,18,108,10486.520909682771,67.92155741139027,0.0,13.713636243171043,0.0,0.0,0.0,0.0,False
S3E,263,6,36,9685.113281666665,0.0,2011.9048170502547,0.0,1706.27264492608,10980.198508150208,2.299930201843381e-11,10980.198508150184,True
S3E,263,12,72,8083.945384629629,6.3775592051713375,0.0,1.2961910767586307,0.0,0.0,0.0,0.0,False
S3E,263,18,108,10800.0,732.7378305797338,0.0,181.11197615169914,0.0,0.0,0.0,0.0,False
S3E,264,6,36,9607.212310000004,156.03583720743927,180.43180879255948,31.713113643632944,186.71985732898034,924.8749019335112,6.080629333382604e-12,924.8749019335052,True
S3E,264,12,72,7197.963025000005,11.407256991448435,2.2737367544323206e-13,2.3184394290845107,3.1960780688677916e-13,0.0,0.0,0.0,False
S3E,264,18,108,10800.0,0.0,605.55958032098,0.0,717.5104368696458,1807.797056900145,0.0,1807.797056900145,True
S3E,265,6,36,9867.818753703703,104.52820352962112,1.1368683772161603e-13,21.244573405869293,2.1353798729251137e-13,0.0,0.0,0.0,False
S3E,265,12,72,6382.162273981481,56.53572460000646,0.0,11.490462007016818,0.0,0.0,0.0,0.0,False
S3E,265,18,108,10800.0,400.0526737408899,0.0,98.88165627897091,0.0,0.0,0.0,0.0,False
S3E,266,6,36,9484.397812777777,51.53747522493586,2438.310041864173,10.474605308404174,1916.3517587410665,13599.692976062152,1.1136165767311468e-11,13599.69297606214,True
S3E,266,12,72,4468.1082686148775,0.0,3859.5317941850026,0.0,4144.857628113566,21289.781236553055,0.0,21289.781236553055,True
S3E,266,18,108,10797.853688401832,723.8303013765517,0.0,178.1745526071744,0.0,0.0,0.0,0.0,False
S3E,267,6,36,9688.813762962964,308.7590628012981,2523.9014832203434,62.75296382139246,1987.100274174039,13770.225743025723,0.0,13770.225743025723,True
S3E,267,12,72,7636.492588714451,0.0,260.6598060141109,0.0,202.25610860498043,860.1429656832003,0.0,860.1429656832003,True
S3E,267,18,108,10678.234782133255,0.0,115.02291213319734,0.0,125.41081982516152,267.3579888750896,1.5861587598919868e-12,267.357988875088,True
S3E,268,6,36,4044.84385716997,42.234112143591915,0.0,8.583766537348282,0.0,0.0,0.0,0.0,False
S3E,268,12,72,10437.94010994775,9.526519443256234,1.1254996934439987e-11,1.9361936279460594,1.3162377854314402e-11,0.0,0.0,0.0,False
S3E,268,18,108,10549.57751851852,1422.1897948561257,0.0,281.5320013415363,0.0,0.0,0.0,0.0,False
S3E,269,6,36,3615.883255503294,0.0,2673.401922749985,0.0,3392.1465224462786,14460.379801994126,0.0,14460.379801994126,True
S3E,269,12,72,10800.0,340.9927259685232,0.0,69.30421410765783,0.0,0.0,0.0,0.0,False
S3E,269,18,108,10800.0,1337.8738195444903,1.0231815394945443e-12,265.1847607051978,1.9103310933132886e-12,0.0,0.0,0.0,False
S3E,270,6,36,9869.126098518516,166.80936153292123,7275.571065863414,33.90275166147581,6347.195775014033,41157.169936848935,4.7584762796759606e-11,41157.169936848884,True
S3E,270,12,72,7110.927228658267,0.0,10.190078298974868,0.0,5.898526823361603,0.0,0.0,0.0,False
S3E,270,18,108,10538.656148148148,0.0,597.8943557154922,0.0,845.5644838821901,2430.4036523636164,0.0,2430.4036523636164,True
S3E,271,6,36,9716.942547962968,0.0,375.4888127476337,0.0,524.8731275436447,1538.285424611625,0.0,1538.285424611625,True
S3E,271,12,72,6404.47306,271.5595738737786,0.0,55.192446693041454,0.0,0.0,0.0,0.0,False
S3E,271,18,108,10800.0,904.3312862407668,0.0,223.5250037756183,0.0,0.0,0.0,0.0,False
S3E,272,6,36,9509.110380740738,0.0,1895.8129334546245,0.0,2173.978934403752,9811.944643143968,1.1962313362090526e-12,9811.944643143966,True
S3E,272,12,72,4503.493307751544,63.00855259385844,1555.2917375921456,12.806015750626456,1398.8314009759172,8678.225003119143,0.0,8678.225003119143,True
S3E,272,18,108,10725.029926548425,442.2329746460872,0.0,87.82057837190895,0.0,0.0,0.0,0.0,False
S3E,273,6,36,9865.428944444446,101.33437211768046,310.37508726926194,20.59545112513585,371.0264184531827,2116.5458392558635,0.0,2116.5458392558635,True
S3E,273,12,72,9002.384496388895,208.21636093960228,0.0,42.31841373825897,0.0,0.0,0.0,0.0,False
S3E,273,18,108,10800.0,1529.0851204728876,0.0,383.51856922729235,0.0,0.0,0.0,0.0,False
S3E,274,6,36,9654.182150925924,0.0,502.62972390425614,0.0,702.5977989505406,2070.20306650252,0.0,2070.20306650252,True
S3E,274,12,72,9359.478104166663,55.375258470297695,3.410605131648481e-13,11.254605969649496,6.889081305416766e-13,0.0,0.0,0.0,False
S3E,274,18,108,10800.0,1954.617036188436,0.0,486.38393501122647,0.0,0.0,0.0,0.0,False
S3E,275,6,36,3765.8213217901293,1.4001577055021244,276.6034329706267,0.28457155246069366,333.9247456147499,1319.1164906336671,0.0,1319.1164906336671,True
S3E,275,12,72,10800.0,0.0,501.63646727156845,0.0,677.5502707330013,2736.1038096386837,1.5861587598919868e-12,2736.1038096386824,True
S3E,275,18,108,10436.80980125799,1322.364100176099,0.0,262.2798283283315,0.0,0.0,0.0,0.0,False
S3E,276,6,36,4462.2769720370425,0.0,187.65885871991162,0.0,252.21280249684992,771.3970980734305,0.0,771.3970980734305,True
S3E,276,12,72,10800.0,156.05466304650986,0.0,31.71693985423068,0.0,0.0,0.0,0.0,False
S3E,276,18,108,10800.0,2550.897856844691,0.0,515.0600742632723,0.0,0.0,0.0,0.0,False
S3E,277,6,36,9715.19004407407,19.468601481769383,118.44990434180102,3.9568472421396073,146.29198107433305,826.306532686863,1.7447746358811856e-11,826.3065326868456,True
S3E,277,12,72,9838.14920512346,272.93520706658796,0.0,55.47203382235912,0.0,0.0,0.0,0.0,False
S3E,277,18,108,10800.0,1844.7722874569597,0.0,459.49280567316384,0.0,0.0,0.0,0.0,False
S3E,278,6,36,9873.434787592596,183.96288413865602,1963.1077387903679,37.3890764795516,1466.2694695057437,10797.93655554696,0.0,10797.93655554696,True
S3E,278,12,72,5113.600730213757,0.0,2788.566470327368,0.0,2869.313184003863,13659.813530124375,0.0,13659.813530124375,True
S3E,278,18,108,10800.0,2379.571528947556,0.0,594.2224135671629,0.0,0.0,0.0,0.0,False
S3E,279,6,36,9797.31375925926,0.0,1124.640842540351,0.0,1316.753634803164,6260.128791858489,5.355786925065332e-13,6260.1287918584885,True
S3E,279,12,72,5712.005859588303,72.43101800460158,975.153307000627,14.721061176805117,1053.667757360212,6457.2518181324585,2.1413143258541823e-11,6457.251818132437,True
S3E,279,18,108,10800.0,1752.3452752190133,0.0,438.7138677302893,0.0,0.0,0.0,0.0,False
S3E,280,6,36,9755.445800555555,9.253332855612598,448.49291611316767,1.880670502904596,508.9878265714732,2316.6700116244256,0.0,2316.6700116244256,True
S3E,280,12,72,4837.155022499999,0.0,1324.0670520001372,0.0,1009.3216444330083,7317.758367648413,7.930793799459934e-13,7317.758367648412,True
S3E,280,18,108,10485.815066482182,43.12912894627641,249.49231718397454,8.765671989863732,480.49449717257835,1740.4584046753976,0.0,1740.4584046753976,True
S3E,281,6,36,9934.218030002929,108.26180837972629,5.684341886080802e-14,22.003400589616554,5.707647687813733e-14,0.0,0.0,0.0,False
S3E,281,12,72,8527.213618706628,247.90536970810467,2.2737367544323206e-13,50.38490710289953,3.1960780688677916e-13,0.0,0.0,0.0,False
S3E,281,18,108,10588.227012345678,0.0,451.3155458485294,0.0,718.8684204594833,2380.5681324205825,3.9653968997299674e-12,2380.5681324205784,True
S3E,282,6,36,4209.6776279461255,0.0,152.87957422348205,0.0,186.72960006123733,649.323120946694,0.0,649.323120946694,True
S3E,282,12,72,10800.0,5.684341886080802e-14,17.851489784202897,3.8340886021615005e-14,20.354325241527032,56.48288520751254,0.0,56.48288520751254,True
S3E,282,18,108,9970.385167739918,0.0,397.6824088290821,0.0,650.7102049210426,2052.0586368307427,0.0,2052.0586368307427,True
S3E,283,6,36,5038.413420370377,240.96113573852676,2.3590018827235326e-11,49.104074814000406,3.2087143608805494e-11,0.0,0.0,0.0,False
S3E,283,12,72,10800.0,94.74740141326015,0.0,19.308024396421178,0.0,0.0,0.0,0.0,False
S3E,283,18,108,10111.188589786756,198.0033571186347,0.0,40.29117318374607,0.0,0.0,0.0,0.0,False
S3E,284,6,36,9891.417198092033,126.23839088594355,436.76009162757225,25.657006159633685,385.4732040283126,2710.4096477634344,3.9653968997299674e-12,2710.4096477634303,True
S3E,284,12,72,6573.232935869813,0.0,917.5668442599493,0.0,1170.009637834294,3988.3777887360443,1.5861587598919868e-12,3988.377788736043,True
S3E,284,18,108,10332.961652896727,981.1686732886321,0.0,197.27210785859955,0.0,0.0,0.0,0.0,False
S3E,285,6,36,9816.724144450058,0.0,1016.8537601399742,0.0,1190.3818500681152,5227.264656255114,6.949676389922387e-13,5227.264656255113,True
S3E,285,12,72,7337.496368409093,2.0170241591861213,3.410605131648481e-13,0.40994503267346083,2.214676442235941e-13,0.0,0.0,0.0,False
S3E,285,18,108,10663.55171948415,533.8697292846161,0.0,106.64552458817957,0.0,0.0,0.0,0.0,False
S3E,286,6,36,9772.376636700343,0.0,1178.1098792545324,0.0,1454.3814544275415,5926.640896737771,8.723873179405928e-12,5926.640896737762,True
S3E,286,12,72,7149.086473863636,0.0,52.66091257378156,0.0,72.32108148585512,216.4697974740754,0.0,216.4697974740754,True
S3E,286,18,108,10765.056566182777,798.992829970767,6.934897101018578e-12,177.11228234344586,1.3049742619841707e-11,0.0,0.0,0.0,False
S3E,287,6,36,9691.114987564537,4.81776249171719,177.34077995494084,0.9791740935353235,215.25623870297244,877.2302449414758,0.0,877.2302449414758,True
S3E,287,12,72,7181.037563409091,222.10321306052697,0.0,45.14081227881717,0.0,0.0,0.0,0.0,False
S3E,287,18,108,10646.450652076319,96.15239779200647,60.29593457175599,19.542253706604875,115.93898903385679,420.62443957257136,3.1723175197839737e-12,420.6244395725682,True
S3E,288,6,36,9668.547904320989,0.0,1670.4729487687189,0.0,2121.7224642913234,8275.573229996819,0.0,8275.573229996819,True
S3E,288,12,72,6558.841636253739,30.956949686378266,0.0,6.291767846633739,0.0,0.0,0.0,0.0,False
S3E,288,18,108,10689.921576343413,417.1548858431265,0.0,83.35102310803343,0.0,0.0,0.0,0.0,False
S3E,289,6,36,4374.7394433108875,44.46626845492392,945.0675908598771,9.233579452766547,1199.6206117585439,5250.800971553243,0.0,5250.800971553243,True
S3E,289,12,72,10800.0,0.0,343.530064829196,0.0,398.08086074399534,1148.7607753821449,0.0,1148.7607753821449,True
S3E,289,18,108,9712.861114378806,639.6238409805958,0.0,127.34864832674921,0.0,0.0,0.0,0.0,False
S3E,290,6,36,4415.5434560381655,56.54584244775765,261.98177970355164,11.523149861761782,287.20566815974587,975.9953865899743,2.4442670110147446e-12,975.9953865899718,True
S3E,290,12,72,10800.0,92.53988895282043,0.0,18.858168212443427,0.0,0.0,0.0,0.0,False
S3E,290,18,108,9774.237484848487,0.0,243.2185270991729,0.0,335.99166734684707,943.8464904959384,0.0,943.8464904959384,True
S3E,291,6,36,9709.468446672277,0.0,1041.3743458122303,0.0,1170.591383985537,5106.600555826208,0.0,5106.600555826208,True
S3E,291,12,72,6586.451748204334,222.0388575029375,1.1368683772161603e-13,45.127732496041226,7.522089617850724e-14,0.0,0.0,0.0,False
S3E,291,18,108,10675.182658220556,339.03415752629076,0.0,67.95017541796328,0.0,0.0,0.0,0.0,False
S3E,292,6,36,9883.544851070008,125.21886704148255,0.0,25.44979558467904,0.0,0.0,0.0,0.0,False
S3E,292,12,72,7110.227458521907,0.0,151.39274529792414,0.0,207.91297632220397,622.320338026218,0.0,622.320338026218,True
S3E,292,18,108,10747.351605694603,596.5644322082206,0.0,122.44929653676904,0.0,0.0,0.0,0.0,False
S3E,293,6,36,9717.141607894384,0.0,2101.5671124509727,0.0,2628.8847436935744,9812.819892843732,3.1723175197839737e-12,9812.819892843729,True
S3E,293,12,72,6271.939154601215,269.8572377894974,1.1368683772161603e-13,54.84645965143199,7.610765351273585e-14,0.0,0.0,0.0,False
S3E,293,18,108,10690.601641027502,801.3348481134324,0.0,159.5119946161077,0.0,0.0,0.0,0.0,False
S3E,294,6,36,9828.183336077827,0.0,482.72839414086127,0.0,545.1648539669457,1937.0235493392172,0.0,1937.0235493392172,True
S3E,294,12,72,5468.338541737035,0.0,1555.63959292823,0.0,1405.8620182735267,8460.299305675237,0.0,8460.299305675237,True
S3E,294,18,108,10637.629210446712,107.36745685863525,64.31970847168006,21.82163035059136,124.27532472355662,448.69428629843077,0.0,448.69428629843077,True
S3E,295,6,36,9874.971542875131,43.2654102545182,96.35654369717645,8.79337014365415,121.45879558139475,672.1832488314855,1.1103111319243908e-11,672.1832488314743,True
S3E,295,12,72,10800.0,144.08657892241035,5.684341886080801e-13,29.284516516638003,3.761044808925362e-13,0.0,0.0,0.0,False
S3E,295,18,108,10216.621511403693,0.0,706.1230992274802,0.0,1228.2932616808523,4218.229770651582,3.9653968997299674e-12,4218.229770651578,True
S3E,296,6,36,4907.119373187992,0.0,1519.8812486835347,0.0,1842.823889704242,7064.479579485569,0.0,7064.479579485569,True
S3E,296,12,72,10800.0,264.4694744365268,0.0,53.894703056357315,0.0,0.0,0.0,0.0,False
S3E,296,18,108,9986.527980638039,401.80597870673216,0.0,80.03753821543054,0.0,0.0,0.0,0.0,False
S3E,297,6,36,4944.838078350175,0.0,243.8678891187513,0.0,294.89377294716115,1082.7178195370761,1.40275346893759e-12,1082.7178195370748,True
S3E,297,12,72,10650.11955,1.7053025658242404e-13,186.7427099710361,1.1213501238671598e-13,235.1989064514521,777.638793495805,0.0,777.638793495805,True
S3E,297,18,108,9552.629249393136,74.68800962711407,170.84906049703568,15.22023707764333,313.3200920455123,1044.400306818352,0.0,1044.400306818352,True
S3E,298,6,36,9745.10813340068,87.29118816468701,35.28778297104952,17.741279310561403,47.79905222620204,246.1675740060248,0.0,246.1675740060248,True
S3E,298,12,72,9342.168183821563,82.67577202381017,0.0,16.803230595549227,0.0,0.0,0.0,0.0,False
S3E,298,18,108,10310.889227532834,0.0,1063.6416666450464,0.0,1633.0168046340207,5232.079220794538,0.0,5232.079220794538,True
S3E,299,6,36,9803.367836997757,0.0,5227.996731882422,0.0,4625.007531413162,29594.132173346356,5.551555659621954e-12,29594.13217334635,True
S3E,299,12,72,7496.0337750507,110.50365788863519,0.0,22.45903968843102,0.0,0.0,0.0,0.0,False
S3E,299,18,108,10590.029025571666,104.04012547707998,109.69530137196415,21.145375202275584,211.94777654584053,765.2344223708382,7.930793799459935e-12,765.2344223708302,True
S3E,300,6,36,9872.668257637491,295.88106460930874,2111.8277928184725,60.135607273926546,1970.8689045689475,12729.901896514108,0.0,12729.901896514108,True
S3E,300,12,72,6233.296801931165,0.0,1091.357323734715,0.0,914.9274737341076,6017.530872025006,9.516952559351921e-12,6017.530872024997,True
S3E,300,18,108,9933.217257404165,0.0,935.9063108287297,0.0,1532.3969321542659,5073.542349346118,0.0,5073.542349346118,True
S3E,301,6,36,9914.141390915544,0.0,659.147900750036,0.0,865.0004097819534,3393.0427011419383,0.0,3393.0427011419383,True
S3E,301,12,72,6686.461125522214,0.0,349.6183159355636,0.0,478.3457885367361,1656.4105518536708,0.0,1656.4105518536708,True
S3E,301,18,108,10571.699126300284,37.78709201071433,176.67702221757656,7.679943047987614,341.36650847769056,1232.4989069898006,0.0,1232.4989069898006,True
S3E,302,6,36,9921.635185185185,160.9231165257927,1330.771821420627,32.70641651049344,1440.6213393091664,8536.62187886991,1.586158759891987e-11,8536.621878869893,True
S3E,302,12,72,5578.930785221668,11.697708894438392,1572.7009366790908,2.377471599977882,1351.9970532084794,8771.033261084473,0.0,8771.033261084473,True
S3E,302,18,108,10061.26896401239,0.0,1021.1127909823747,0.0,1643.301439532446,5369.9611734880955,7.930793799459934e-13,5369.961173488095,True
S3E,303,6,36,5451.151767542088,0.0,113.10224492563336,0.0,125.1041966696246,550.6288617863293,0.0,550.6288617863293,True
S3E,303,12,72,8860.343550000001,140.9792940734343,0.0,28.72935414331225,0.0,0.0,0.0,0.0,False
S3E,303,18,108,9763.713582551394,166.24506580518948,0.0,33.5905926116403,0.0,0.0,0.0,0.0,False
S3E,304,6,36,5204.539842786346,0.0,420.4602739040836,0.0,466.0975275661165,1900.8664020544104,0.0,1900.8664020544104,True
S3E,304,12,72,9746.51613,2.8421709430404007e-13,216.16359185044996,1.8822277070285053e-13,282.01984855136425,1031.881962687387,0.0,1031.881962687387,True
S3E,304,18,108,9698.387870904835,341.25043722399437,0.0,68.41429538647601,0.0,0.0,0.0,0.0,False
S3E,305,6,36,9734.263839253643,0.0,4506.127616729509,0.0,4142.448997965882,24077.698172685436,0.0,24077.698172685436,True
S3E,305,12,72,6793.932077857864,0.0,97.76676343501981,0.0,132.7692253860089,402.1624748092863,4.758476279675961e-12,402.16247480928155,True
S3E,305,18,108,10788.577918409692,530.3128993532648,0.0,113.95531522794127,0.0,0.0,0.0,0.0,False
S3E,306,6,36,9605.028052536481,0.0,224.89410930361782,0.0,300.23403307468465,1169.9964786788144,0.0,1169.9964786788144,True
S3E,306,12,72,7079.465358170606,228.7693888553024,0.0,46.49566251442381,0.0,0.0,0.0,0.0,False
S3E,306,18,108,10551.229349130834,0.0,544.8639988683174,0.0,869.1732607652369,2855.7267633341257,0.0,2855.7267633341257,True
S3E,307,6,36,9794.344979994388,0.0,2544.5641117737073,0.0,2659.1799383186094,14498.700002010022,2.0099211184287926e-12,14498.70000201002,True
S3E,307,12,72,7233.108976868539,497.6335978422005,0.0,101.14029650944354,0.0,0.0,0.0,0.0,False
S3E,307,18,108,10472.180489541091,0.0,457.6575269737595,0.0,791.249112379993,2713.7098795345455,0.0,2713.7098795345455,True
S3E,308,6,36,9681.059886391698,5.677743107665492,0.0,1.153958703560857,0.0,0.0,0.0,0.0,False
S3E,308,12,72,6852.009205563974,206.8655761009959,0.0,42.04387685070666,0.0,0.0,0.0,0.0,False
S3E,308,18,108,10686.290651032548,82.92756086834163,39.147612689029955,16.854404789783977,75.63905985710846,273.0937461186573,3.9653968997299674e-12,273.0937461186533,True
S3E,309,6,36,9742.030846957532,0.0,2927.5491214478734,0.0,3447.490713670286,15751.925540515142,0.0,15751.925540515142,True
S3E,309,12,72,6421.3567342227925,56.146821658303224,43.33321915427575,11.411420400887678,47.455465286617326,302.29253682024273,2.934393705800176e-11,302.2925368202134,True
S3E,309,18,108,10692.185858541092,227.3521958346796,1.1368683772161603e-13,45.42853143168741,2.297554146934999e-13,0.0,0.0,0.0,False
S3E,310,6,36,6310.328880058311,209.24094179084273,9.663381206337363e-13,42.66582368063557,1.5265698039002017e-12,0.0,0.0,0.0,False
S3E,310,12,72,7947.694012777777,139.1281536732572,48.07153577261303,28.377944506294575,56.78653144129926,293.86129817799576,8.687095487402984e-12,293.86129817798707,True
S3E,310,18,108,9242.31951214113,0.0,1175.1562031444728,0.0,1738.5989859784183,5349.848137730576,0.0,5349.848137730576,True
S3E,311,6,36,6123.635132828043,120.44941195024649,2.2737367544323206e-13,25.01175056793993,4.607045411830768e-13,0.0,0.0,0.0,False
S3E,311,12,72,8492.040940050265,0.0,150.42302095920888,0.0,188.87138349764018,695.9447826251169,0.0,695.9447826251169,True
S3E,311,18,108,9678.834570111083,68.17872197621705,30.26718634357917,14.157555113797104,44.81510945962036,149.3836981987357,2.9457822847689385e-12,149.38369819873273,True
S3E,312,6,36,9880.832078198113,27.164649088835517,40.129314243706744,5.521011192437722,49.57948497935854,279.94209616405857,0.0,279.94209616405857,True
S3E,312,12,72,7079.032126925947,0.0,331.2101288780061,0.0,402.16323659349297,2022.0724291600093,3.1723175197839737e-12,2022.072429160006,True
S3E,312,18,108,10534.171314238905,0.0,466.5741777094543,0.0,771.4661056518428,2585.3489139716226,0.0,2585.3489139716226,True
S3E,313,6,36,9777.583347433545,0.0,3468.384228214455,0.0,3354.586444135873,17957.1967291965,2.2371295926859603e-12,17957.196729196497,True
S3E,313,12,72,6930.869407624235,0.0,502.9101895899065,0.0,697.9797975612752,2300.6881936291784,0.0,2300.6881936291784,True
S3E,313,18,108,10696.868388483632,231.14015952061186,0.0,46.43203835634075,0.0,0.0,0.0,0.0,False
S3E,314,6,36,9902.811265676184,172.98068483221118,0.0,35.15702683701065,0.0,0.0,0.0,0.0,False
S3E,314,12,72,8328.17799473861,0.0,501.8555515597111,0.0,695.1948360823117,2225.6166712604195,3.9653968997299674e-12,2225.6166712604154,True
S3E,314,18,108,10697.641713361503,165.7386650064791,0.0,33.46141359268411,0.0,0.0,0.0,0.0,False
S3E,315,6,36,9944.507407407407,194.3806336794198,2659.4999861991832,39.50640594081835,2925.1888621418366,15724.050054348032,3.0930095817893746e-11,15724.050054348001,True
S3E,315,12,72,7119.114901938203,0.0,322.6788985174104,0.0,295.5879144206029,647.6291370635402,0.0,647.6291370635402,True
S3E,315,18,108,10624.686421670998,89.68371648588914,88.5912332272394,18.22754274788333,170.6694150002933,618.012442993203,0.0,618.012442993203,True
S3E,316,6,36,9836.24651678072,121.9561475236967,1116.4861878922125,24.786672313085496,1121.952231283753,6650.579478416964,1.1896190699189901e-11,6650.579478416952,True
S3E,316,12,72,7592.2518057753105,0.0,1745.9820582427687,0.0,1811.8296872629537,9235.60659387273,0.0,9235.60659387273,True
S3E,316,18,108,9971.200316296983,0.0,828.5833454065107,0.0,1559.3997200307003,5521.104983032227,0.0,5521.104983032227,True
S3E,317,6,36,6205.896013470646,52.51609306906039,1.4779288903810084e-12,10.701950566004998,1.854772335718735e-12,0.0,0.0,0.0,False
S3E,317,12,72,7571.949089999999,140.8988885692906,0.0,28.712968771128537,0.0,0.0,0.0,0.0,False
S3E,317,18,108,9530.343461831015,45.54432048610897,234.78700526295847,9.281213394218573,430.57588895169846,1435.2529631720747,0.0,1435.2529631720747,True
S3E,318,6,36,7095.858550929969,0.0,221.73321726080707,0.0,260.751910552269,717.9649152907816,0.0,717.9649152907816,True
S3E,318,12,72,7714.179267411451,144.61280286034048,1.7053025658242404e-13,30.029364988245632,3.3174956115544773e-13,0.0,0.0,0.0,False
S3E,318,18,108,9766.937008364961,381.98564543608245,0.0,75.99157707078186,0.0,0.0,0.0,0.0,False
S3E,319,6,36,9831.115924312,0.0,3952.3865273441625,0.0,4649.003121422228,22422.948167238363,0.0,22422.948167238363,True
S3E,319,12,72,7152.1805476193185,0.0,358.8705779153995,0.0,496.10665937631876,1544.3391714893216,3.1723175197839737e-12,1544.3391714893185,True
S3E,319,18,108,10628.006212740955,0.0,254.10195038365066,0.0,434.16206596524984,1480.158632940856,0.0,1480.158632940856,True
S3E,320,6,36,9852.278569619091,217.5097341761201,6448.954170611543,44.207222148291194,6164.5323883053725,36467.66260934572,1.5068508218973876e-11,36467.66260934571,True
S3E,320,12,72,7023.841536572703,4.547473508864641e-13,31.723123152704602,9.722498361952602e-14,18.36292983694306,0.0,0.0,0.0,False
S3E,320,18,108,10620.191207869366,0.0,345.54187118916667,0.0,404.883593429779,1026.954306253621,0.0,1026.954306253621,True
S3E,321,6,36,9883.472137495228,244.1857349743923,131.08196020494836,49.62891924053339,165.8590615031655,629.9308656301855,0.0,629.9308656301855,True
S3E,321,12,72,5921.6255763211375,0.0,1852.8286313210476,0.0,1795.3578078047817,9033.083989548626,0.0,9033.083989548626,True
S3E,321,18,108,10490.106676674843,45.96310239869922,243.8801069649778,9.341655839266746,471.2129486723337,1701.30762618709,0.0,1701.30762618709,True
S3E,322,6,36,9582.145084060532,0.0,7320.899758291966,0.0,7987.547368004396,39197.122033327105,3.3556943890289407e-12,39197.122033327105,True
S3E,322,12,72,7480.570348603391,0.0,100.09444721333989,0.0,126.40393910561164,651.8513499722714,0.0,651.8513499722714,True
S3E,322,18,108,10785.995337051752,399.7244851208568,6.821210263296962e-13,89.81307326734232,1.285218331759097e-12,0.0,0.0,0.0,False
S3E,323,6,36,9805.78018048817,0.0,2384.0608532653496,0.0,2648.8606992846085,14371.123725709578,0.0,14371.123725709578,True
S3E,323,12,72,6741.555447673491,35.985060434234924,1148.0600362502043,7.313693645312227,1221.1484536683067,6767.584107115631,0.0,6767.584107115631,True
S3E,323,18,108,10538.701300626431,0.0,279.2671984751974,0.0,487.3580880680326,1673.2428391873002,0.0,1673.2428391873002,True
S3E,324,6,36,6336.196054942113,0.0,919.0276192649503,0.0,1049.2902076779824,4922.989052462854,3.1273543754650743e-12,4922.989052462851,True
S3E,324,12,72,7469.569099222016,283.68441553952243,7.389644451905042e-13,57.81040465934087,1.147890316133271e-12,0.0,0.0,0.0,False
S3E,324,18,108,9795.611424763641,65.57536615583103,64.61263744198277,13.363224222040188,118.4931158048522,394.9770526828403,0.0,394.9770526828403,True
S3E,325,6,36,8370.417930500582,0.0,425.68424706037416,0.0,523.7558579470787,1608.8271982410206,1.0077030765387462e-11,1608.8271982410106,True
S3E,325,12,72,7650.623024019103,119.55165916112236,1.3642420526593924e-12,24.362740479260587,1.88256876754167e-12,0.0,0.0,0.0,False
S3E,325,18,108,9690.253849842447,91.86129766190442,110.87718977887005,18.719882021954174,203.33767833546977,677.7922611182349,2.4323867364728356e-12,677.7922611182325,True
S3E,326,6,36,9724.6837569043,0.0,5467.275981590739,0.0,6323.265555064289,29018.191227062496,6.344635039567947e-12,29018.19122706249,True
S3E,326,12,72,6980.128564759457,129.033750708875,7.673861546209082e-13,26.225142078448528,1.1834245583486336e-12,0.0,0.0,0.0,False
S3E,326,18,108,10775.12516257434,320.37588582844796,0.0,67.19416634058159,0.0,0.0,0.0,0.0,False
S3E,327,6,36,9818.925537465613,0.0,2295.9455725076386,0.0,2476.1249810710583,13217.064333583072,0.0,13217.064333583072,True
S3E,327,12,72,6614.302422685509,111.5070600772242,0.0,22.662973657745255,0.0,0.0,0.0,0.0,False
S3E,327,18,108,10273.18160032386,239.09114495213953,291.94910725499733,48.59348202793523,564.089467582743,2036.6369722108514,0.0,2036.6369722108514,True
S3E,328,6,36,10420.430688117282,121.3895055177968,0.0,24.67150657520082,0.0,0.0,0.0,0.0,False
S3E,328,12,72,7803.064440447531,0.0,393.8485595090176,0.0,545.5848605924778,1746.3346352548374,0.0,1746.3346352548374,True
S3E,328,18,108,10789.3386087742,471.5784935450123,0.0,108.04895532954254,0.0,0.0,0.0,0.0,False
S3E,329,6,36,9888.762092592593,38.86446694839037,1598.3043358328873,7.8989114237593565,1933.4506602021463,8378.1900344352,0.0,8378.1900344352,True
S3E,329,12,72,7044.067356990207,0.0,149.17881567399536,0.0,177.34532864217954,552.8652550459415,0.0,552.8652550459415,True
S3E,329,18,108,10800.0,533.8196431257577,0.0,126.70451012496298,0.0,0.0,0.0,0.0,False
S3E,330,6,36,9880.288305555554,0.0,3496.533859304235,0.0,3936.3508978313507,19494.278344821396,0.0,19494.278344821396,True
S3E,330,12,72,7989.566721595741,88.30701082140013,91.09382623380122,17.947737646870202,105.27215219370058,635.4705318019446,4.7584762796759606e-11,635.470531801897,True
S3E,330,18,108,10562.356925802773,128.8344189813788,48.41699726832965,26.18462939981419,93.54890127200314,337.75697294385793,0.0,337.75697294385793,True
S3E,331,6,36,7272.062388904316,0.0,1181.0616837618047,0.0,1125.2586647884332,6213.722467565978,0.0,6213.722467565978,True
S3E,331,12,72,6191.251290264224,15.362403342879702,1.1368683772161603e-13,3.130615237705921,2.2984067982179113e-13,0.0,0.0,0.0,False
S3E,331,18,108,9797.281970161519,49.95316046325911,4.0259497552481776,10.179665368299634,7.383189256149632,24.610630853829328,0.0,24.610630853829328,True
S3E,332,6,36,10223.067793518521,59.201886888384706,0.0,12.293483247683412,0.0,0.0,0.0,0.0,False
S3E,332,12,72,8937.323961435184,23.307297701595417,5.684341886080802e-14,4.839843608085227,1.0498695246496937e-13,0.0,0.0,0.0,False
S3E,332,18,108,9829.394858024692,406.42554950473937,2.2737367544323206e-13,80.56414334102064,3.3666083254502155e-13,0.0,0.0,0.0,False
S3E,333,6,36,9919.373584212963,0.0,3748.607418873087,0.0,4302.0655510498855,22056.172098406852,0.0,22056.172098406852,True
S3E,333,12,72,6520.06606,80.70535622853549,0.0,16.40275836327814,0.0,0.0,0.0,0.0,False
S3E,333,18,108,10800.0,339.17238650272077,0.0,80.5041021497555,0.0,0.0,0.0,0.0,False
S3E,334,6,36,8130.563984814813,0.0,11660.901233490531,0.0,15004.327332301598,58854.69194340259,1.3982059954287252e-13,58854.69194340259,True
S3E,334,12,72,6420.891389793132,142.72536646511253,0.0,29.007860293785633,0.0,0.0,0.0,0.0,False
S3E,334,18,108,10800.0,3231.9604270985656,9.094947017729282e-13,812.5084095014697,5.959009286016226e-13,0.0,0.0,0.0,False
S3E,335,6,36,8196.500685185187,0.0,10495.1166011376,0.0,14001.774726033944,51445.93916644594,0.0,51445.93916644594,True
S3E,335,12,72,6510.398189124677,220.01626099851273,2.2737367544323206e-13,44.716654925990234,3.1960780688677916e-13,0.0,0.0,0.0,False
S3E,335,18,108,10800.0,2722.0519103340885,3.410605131648481e-13,681.6566500030754,5.266997504804749e-13,0.0,0.0,0.0,False
S3E,336,6,36,7517.74878240741,0.0,17471.081660908632,0.0,20526.358134076403,91763.17791275712,0.0,91763.17791275712,True
S3E,336,12,72,6539.6251144780645,19.514422492743165,385.94315836072076,3.966160013481571,458.0681258378282,2427.5414536909148,0.0,2427.5414536909148,True
S3E,336,18,108,10800.0,2690.4500759504244,0.0,674.6826091953744,0.0,0.0,0.0,0.0,False
S3E,337,6,36,7323.804810370369,0.0,9920.272489767303,0.0,13316.587909788515,46417.68859010268,3.101064294241951e-12,46417.68859010268,True
S3E,337,12,72,5855.00759447705,39.65972286092017,0.0,8.060541223561486,0.0,0.0,0.0,0.0,False
S3E,337,18,108,10800.0,2385.8322203069024,0.0,595.8111564617658,0.0,0.0,0.0,0.0,False
S3E,338,6,36,7620.592419027776,0.0,11683.968774840365,0.0,11523.501209301869,61122.169752507194,0.0,61122.169752507194,True
S3E,338,12,72,7048.0347713079445,0.0,520.8609076033699,0.0,641.5179826176934,3018.079007240752,0.0,3018.079007240752,True
S3E,338,18,108,10734.449548299493,2467.967233990814,0.0,497.15159070189793,0.0,0.0,0.0,0.0,False
S3E,339,6,36,7211.709648148148,0.0,10474.687659124367,0.0,11219.95741884837,53213.10221943163,4.983127244173602e-12,53213.102219431625,True
S3E,339,12,72,6022.870293431076,0.0,914.88707325396,0.0,1047.7105955485335,4961.523677678276,0.0,4961.523677678276,True
S3E,339,18,108,10800.0,2944.1591655260954,1.7053025658242404e-13,596.9324888815429,3.183885155522148e-13,0.0,0.0,0.0,False
S3E,340,6,36,8282.97917592593,0.0,7576.342060004126,0.0,10227.323350292243,35451.4158131641,0.0,35451.4158131641,True
S3E,340,12,72,6480.19724625,0.0,432.6287841332777,0.0,510.60338150269325,2516.324265047581,0.0,2516.324265047581,True
S3E,340,18,108,10800.0,2680.036917378079,0.0,670.9388426309689,0.0,0.0,0.0,0.0,False
S3E,341,6,36,8929.337666666663,0.0,10743.252666703782,0.0,13203.129081290845,56137.45458245117,7.930793799459934e-13,56137.45458245117,True
S3E,341,12,72,7398.786527536637,306.0882843163838,3.410605131648481e-13,62.210148125172616,5.761194188380614e-13,0.0,0.0,0.0,False
S3E,341,18,108,10800.0,2442.9091986291987,2.2737367544323206e-13,610.2952826628627,3.7206291381153277e-13,0.0,0.0,0.0,False
S3E,342,6,36,9524.350926084717,0.0,4619.027587793962,0.0,6067.670169807862,23051.33242530401,8.389235972572352e-13,23051.33242530401,True
S3E,342,12,72,6674.3158939649065,114.1155173593304,0.0,23.193123036903707,0.0,0.0,0.0,0.0,False
S3E,342,18,108,10800.0,1230.6185023066491,0.0,292.0928753623017,0.0,0.0,0.0,0.0,False
S3E,343,6,36,8551.432393673895,0.0,10195.813523865898,0.0,12049.74063414392,52658.1899847963,1.0076234957523411e-11,52658.18998479629,True
S3E,343,12,72,6444.557441947456,273.3824297865374,0.0,55.562928485890346,0.0,0.0,0.0,0.0,False
S3E,343,18,108,10800.0,1585.6806884213117,0.0,377.43991555889795,0.0,0.0,0.0,0.0,False
S3E,344,6,36,9947.629597352905,0.0,2894.4873367372,0.0,3984.8283183632134,13627.44315153664,0.0,13627.44315153664,True
S3E,344,12,72,6665.463554903656,0.0,237.5629601210897,0.0,326.46542504656156,1192.2262790253537,3.9653968997299674e-12,1192.2262790253499,True
S3E,344,18,108,10800.0,1328.860350445633,0.0,315.41102298484736,0.0,0.0,0.0,0.0,False
S3E,345,6,36,9078.847339332982,0.0,8226.271279024892,0.0,7643.983157466992,43368.130915787915,3.4116220959390377e-13,43368.130915787915,True
S3E,345,12,72,7392.756772832053,0.0,999.2730312452403,0.0,1212.6476716247246,5621.850185935453,0.0,5621.850185935453,True
S3E,345,18,108,10313.124074074074,2226.6883626742874,0.0,447.1316783277175,0.0,0.0,0.0,0.0,False
S3E,346,6,36,9294.71680621212,0.0,5746.435273468338,0.0,6011.37308894592,31228.501156349117,0.0,31228.501156349117,True
S3E,346,12,72,6922.497456818182,211.04318584455677,1.5916157281026244e-12,43.007269014291744,2.6174859613092853e-12,0.0,0.0,0.0,False
S3E,346,18,108,10309.905555555555,1405.5697202685046,0.0,278.2967597503952,0.0,0.0,0.0,0.0,False
S3E,347,6,36,9524.425708097642,0.0,7202.64536063959,0.0,8205.8256030883,38065.5637555874,0.0,38065.5637555874,True
S3E,347,12,72,6401.110010172683,0.0,697.2774053211853,0.0,849.2129423176609,3985.0524908310513,0.0,3985.0524908310513,True
S3E,347,18,108,10800.0,868.7357026817014,0.0,206.1983537957228,0.0,0.0,0.0,0.0,False
S3E,348,6,36,10800.0,342.4806890672637,4158.29462151382,69.60663144775347,4198.489291712387,22549.44482541011,2.6171619538217783e-11,22549.444825410086,True
S3E,348,12,72,6400.814158566828,0.0,447.3976413670762,0.0,419.71118537775317,1684.3493669817215,0.0,1684.3493669817215,True
S3E,348,18,108,10218.705852029072,0.0,974.2607263471957,0.0,1506.3038047108607,4813.164939457927,0.0,4813.164939457927,True
S3E,349,6,36,10742.494539898991,14.749627810806942,69.31392383390494,2.9977512304018616,92.4618944499298,317.1624768778328,0.0,317.1624768778328,True
S3E,349,12,72,6392.8371417174185,0.0,1362.4348683778953,0.0,1786.1707693415965,6365.477816878403,4.758476279675961e-12,6365.477816878399,True
S3E,349,18,108,10800.0,1120.360868989095,0.0,265.922726704532,0.0,0.0,0.0,0.0,False
S3E,350,6,36,10547.529266554433,0.0,679.255430546837,0.0,934.578164822896,3189.216237141539,0.0,3189.216237141539,True
S3E,350,12,72,7642.889838981482,368.5524155332739,0.0,74.90551431402143,0.0,0.0,0.0,0.0,False
S3E,350,18,108,10800.0,551.6465194854053,0.0,130.93579997218876,0.0,0.0,0.0,0.0,False
S3E,351,6,36,10469.37473164983,0.0,3517.1743897788774,0.0,4089.3507113118008,19960.83113380259,3.1723175197839737e-12,19960.831133802585,True
S3E,351,12,72,6808.82865079582,0.0,26.098418012794582,0.0,36.19680635187653,117.7157005668326,0.0,117.7157005668326,True
S3E,351,18,108,10800.0,705.9634108967026,0.0,167.56361309608525,0.0,0.0,0.0,0.0,False
S3E,352,6,36,10163.08265993266,76.7461278174901,3277.8191896155795,15.639649068239603,2351.9945648165667,17789.11263622097,8.339611667906865e-11,17789.112636220885,True
S3E,352,12,72,6922.036729809055,155.1788482854842,2.091837814077735e-11,31.62299908824125,3.0880428880664116e-11,0.0,0.0,0.0,False
S3E,352,18,108,9658.980783619529,3.410605131648481e-13,442.49651632357717,2.2729693682776997e-13,619.5345108968771,1762.6710378145822,0.0,1762.6710378145822,True
S3E,353,6,36,10205.281883267653,158.30985734712152,5.115907697472721e-13,32.26104929801689,7.439979299306287e-13,0.0,0.0,0.0,False
S3E,353,12,72,6586.484207218271,143.2637496267667,2.0463630789890885e-12,29.194890114730995,3.37830670105177e-12,0.0,0.0,0.0,False
S3E,353,18,108,9758.081888888888,0.0,306.3035962466051,0.0,451.0963903742059,1339.0045139399417,0.0,1339.0045139399417,True
S3E,354,6,36,10554.358525988135,0.0,796.1345671666795,0.0,1020.9160939251265,4378.109495358826,1.5068508218973876e-11,4378.109495358811,True
S3E,354,12,72,6355.409951758287,127.33705605803493,900.848185404013,25.88030161588433,1020.8127943498669,5473.94051854501,0.0,5473.94051854501,True
S3E,354,18,108,10800.0,746.8091221226218,0.0,181.6022530451813,0.0,0.0,0.0,0.0,False
S3E,355,6,36,10426.076996161624,0.0,1404.1761535073933,0.0,1457.5546507390789,7281.06664402353,0.0,7281.06664402353,True
S3E,355,12,72,6648.721942817168,161.6518804873283,236.84930126522136,32.854532319946046,180.30183363859888,1338.3311877572285,3.410241333767772e-11,1338.3311877571944,True
S3E,355,18,108,10384.462413427753,0.0,467.46177638793574,0.0,739.6502434283267,2403.239793923282,5.551555659621954e-12,2403.2397939232765,True
S3E,356,6,36,10800.0,312.76738617943715,0.0,63.5676254855745,0.0,0.0,0.0,0.0,False
S3E,356,12,72,7960.704134814816,286.71971328217614,0.0,58.273631326752714,0.0,0.0,0.0,0.0,False
S3E,356,18,108,10586.58788519641,0.0,268.7269340538949,0.0,475.37573185518926,1648.8902754594474,3.9653968997299674e-12,1648.8902754594435,True
S3E,357,6,36,10800.0,312.7358077477727,0.0,63.56120740617673,0.0,0.0,0.0,0.0,False
S3E,357,12,72,6878.601954102135,39.25093000052914,0.0,7.977457140632634,0.0,0.0,0.0,0.0,False
S3E,357,18,108,10697.231139315378,0.0,183.99166964065137,0.0,298.4350201681304,1014.063098053351,0.0,1014.063098053351,True
S3E,358,6,36,10680.768452126822,60.8060732084773,742.9384402656144,12.358378334072965,568.9359280844953,4116.578165288725,4.917092155665159e-11,4116.578165288676,True
S3E,358,12,72,6037.697270312127,130.2965746820572,2052.257024897008,26.481801579821223,2260.3455949517506,12486.351453092924,0.0,12486.351453092924,True
S3E,358,18,108,10657.30258539782,0.0,451.9365418489682,0.0,543.7581197127558,1429.6464408753936,3.9653968997299674e-12,1429.6464408753898,True
S3E,359,6,36,10085.382637255889,108.3939392248551,590.9819742622544,22.08897333080585,428.24564617192897,2910.0022340691303,0.0,2910.0022340691303,True
S3E,359,12,72,5505.724748295211,0.0,1426.934232319401,0.0,1255.738231791125,7061.153250829057,1.0424514584883581e-12,7061.153250829056,True
S3E,359,18,108,9492.60527000636,116.94159613798683,266.5453117141882,23.83085084666712,488.8174471526478,1629.391490508815,0.0,1629.391490508815,True
S3E,360,6,36,10123.21358960157,122.12053257516726,35.70602029345275,24.886236319883814,24.94813404378221,176.79943066364729,4.1698058339534324e-12,176.7994306636431,True
S3E,360,12,72,5860.489078283753,145.1295086898785,371.32580200531874,29.575102352439202,315.6028511134826,1883.0859287784272,0.0,1883.0859287784272,True
S3E,360,18,108,9082.829946227695,0.0,1547.8623648138873,0.0,2217.7851867629083,6744.75541918799,0.0,6744.75541918799,True
S3E,361,6,36,10583.713239786757,301.6682987340871,5.809656593936637,61.31181920546273,6.962873427833296,23.209578092784607,6.081739556407229e-12,23.209578092778525,False
S3E,361,12,72,6027.777632272727,141.35374697198267,0.0,28.729088918953206,0.0,0.0,0.0,0.0,False
S3E,361,18,108,10580.329280030865,0.0,490.9381743855882,0.0,780.8445972043568,2561.2212423317787,0.0,2561.2212423317787,True
S3E,362,6,36,10773.728103423116,248.3683019008207,1793.1987321993129,50.47899459908605,1576.9789397364389,9866.562323834274,3.731599917955464e-12,9866.56232383427,True
S3E,362,12,72,6484.016763459889,251.07421184533518,0.0,51.02895050096894,0.0,0.0,0.0,0.0,False
S3E,362,18,108,10604.040172879824,0.0,48.158515246023285,0.0,46.1591533584733,94.24325377579245,0.0,94.24325377579245,True
S3E,363,6,36,10785.840178613918,0.0,1601.1919753390882,0.0,2000.4768005999622,8768.158721400312,0.0,8768.158721400312,True
S3E,363,12,72,6247.284521167856,173.88808026115294,0.0,35.34144815247745,0.0,0.0,0.0,0.0,False
S3E,363,18,108,10800.0,634.4547482909319,0.0,150.5907081424538,0.0,0.0,0.0,0.0,False
S3E,364,6,36,10788.580583613917,231.85646732118528,0.0,47.1230880595261,0.0,0.0,0.0,0.0,False
S3E,364,12,72,6819.380334298543,123.39305122986684,332.6119327694603,25.07871221458748,398.82834323207214,2209.243403214297,4.203320713713765e-11,2209.243403214255,True
S3E,364,18,108,10649.859082165942,0.0,258.98843682073914,0.0,336.9587585224809,944.5335215593232,0.0,944.5335215593232,True
